==========================================
EXTENDED A2C Training: single3
Peptides: jurand-4
Host: szary
GPU:  NVIDIA RTX 5000 Ada Generation
Started: Thu Mar 12 06:32:07 PM CET 2026
n_episodes=2000, max_steps=30
==========================================
--- Starting peptide: jurand-4 at Thu Mar 12 06:32:07 PM CET 2026 ---

======================================================================
  SEED: 'jurand-4'  →  'KYCRRFRWLTFRWL'
======================================================================
Loading models …
Encoding start peptide: 'KYCRRFRWLTFRWL'
Start score (mean log2 MIC over E.coli): 2.8791
Ep   1/2000  reward=+0.2351 log2  ep_best=2.6440 log2 ('WYCRRFRWLKFRWL')  global_best=2.6440 log2  τ=2.00  β=0.100
Ep   2/2000  reward=+0.2230 log2  ep_best=2.6562 log2 ('KRCRRFRWLKFRWL')  global_best=2.6440 log2  τ=2.00  β=0.100
Ep   3/2000  reward=+0.0000 log2  ep_best=2.8791 log2 ('KYCRRFRWLTFRWL')  global_best=2.6440 log2  τ=2.00  β=0.100
Ep   4/2000  reward=+0.7548 log2  ep_best=2.1244 log2 ('KYCRRFRWLKFRWL')  global_best=2.1244 log2  τ=2.00  β=0.100
Ep   5/2000  reward=+0.0290 log2  ep_best=2.8502 log2 ('WRCRRFRWKWVRWL')  global_best=2.1244 log2  τ=2.00  β=0.100
Ep   6/2000  reward=+0.2230 log2  ep_best=2.6562 log2 ('KRCRRFRWLKFRWL')  global_best=2.1244 log2  τ=2.00  β=0.100
Ep   7/2000  reward=+0.0000 log2  ep_best=2.8791 log2 ('KYCRRFRWLTFRWL')  global_best=2.1244 log2  τ=1.99  β=0.100
Ep   8/2000  reward=+0.0000 log2  ep_best=2.8791 log2 ('KYCRRFRWLTFRWL')  global_best=2.1244 log2  τ=1.99  β=0.100
Ep   9/2000  reward=+0.1595 log2  ep_best=2.7197 log2 ('WRCRRFRWLKFRWL')  global_best=2.1244 log2  τ=1.99  β=0.100
Ep  10/2000  reward=+0.0196 log2  ep_best=2.8595 log2 ('KYCRRFRWLFFRWL')  global_best=2.1244 log2  τ=1.99  β=0.100
Ep  11/2000  reward=+0.0196 log2  ep_best=2.8595 log2 ('KYCRRFRWLFFRWL')  global_best=2.1244 log2  τ=1.99  β=0.100
Ep  12/2000  reward=+0.0183 log2  ep_best=2.8609 log2 ('KYCRRFRWLHFRWL')  global_best=2.1244 log2  τ=1.99  β=0.100
Ep  13/2000  reward=+0.0000 log2  ep_best=2.8791 log2 ('KYCRRFRWLTFRWL')  global_best=2.1244 log2  τ=1.99  β=0.099
Ep  14/2000  reward=+0.0196 log2  ep_best=2.8595 log2 ('KYCRRFRWLFFRWL')  global_best=2.1244 log2  τ=1.99  β=0.099
Ep  15/2000  reward=+0.1595 log2  ep_best=2.7197 log2 ('WRCRRFRWLKFRWL')  global_best=2.1244 log2  τ=1.99  β=0.099
Ep  16/2000  reward=+0.0000 log2  ep_best=2.8791 log2 ('KYCRRFRWLTFRWL')  global_best=2.1244 log2  τ=1.99  β=0.099
Ep  17/2000  reward=+0.0000 log2  ep_best=2.8791 log2 ('KYCRRFRWLTFRWL')  global_best=2.1244 log2  τ=1.99  β=0.099
Ep  18/2000  reward=+0.1139 log2  ep_best=2.7653 log2 ('KRCRRFRWLYFRWL')  global_best=2.1244 log2  τ=1.98  β=0.099
Ep  19/2000  reward=+0.0000 log2  ep_best=2.8791 log2 ('KYCRRFRWLTFRWL')  global_best=2.1244 log2  τ=1.98  β=0.099
Ep  20/2000  reward=+0.3978 log2  ep_best=2.4813 log2 ('KYCRRFRWKWVRWL')  global_best=2.1244 log2  τ=1.98  β=0.099
Ep  21/2000  reward=+0.0000 log2  ep_best=2.8791 log2 ('KYCRRFRWLTFRWL')  global_best=2.1244 log2  τ=1.98  β=0.099
Ep  22/2000  reward=+0.0000 log2  ep_best=2.8791 log2 ('KYCRRFRWLTFRWL')  global_best=2.1244 log2  τ=1.98  β=0.099
Ep  23/2000  reward=+0.0308 log2  ep_best=2.8483 log2 ('KYCRRFRWLYFRWL')  global_best=2.1244 log2  τ=1.98  β=0.099
Ep  24/2000  reward=+0.0183 log2  ep_best=2.8609 log2 ('KYCRRFRWLHFRWL')  global_best=2.1244 log2  τ=1.98  β=0.099
Ep  25/2000  reward=+0.0000 log2  ep_best=2.8791 log2 ('KYCRRFRWLTFRWL')  global_best=2.1244 log2  τ=1.98  β=0.099
Ep  26/2000  reward=+0.0000 log2  ep_best=2.8791 log2 ('KYCRRFRWLTFRWL')  global_best=2.1244 log2  τ=1.98  β=0.099
Ep  27/2000  reward=+0.0183 log2  ep_best=2.8609 log2 ('KYCRRFRWLHFRWL')  global_best=2.1244 log2  τ=1.98  β=0.099
Ep  28/2000  reward=+0.0196 log2  ep_best=2.8595 log2 ('KYCRRFRWLFFRWL')  global_best=2.1244 log2  τ=1.98  β=0.099
Ep  29/2000  reward=+0.0183 log2  ep_best=2.8609 log2 ('KYCRRFRWLHFRWL')  global_best=2.1244 log2  τ=1.97  β=0.099
Ep  30/2000  reward=+0.0000 log2  ep_best=2.8791 log2 ('KYCRRFRWLTFRWL')  global_best=2.1244 log2  τ=1.97  β=0.099
Ep  31/2000  reward=+0.0183 log2  ep_best=2.8609 log2 ('KYCRRFRWLHFRWL')  global_best=2.1244 log2  τ=1.97  β=0.099
Ep  32/2000  reward=+0.0000 log2  ep_best=2.8791 log2 ('KYCRRFRWLTFRWL')  global_best=2.1244 log2  τ=1.97  β=0.099
Ep  33/2000  reward=+0.7548 log2  ep_best=2.1244 log2 ('KYCRRFRWLKFRWL')  global_best=2.1244 log2  τ=1.97  β=0.099
Ep  34/2000  reward=+0.0000 log2  ep_best=2.8791 log2 ('KYCRRFRWLTFRWL')  global_best=2.1244 log2  τ=1.97  β=0.099
Ep  35/2000  reward=+0.0196 log2  ep_best=2.8595 log2 ('KYCRRFRWLFFRWL')  global_best=2.1244 log2  τ=1.97  β=0.098
Ep  36/2000  reward=+0.0000 log2  ep_best=2.8791 log2 ('KYCRRFRWLTFRWL')  global_best=2.1244 log2  τ=1.97  β=0.098
Ep  37/2000  reward=+0.0000 log2  ep_best=2.8791 log2 ('KYCRRFRWLTFRWL')  global_best=2.1244 log2  τ=1.97  β=0.098
Ep  38/2000  reward=+0.4363 log2  ep_best=2.4429 log2 ('KRFRRFRWLKFRWL')  global_best=2.1244 log2  τ=1.97  β=0.098
Ep  39/2000  reward=+0.0000 log2  ep_best=2.8791 log2 ('KYCRRFRWLTFRWL')  global_best=2.1244 log2  τ=1.97  β=0.098
Ep  40/2000  reward=+0.0000 log2  ep_best=2.8791 log2 ('KYCRRFRWLTFRWL')  global_best=2.1244 log2  τ=1.96  β=0.098
Ep  41/2000  reward=+0.0183 log2  ep_best=2.8609 log2 ('KYCRRFRWLHFRWL')  global_best=2.1244 log2  τ=1.96  β=0.098
Ep  42/2000  reward=+0.0000 log2  ep_best=2.8791 log2 ('KYCRRFRWLTFRWL')  global_best=2.1244 log2  τ=1.96  β=0.098
Ep  43/2000  reward=+0.0000 log2  ep_best=2.8791 log2 ('KYCRRFRWLTFRWL')  global_best=2.1244 log2  τ=1.96  β=0.098
Ep  44/2000  reward=+0.0183 log2  ep_best=2.8609 log2 ('KYCRRFRWLHFRWL')  global_best=2.1244 log2  τ=1.96  β=0.098
Ep  45/2000  reward=+0.0000 log2  ep_best=2.8791 log2 ('KYCRRFRWLTFRWL')  global_best=2.1244 log2  τ=1.96  β=0.098
Ep  46/2000  reward=+0.0000 log2  ep_best=2.8791 log2 ('KYCRRFRWLTFRWL')  global_best=2.1244 log2  τ=1.96  β=0.098
Ep  47/2000  reward=+0.0308 log2  ep_best=2.8483 log2 ('KYCRRFRWLYFRWL')  global_best=2.1244 log2  τ=1.96  β=0.098
Ep  48/2000  reward=+0.0000 log2  ep_best=2.8791 log2 ('KYCRRFRWLTFRWL')  global_best=2.1244 log2  τ=1.96  β=0.098
Ep  49/2000  reward=+0.2230 log2  ep_best=2.6562 log2 ('KRCRRFRWLKFRWL')  global_best=2.1244 log2  τ=1.96  β=0.098
Ep  50/2000  reward=+0.0712 log2  ep_best=2.8079 log2 ('WRCRRFRWKYVRWL')  global_best=2.1244 log2  τ=1.96  β=0.098
Ep  51/2000  reward=+0.0000 log2  ep_best=2.8791 log2 ('KYCRRFRWLTFRWL')  global_best=2.1244 log2  τ=1.95  β=0.098
Ep  52/2000  reward=+0.0000 log2  ep_best=2.8791 log2 ('KYCRRFRWLTFRWL')  global_best=2.1244 log2  τ=1.95  β=0.098
Ep  53/2000  reward=+0.0000 log2  ep_best=2.8791 log2 ('KYCRRFRWLTFRWL')  global_best=2.1244 log2  τ=1.95  β=0.098
Ep  54/2000  reward=+0.0196 log2  ep_best=2.8595 log2 ('KYCRRFRWLFFRWL')  global_best=2.1244 log2  τ=1.95  β=0.098
Ep  55/2000  reward=+0.4363 log2  ep_best=2.4429 log2 ('KRFRRFRWLKFRWL')  global_best=2.1244 log2  τ=1.95  β=0.098
Ep  56/2000  reward=+0.0000 log2  ep_best=2.8791 log2 ('KYCRRFRWLTFRWL')  global_best=2.1244 log2  τ=1.95  β=0.098
Ep  57/2000  reward=+0.2230 log2  ep_best=2.6562 log2 ('KRCRRFRWLKFRWL')  global_best=2.1244 log2  τ=1.95  β=0.097
Ep  58/2000  reward=+0.0183 log2  ep_best=2.8609 log2 ('KYCRRFRWLHFRWL')  global_best=2.1244 log2  τ=1.95  β=0.097
Ep  59/2000  reward=+0.7548 log2  ep_best=2.1244 log2 ('KYCRRFRWLKFRWL')  global_best=2.1244 log2  τ=1.95  β=0.097
Ep  60/2000  reward=+0.0000 log2  ep_best=2.8791 log2 ('KYCRRFRWLTFRWL')  global_best=2.1244 log2  τ=1.95  β=0.097
Ep  61/2000  reward=+0.0308 log2  ep_best=2.8483 log2 ('KYCRRFRWLYFRWL')  global_best=2.1244 log2  τ=1.95  β=0.097
Ep  62/2000  reward=+0.0183 log2  ep_best=2.8609 log2 ('KYCRRFRWLHFRWL')  global_best=2.1244 log2  τ=1.95  β=0.097
Ep  63/2000  reward=+0.1093 log2  ep_best=2.7699 log2 ('KRCRRFRWLLFRWL')  global_best=2.1244 log2  τ=1.94  β=0.097
Ep  64/2000  reward=+0.0000 log2  ep_best=2.8791 log2 ('KYCRRFRWLTFRWL')  global_best=2.1244 log2  τ=1.94  β=0.097
Ep  65/2000  reward=+0.2230 log2  ep_best=2.6562 log2 ('KRCRRFRWLKFRWL')  global_best=2.1244 log2  τ=1.94  β=0.097
Ep  66/2000  reward=+0.0196 log2  ep_best=2.8595 log2 ('KYCRRFRWLFFRWL')  global_best=2.1244 log2  τ=1.94  β=0.097
Ep  67/2000  reward=+0.0000 log2  ep_best=2.8791 log2 ('KYCRRFRWLTFRWL')  global_best=2.1244 log2  τ=1.94  β=0.097
Ep  68/2000  reward=+0.0308 log2  ep_best=2.8483 log2 ('KYCRRFRWLYFRWL')  global_best=2.1244 log2  τ=1.94  β=0.097
Ep  69/2000  reward=+0.0000 log2  ep_best=2.8791 log2 ('KYCRRFRWLTFRWL')  global_best=2.1244 log2  τ=1.94  β=0.097
Ep  70/2000  reward=+0.0183 log2  ep_best=2.8609 log2 ('KYCRRFRWLHFRWL')  global_best=2.1244 log2  τ=1.94  β=0.097
Ep  71/2000  reward=+0.0196 log2  ep_best=2.8595 log2 ('KYCRRFRWLFFRWL')  global_best=2.1244 log2  τ=1.94  β=0.097
Ep  72/2000  reward=+0.0183 log2  ep_best=2.8609 log2 ('KYCRRFRWLHFRWL')  global_best=2.1244 log2  τ=1.94  β=0.097
Ep  73/2000  reward=+0.7548 log2  ep_best=2.1244 log2 ('KYCRRFRWLKFRWL')  global_best=2.1244 log2  τ=1.94  β=0.097
Ep  74/2000  reward=+0.0000 log2  ep_best=2.8791 log2 ('KYCRRFRWLTFRWL')  global_best=2.1244 log2  τ=1.93  β=0.097
Ep  75/2000  reward=+0.0308 log2  ep_best=2.8483 log2 ('KYCRRFRWLYFRWL')  global_best=2.1244 log2  τ=1.93  β=0.097
Ep  76/2000  reward=+0.0000 log2  ep_best=2.8791 log2 ('KYCRRFRWLTFRWL')  global_best=2.1244 log2  τ=1.93  β=0.097
Ep  77/2000  reward=+0.1139 log2  ep_best=2.7653 log2 ('KRCRRFRWLYFRWL')  global_best=2.1244 log2  τ=1.93  β=0.097
Ep  78/2000  reward=+0.0000 log2  ep_best=2.8791 log2 ('KYCRRFRWLTFRWL')  global_best=2.1244 log2  τ=1.93  β=0.097
Ep  79/2000  reward=+0.0196 log2  ep_best=2.8595 log2 ('KYCRRFRWLFFRWL')  global_best=2.1244 log2  τ=1.93  β=0.096
Ep  80/2000  reward=+0.1139 log2  ep_best=2.7653 log2 ('KRCRRFRWLYFRWL')  global_best=2.1244 log2  τ=1.93  β=0.096
Ep  81/2000  reward=+0.0000 log2  ep_best=2.8791 log2 ('KYCRRFRWLTFRWL')  global_best=2.1244 log2  τ=1.93  β=0.096
Ep  82/2000  reward=+0.0000 log2  ep_best=2.8791 log2 ('KYCRRFRWLTFRWL')  global_best=2.1244 log2  τ=1.93  β=0.096
Ep  83/2000  reward=+0.0000 log2  ep_best=2.8791 log2 ('KYCRRFRWLTFRWL')  global_best=2.1244 log2  τ=1.93  β=0.096
Ep  84/2000  reward=+0.0000 log2  ep_best=2.8791 log2 ('KYCRRFRWLTFRWL')  global_best=2.1244 log2  τ=1.93  β=0.096
Ep  85/2000  reward=+0.0183 log2  ep_best=2.8609 log2 ('KYCRRFRWLHFRWL')  global_best=2.1244 log2  τ=1.92  β=0.096
Ep  86/2000  reward=+0.0000 log2  ep_best=2.8791 log2 ('KYCRRFRWLTFRWL')  global_best=2.1244 log2  τ=1.92  β=0.096
Ep  87/2000  reward=+0.0000 log2  ep_best=2.8791 log2 ('KYCRRFRWLTFRWL')  global_best=2.1244 log2  τ=1.92  β=0.096
Ep  88/2000  reward=+0.0000 log2  ep_best=2.8791 log2 ('KYCRRFRWLTFRWL')  global_best=2.1244 log2  τ=1.92  β=0.096
Ep  89/2000  reward=+0.1093 log2  ep_best=2.7699 log2 ('KRCRRFRWLLFRWL')  global_best=2.1244 log2  τ=1.92  β=0.096
Ep  90/2000  reward=+0.1093 log2  ep_best=2.7699 log2 ('KRCRRFRWLLFRWL')  global_best=2.1244 log2  τ=1.92  β=0.096
Ep  91/2000  reward=+0.0183 log2  ep_best=2.8609 log2 ('KYCRRFRWLHFRWL')  global_best=2.1244 log2  τ=1.92  β=0.096
Ep  92/2000  reward=+0.0183 log2  ep_best=2.8609 log2 ('KYCRRFRWLHFRWL')  global_best=2.1244 log2  τ=1.92  β=0.096
Ep  93/2000  reward=+0.0000 log2  ep_best=2.8791 log2 ('KYCRRFRWLTFRWL')  global_best=2.1244 log2  τ=1.92  β=0.096
Ep  94/2000  reward=+0.0000 log2  ep_best=2.8791 log2 ('KYCRRFRWLTFRWL')  global_best=2.1244 log2  τ=1.92  β=0.096
Ep  95/2000  reward=+0.0000 log2  ep_best=2.8791 log2 ('KYCRRFRWLTFRWL')  global_best=2.1244 log2  τ=1.92  β=0.096
Ep  96/2000  reward=+0.0000 log2  ep_best=2.8791 log2 ('KYCRRFRWLTFRWL')  global_best=2.1244 log2  τ=1.91  β=0.096
Ep  97/2000  reward=+0.0183 log2  ep_best=2.8609 log2 ('KYCRRFRWLHFRWL')  global_best=2.1244 log2  τ=1.91  β=0.096
Ep  98/2000  reward=+0.0712 log2  ep_best=2.8079 log2 ('WRCRRFRWKYVRWL')  global_best=2.1244 log2  τ=1.91  β=0.096
Ep  99/2000  reward=+0.1797 log2  ep_best=2.6994 log2 ('KYCRRFRWLWFRWL')  global_best=2.1244 log2  τ=1.91  β=0.096
Ep 100/2000  reward=+0.0000 log2  ep_best=2.8791 log2 ('KYCRRFRWLTFRWL')  global_best=2.1244 log2  τ=1.91  β=0.096
Ep 101/2000  reward=+0.0000 log2  ep_best=2.8791 log2 ('KYCRRFRWLTFRWL')  global_best=2.1244 log2  τ=1.91  β=0.095
Ep 102/2000  reward=+0.0000 log2  ep_best=2.8791 log2 ('KYCRRFRWLTFRWL')  global_best=2.1244 log2  τ=1.91  β=0.095
Ep 103/2000  reward=+0.0000 log2  ep_best=2.8791 log2 ('KYCRRFRWLTFRWL')  global_best=2.1244 log2  τ=1.91  β=0.095
Ep 104/2000  reward=+0.0000 log2  ep_best=2.8791 log2 ('KYCRRFRWLTFRWL')  global_best=2.1244 log2  τ=1.91  β=0.095
Ep 105/2000  reward=+0.2351 log2  ep_best=2.6440 log2 ('WYCRRFRWLKFRWL')  global_best=2.1244 log2  τ=1.91  β=0.095
Ep 106/2000  reward=+0.0000 log2  ep_best=2.8791 log2 ('KYCRRFRWLTFRWL')  global_best=2.1244 log2  τ=1.91  β=0.095
Ep 107/2000  reward=+0.1093 log2  ep_best=2.7699 log2 ('KRCRRFRWLLFRWL')  global_best=2.1244 log2  τ=1.90  β=0.095
Ep 108/2000  reward=+0.0000 log2  ep_best=2.8791 log2 ('KYCRRFRWLTFRWL')  global_best=2.1244 log2  τ=1.90  β=0.095
Ep 109/2000  reward=+0.1139 log2  ep_best=2.7653 log2 ('KRCRRFRWLYFRWL')  global_best=2.1244 log2  τ=1.90  β=0.095
Ep 110/2000  reward=+0.0183 log2  ep_best=2.8609 log2 ('KYCRRFRWLHFRWL')  global_best=2.1244 log2  τ=1.90  β=0.095
Ep 111/2000  reward=+0.0000 log2  ep_best=2.8791 log2 ('KYCRRFRWLTFRWL')  global_best=2.1244 log2  τ=1.90  β=0.095
Ep 112/2000  reward=+0.7548 log2  ep_best=2.1244 log2 ('KYCRRFRWLKFRWL')  global_best=2.1244 log2  τ=1.90  β=0.095
Ep 113/2000  reward=+0.0000 log2  ep_best=2.8791 log2 ('KYCRRFRWLTFRWL')  global_best=2.1244 log2  τ=1.90  β=0.095
Ep 114/2000  reward=+0.0000 log2  ep_best=2.8791 log2 ('KYCRRFRWLTFRWL')  global_best=2.1244 log2  τ=1.90  β=0.095
Ep 115/2000  reward=+0.0183 log2  ep_best=2.8609 log2 ('KYCRRFRWLHFRWL')  global_best=2.1244 log2  τ=1.90  β=0.095
Ep 116/2000  reward=+0.0000 log2  ep_best=2.8791 log2 ('KYCRRFRWLTFRWL')  global_best=2.1244 log2  τ=1.90  β=0.095
Ep 117/2000  reward=+0.0000 log2  ep_best=2.8791 log2 ('KYCRRFRWLTFRWL')  global_best=2.1244 log2  τ=1.90  β=0.095
Ep 118/2000  reward=+0.0183 log2  ep_best=2.8609 log2 ('KYCRRFRWLHFRWL')  global_best=2.1244 log2  τ=1.89  β=0.095
Ep 119/2000  reward=+0.0000 log2  ep_best=2.8791 log2 ('KYCRRFRWLTFRWL')  global_best=2.1244 log2  τ=1.89  β=0.095
Ep 120/2000  reward=+0.0308 log2  ep_best=2.8483 log2 ('KYCRRFRWLYFRWL')  global_best=2.1244 log2  τ=1.89  β=0.095
Ep 121/2000  reward=+0.0000 log2  ep_best=2.8791 log2 ('KYCRRFRWLTFRWL')  global_best=2.1244 log2  τ=1.89  β=0.095
Ep 122/2000  reward=+0.0000 log2  ep_best=2.8791 log2 ('KYCRRFRWLTFRWL')  global_best=2.1244 log2  τ=1.89  β=0.095
Ep 123/2000  reward=+0.0000 log2  ep_best=2.8791 log2 ('KYCRRFRWLTFRWL')  global_best=2.1244 log2  τ=1.89  β=0.095
Ep 124/2000  reward=+0.0183 log2  ep_best=2.8609 log2 ('KYCRRFRWLHFRWL')  global_best=2.1244 log2  τ=1.89  β=0.094
Ep 125/2000  reward=+0.2230 log2  ep_best=2.6562 log2 ('KRCRRFRWLKFRWL')  global_best=2.1244 log2  τ=1.89  β=0.094
Ep 126/2000  reward=+0.0000 log2  ep_best=2.8791 log2 ('KYCRRFRWLTFRWL')  global_best=2.1244 log2  τ=1.89  β=0.094
Ep 127/2000  reward=+0.0000 log2  ep_best=2.8791 log2 ('KYCRRFRWLTFRWL')  global_best=2.1244 log2  τ=1.89  β=0.094
Ep 128/2000  reward=+0.0000 log2  ep_best=2.8791 log2 ('KYCRRFRWLTFRWL')  global_best=2.1244 log2  τ=1.89  β=0.094
Ep 129/2000  reward=+0.0308 log2  ep_best=2.8483 log2 ('KYCRRFRWLYFRWL')  global_best=2.1244 log2  τ=1.88  β=0.094
Ep 130/2000  reward=+0.0000 log2  ep_best=2.8791 log2 ('KYCRRFRWLTFRWL')  global_best=2.1244 log2  τ=1.88  β=0.094
Ep 131/2000  reward=+0.0183 log2  ep_best=2.8609 log2 ('KYCRRFRWLHFRWL')  global_best=2.1244 log2  τ=1.88  β=0.094
Ep 132/2000  reward=+0.0196 log2  ep_best=2.8595 log2 ('KYCRRFRWLFFRWL')  global_best=2.1244 log2  τ=1.88  β=0.094
Ep 133/2000  reward=+0.0196 log2  ep_best=2.8595 log2 ('KYCRRFRWLFFRWL')  global_best=2.1244 log2  τ=1.88  β=0.094
Ep 134/2000  reward=+0.1093 log2  ep_best=2.7699 log2 ('KRCRRFRWLLFRWL')  global_best=2.1244 log2  τ=1.88  β=0.094
Ep 135/2000  reward=+0.0196 log2  ep_best=2.8595 log2 ('KYCRRFRWLFFRWL')  global_best=2.1244 log2  τ=1.88  β=0.094
Ep 136/2000  reward=+0.2230 log2  ep_best=2.6562 log2 ('KRCRRFRWLKFRWL')  global_best=2.1244 log2  τ=1.88  β=0.094
Ep 137/2000  reward=+0.0000 log2  ep_best=2.8791 log2 ('KYCRRFRWLTFRWL')  global_best=2.1244 log2  τ=1.88  β=0.094
Ep 138/2000  reward=+0.1139 log2  ep_best=2.7653 log2 ('KRCRRFRWLYFRWL')  global_best=2.1244 log2  τ=1.88  β=0.094
Ep 139/2000  reward=+0.0308 log2  ep_best=2.8483 log2 ('KYCRRFRWLYFRWL')  global_best=2.1244 log2  τ=1.88  β=0.094
Ep 140/2000  reward=+0.0000 log2  ep_best=2.8791 log2 ('KYCRRFRWLTFRWL')  global_best=2.1244 log2  τ=1.87  β=0.094
Ep 141/2000  reward=+0.0000 log2  ep_best=2.8791 log2 ('KYCRRFRWLTFRWL')  global_best=2.1244 log2  τ=1.87  β=0.094
Ep 142/2000  reward=+0.0000 log2  ep_best=2.8791 log2 ('KYCRRFRWLTFRWL')  global_best=2.1244 log2  τ=1.87  β=0.094
Ep 143/2000  reward=+0.0000 log2  ep_best=2.8791 log2 ('KYCRRFRWLTFRWL')  global_best=2.1244 log2  τ=1.87  β=0.094
Ep 144/2000  reward=+0.0000 log2  ep_best=2.8791 log2 ('KYCRRFRWLTFRWL')  global_best=2.1244 log2  τ=1.87  β=0.094
Ep 145/2000  reward=+0.0000 log2  ep_best=2.8791 log2 ('KYCRRFRWLTFRWL')  global_best=2.1244 log2  τ=1.87  β=0.094
Ep 146/2000  reward=+0.0000 log2  ep_best=2.8791 log2 ('KYCRRFRWLTFRWL')  global_best=2.1244 log2  τ=1.87  β=0.093
Ep 147/2000  reward=+0.0000 log2  ep_best=2.8791 log2 ('KYCRRFRWLTFRWL')  global_best=2.1244 log2  τ=1.87  β=0.093
Ep 148/2000  reward=+0.0000 log2  ep_best=2.8791 log2 ('KYCRRFRWLTFRWL')  global_best=2.1244 log2  τ=1.87  β=0.093
Ep 149/2000  reward=+0.1093 log2  ep_best=2.7699 log2 ('KRCRRFRWLLFRWL')  global_best=2.1244 log2  τ=1.87  β=0.093
Ep 150/2000  reward=+0.1595 log2  ep_best=2.7197 log2 ('WRCRRFRWLKFRWL')  global_best=2.1244 log2  τ=1.87  β=0.093
Ep 151/2000  reward=+0.0000 log2  ep_best=2.8791 log2 ('KYCRRFRWLTFRWL')  global_best=2.1244 log2  τ=1.86  β=0.093
Ep 152/2000  reward=+0.0000 log2  ep_best=2.8791 log2 ('KYCRRFRWLTFRWL')  global_best=2.1244 log2  τ=1.86  β=0.093
Ep 153/2000  reward=+0.0183 log2  ep_best=2.8609 log2 ('KYCRRFRWLHFRWL')  global_best=2.1244 log2  τ=1.86  β=0.093
Ep 154/2000  reward=+0.0183 log2  ep_best=2.8609 log2 ('KYCRRFRWLHFRWL')  global_best=2.1244 log2  τ=1.86  β=0.093
Ep 155/2000  reward=+0.4363 log2  ep_best=2.4429 log2 ('KRFRRFRWLKFRWL')  global_best=2.1244 log2  τ=1.86  β=0.093
Ep 156/2000  reward=+0.1139 log2  ep_best=2.7653 log2 ('KRCRRFRWLYFRWL')  global_best=2.1244 log2  τ=1.86  β=0.093
Ep 157/2000  reward=+0.0196 log2  ep_best=2.8595 log2 ('KYCRRFRWLFFRWL')  global_best=2.1244 log2  τ=1.86  β=0.093
Ep 158/2000  reward=+0.0183 log2  ep_best=2.8609 log2 ('KYCRRFRWLHFRWL')  global_best=2.1244 log2  τ=1.86  β=0.093
Ep 159/2000  reward=+0.0183 log2  ep_best=2.8609 log2 ('KYCRRFRWLHFRWL')  global_best=2.1244 log2  τ=1.86  β=0.093
Ep 160/2000  reward=+0.0000 log2  ep_best=2.8791 log2 ('KYCRRFRWLTFRWL')  global_best=2.1244 log2  τ=1.86  β=0.093
Ep 161/2000  reward=+0.0196 log2  ep_best=2.8595 log2 ('KYCRRFRWLFFRWL')  global_best=2.1244 log2  τ=1.86  β=0.093
Ep 162/2000  reward=+0.0183 log2  ep_best=2.8609 log2 ('KYCRRFRWLHFRWL')  global_best=2.1244 log2  τ=1.86  β=0.093
Ep 163/2000  reward=+0.0000 log2  ep_best=2.8791 log2 ('KYCRRFRWLTFRWL')  global_best=2.1244 log2  τ=1.85  β=0.093
Ep 164/2000  reward=+0.2230 log2  ep_best=2.6562 log2 ('KRCRRFRWLKFRWL')  global_best=2.1244 log2  τ=1.85  β=0.093
Ep 165/2000  reward=+0.0000 log2  ep_best=2.8791 log2 ('KYCRRFRWLTFRWL')  global_best=2.1244 log2  τ=1.85  β=0.093
Ep 166/2000  reward=+0.0183 log2  ep_best=2.8609 log2 ('KYCRRFRWLHFRWL')  global_best=2.1244 log2  τ=1.85  β=0.093
Ep 167/2000  reward=+0.0196 log2  ep_best=2.8595 log2 ('KYCRRFRWLFFRWL')  global_best=2.1244 log2  τ=1.85  β=0.093
Ep 168/2000  reward=+0.0000 log2  ep_best=2.8791 log2 ('KYCRRFRWLTFRWL')  global_best=2.1244 log2  τ=1.85  β=0.092
Ep 169/2000  reward=+0.0308 log2  ep_best=2.8483 log2 ('KYCRRFRWLYFRWL')  global_best=2.1244 log2  τ=1.85  β=0.092
Ep 170/2000  reward=+0.0000 log2  ep_best=2.8791 log2 ('KYCRRFRWLTFRWL')  global_best=2.1244 log2  τ=1.85  β=0.092
Ep 171/2000  reward=+0.0000 log2  ep_best=2.8791 log2 ('KYCRRFRWLTFRWL')  global_best=2.1244 log2  τ=1.85  β=0.092
Ep 172/2000  reward=+0.0308 log2  ep_best=2.8483 log2 ('KYCRRFRWLYFRWL')  global_best=2.1244 log2  τ=1.85  β=0.092
Ep 173/2000  reward=+0.4363 log2  ep_best=2.4429 log2 ('KRFRRFRWLKFRWL')  global_best=2.1244 log2  τ=1.85  β=0.092
Ep 174/2000  reward=+0.0000 log2  ep_best=2.8791 log2 ('KYCRRFRWLTFRWL')  global_best=2.1244 log2  τ=1.84  β=0.092
Ep 175/2000  reward=+0.0712 log2  ep_best=2.8079 log2 ('WRCRRFRWKYVRWL')  global_best=2.1244 log2  τ=1.84  β=0.092
Ep 176/2000  reward=+0.1139 log2  ep_best=2.7653 log2 ('KRCRRFRWLYFRWL')  global_best=2.1244 log2  τ=1.84  β=0.092
Ep 177/2000  reward=+0.0000 log2  ep_best=2.8791 log2 ('KYCRRFRWLTFRWL')  global_best=2.1244 log2  τ=1.84  β=0.092
Ep 178/2000  reward=+0.0183 log2  ep_best=2.8609 log2 ('KYCRRFRWLHFRWL')  global_best=2.1244 log2  τ=1.84  β=0.092
Ep 179/2000  reward=+0.0000 log2  ep_best=2.8791 log2 ('KYCRRFRWLTFRWL')  global_best=2.1244 log2  τ=1.84  β=0.092
Ep 180/2000  reward=+0.2230 log2  ep_best=2.6562 log2 ('KRCRRFRWLKFRWL')  global_best=2.1244 log2  τ=1.84  β=0.092
Ep 181/2000  reward=+0.1595 log2  ep_best=2.7197 log2 ('WRCRRFRWLKFRWL')  global_best=2.1244 log2  τ=1.84  β=0.092
Ep 182/2000  reward=+0.0000 log2  ep_best=2.8791 log2 ('KYCRRFRWLTFRWL')  global_best=2.1244 log2  τ=1.84  β=0.092
Ep 183/2000  reward=+0.0308 log2  ep_best=2.8483 log2 ('KYCRRFRWLYFRWL')  global_best=2.1244 log2  τ=1.84  β=0.092
Ep 184/2000  reward=+0.0000 log2  ep_best=2.8791 log2 ('KYCRRFRWLTFRWL')  global_best=2.1244 log2  τ=1.84  β=0.092
Ep 185/2000  reward=+0.0196 log2  ep_best=2.8595 log2 ('KYCRRFRWLFFRWL')  global_best=2.1244 log2  τ=1.83  β=0.092
Ep 186/2000  reward=+0.0000 log2  ep_best=2.8791 log2 ('KYCRRFRWLTFRWL')  global_best=2.1244 log2  τ=1.83  β=0.092
Ep 187/2000  reward=+0.2230 log2  ep_best=2.6562 log2 ('KRCRRFRWLKFRWL')  global_best=2.1244 log2  τ=1.83  β=0.092
Ep 188/2000  reward=+0.0000 log2  ep_best=2.8791 log2 ('KYCRRFRWLTFRWL')  global_best=2.1244 log2  τ=1.83  β=0.092
Ep 189/2000  reward=+0.1093 log2  ep_best=2.7699 log2 ('KRCRRFRWLLFRWL')  global_best=2.1244 log2  τ=1.83  β=0.092
Ep 190/2000  reward=+0.1595 log2  ep_best=2.7197 log2 ('WRCRRFRWLKFRWL')  global_best=2.1244 log2  τ=1.83  β=0.091
Ep 191/2000  reward=+0.0712 log2  ep_best=2.8079 log2 ('WRCRRFRWKYVRWL')  global_best=2.1244 log2  τ=1.83  β=0.091
Ep 192/2000  reward=+0.0000 log2  ep_best=2.8791 log2 ('KYCRRFRWLTFRWL')  global_best=2.1244 log2  τ=1.83  β=0.091
Ep 193/2000  reward=+0.0000 log2  ep_best=2.8791 log2 ('KYCRRFRWLTFRWL')  global_best=2.1244 log2  τ=1.83  β=0.091
Ep 194/2000  reward=+0.2230 log2  ep_best=2.6562 log2 ('KRCRRFRWLKFRWL')  global_best=2.1244 log2  τ=1.83  β=0.091
Ep 195/2000  reward=+0.0183 log2  ep_best=2.8609 log2 ('KYCRRFRWLHFRWL')  global_best=2.1244 log2  τ=1.83  β=0.091
Ep 196/2000  reward=+0.0000 log2  ep_best=2.8791 log2 ('KYCRRFRWLTFRWL')  global_best=2.1244 log2  τ=1.82  β=0.091
Ep 197/2000  reward=+0.0000 log2  ep_best=2.8791 log2 ('KYCRRFRWLTFRWL')  global_best=2.1244 log2  τ=1.82  β=0.091
Ep 198/2000  reward=+0.0000 log2  ep_best=2.8791 log2 ('KYCRRFRWLTFRWL')  global_best=2.1244 log2  τ=1.82  β=0.091
Ep 199/2000  reward=+0.0000 log2  ep_best=2.8791 log2 ('KYCRRFRWLTFRWL')  global_best=2.1244 log2  τ=1.82  β=0.091
Ep 200/2000  reward=+0.0000 log2  ep_best=2.8791 log2 ('KYCRRFRWLTFRWL')  global_best=2.1244 log2  τ=1.82  β=0.091
Ep 201/2000  reward=+0.0000 log2  ep_best=2.8791 log2 ('KYCRRFRWLTFRWL')  global_best=2.1244 log2  τ=1.82  β=0.091
Ep 202/2000  reward=+0.0000 log2  ep_best=2.8791 log2 ('KYCRRFRWLTFRWL')  global_best=2.1244 log2  τ=1.82  β=0.091
Ep 203/2000  reward=+0.0196 log2  ep_best=2.8595 log2 ('KYCRRFRWLFFRWL')  global_best=2.1244 log2  τ=1.82  β=0.091
Ep 204/2000  reward=+0.7548 log2  ep_best=2.1244 log2 ('KYCRRFRWLKFRWL')  global_best=2.1244 log2  τ=1.82  β=0.091
Ep 205/2000  reward=+0.0000 log2  ep_best=2.8791 log2 ('KYCRRFRWLTFRWL')  global_best=2.1244 log2  τ=1.82  β=0.091
Ep 206/2000  reward=+0.0000 log2  ep_best=2.8791 log2 ('KYCRRFRWLTFRWL')  global_best=2.1244 log2  τ=1.82  β=0.091
Ep 207/2000  reward=+0.3512 log2  ep_best=2.5279 log2 ('WRFRRFRWLKFRWL')  global_best=2.1244 log2  τ=1.81  β=0.091
Ep 208/2000  reward=+0.0000 log2  ep_best=2.8791 log2 ('KYCRRFRWLTFRWL')  global_best=2.1244 log2  τ=1.81  β=0.091
Ep 209/2000  reward=+0.0000 log2  ep_best=2.8791 log2 ('KYCRRFRWLTFRWL')  global_best=2.1244 log2  τ=1.81  β=0.091
Ep 210/2000  reward=+0.1093 log2  ep_best=2.7699 log2 ('KRCRRFRWLLFRWL')  global_best=2.1244 log2  τ=1.81  β=0.091
Ep 211/2000  reward=+0.2230 log2  ep_best=2.6562 log2 ('KRCRRFRWLKFRWL')  global_best=2.1244 log2  τ=1.81  β=0.091
Ep 212/2000  reward=+0.0000 log2  ep_best=2.8791 log2 ('KYCRRFRWLTFRWL')  global_best=2.1244 log2  τ=1.81  β=0.091
Ep 213/2000  reward=+0.0000 log2  ep_best=2.8791 log2 ('KYCRRFRWLTFRWL')  global_best=2.1244 log2  τ=1.81  β=0.090
Ep 214/2000  reward=+0.0000 log2  ep_best=2.8791 log2 ('KYCRRFRWLTFRWL')  global_best=2.1244 log2  τ=1.81  β=0.090
Ep 215/2000  reward=+0.0000 log2  ep_best=2.8791 log2 ('KYCRRFRWLTFRWL')  global_best=2.1244 log2  τ=1.81  β=0.090
Ep 216/2000  reward=+0.0183 log2  ep_best=2.8609 log2 ('KYCRRFRWLHFRWL')  global_best=2.1244 log2  τ=1.81  β=0.090
Ep 217/2000  reward=+0.0000 log2  ep_best=2.8791 log2 ('KYCRRFRWLTFRWL')  global_best=2.1244 log2  τ=1.81  β=0.090
Ep 218/2000  reward=+0.0000 log2  ep_best=2.8791 log2 ('KYCRRFRWLTFRWL')  global_best=2.1244 log2  τ=1.80  β=0.090
Ep 219/2000  reward=+0.0000 log2  ep_best=2.8791 log2 ('KYCRRFRWLTFRWL')  global_best=2.1244 log2  τ=1.80  β=0.090
Ep 220/2000  reward=+0.0308 log2  ep_best=2.8483 log2 ('KYCRRFRWLYFRWL')  global_best=2.1244 log2  τ=1.80  β=0.090
Ep 221/2000  reward=+0.0000 log2  ep_best=2.8791 log2 ('KYCRRFRWLTFRWL')  global_best=2.1244 log2  τ=1.80  β=0.090
Ep 222/2000  reward=+0.0000 log2  ep_best=2.8791 log2 ('KYCRRFRWLTFRWL')  global_best=2.1244 log2  τ=1.80  β=0.090
Ep 223/2000  reward=+0.1093 log2  ep_best=2.7699 log2 ('KRCRRFRWLLFRWL')  global_best=2.1244 log2  τ=1.80  β=0.090
Ep 224/2000  reward=+0.1595 log2  ep_best=2.7197 log2 ('WRCRRFRWLKFRWL')  global_best=2.1244 log2  τ=1.80  β=0.090
Ep 225/2000  reward=+0.0000 log2  ep_best=2.8791 log2 ('KYCRRFRWLTFRWL')  global_best=2.1244 log2  τ=1.80  β=0.090
Ep 226/2000  reward=+0.0000 log2  ep_best=2.8791 log2 ('KYCRRFRWLTFRWL')  global_best=2.1244 log2  τ=1.80  β=0.090
Ep 227/2000  reward=+0.0000 log2  ep_best=2.8791 log2 ('KYCRRFRWLTFRWL')  global_best=2.1244 log2  τ=1.80  β=0.090
Ep 228/2000  reward=+0.0712 log2  ep_best=2.8079 log2 ('WRCRRFRWKYVRWL')  global_best=2.1244 log2  τ=1.80  β=0.090
Ep 229/2000  reward=+0.0712 log2  ep_best=2.8079 log2 ('WRCRRFRWKYVRWL')  global_best=2.1244 log2  τ=1.79  β=0.090
Ep 230/2000  reward=+0.0000 log2  ep_best=2.8791 log2 ('KYCRRFRWLTFRWL')  global_best=2.1244 log2  τ=1.79  β=0.090
Ep 231/2000  reward=+0.1139 log2  ep_best=2.7653 log2 ('KRCRRFRWLYFRWL')  global_best=2.1244 log2  τ=1.79  β=0.090
Ep 232/2000  reward=+0.0000 log2  ep_best=2.8791 log2 ('KYCRRFRWLTFRWL')  global_best=2.1244 log2  τ=1.79  β=0.090
Ep 233/2000  reward=+0.0000 log2  ep_best=2.8791 log2 ('KYCRRFRWLTFRWL')  global_best=2.1244 log2  τ=1.79  β=0.090
Ep 234/2000  reward=+0.0000 log2  ep_best=2.8791 log2 ('KYCRRFRWLTFRWL')  global_best=2.1244 log2  τ=1.79  β=0.090
Ep 235/2000  reward=+0.0183 log2  ep_best=2.8609 log2 ('KYCRRFRWLHFRWL')  global_best=2.1244 log2  τ=1.79  β=0.089
Ep 236/2000  reward=+0.0183 log2  ep_best=2.8609 log2 ('KYCRRFRWLHFRWL')  global_best=2.1244 log2  τ=1.79  β=0.089
Ep 237/2000  reward=+0.0000 log2  ep_best=2.8791 log2 ('KYCRRFRWLTFRWL')  global_best=2.1244 log2  τ=1.79  β=0.089
Ep 238/2000  reward=+0.0000 log2  ep_best=2.8791 log2 ('KYCRRFRWLTFRWL')  global_best=2.1244 log2  τ=1.79  β=0.089
Ep 239/2000  reward=+0.1595 log2  ep_best=2.7197 log2 ('WRCRRFRWLKFRWL')  global_best=2.1244 log2  τ=1.79  β=0.089
Ep 240/2000  reward=+0.1139 log2  ep_best=2.7653 log2 ('KRCRRFRWLYFRWL')  global_best=2.1244 log2  τ=1.78  β=0.089
Ep 241/2000  reward=+0.0183 log2  ep_best=2.8609 log2 ('KYCRRFRWLHFRWL')  global_best=2.1244 log2  τ=1.78  β=0.089
Ep 242/2000  reward=+0.1093 log2  ep_best=2.7699 log2 ('KRCRRFRWLLFRWL')  global_best=2.1244 log2  τ=1.78  β=0.089
Ep 243/2000  reward=+0.0000 log2  ep_best=2.8791 log2 ('KYCRRFRWLTFRWL')  global_best=2.1244 log2  τ=1.78  β=0.089
Ep 244/2000  reward=+0.0000 log2  ep_best=2.8791 log2 ('KYCRRFRWLTFRWL')  global_best=2.1244 log2  τ=1.78  β=0.089
Ep 245/2000  reward=+0.0000 log2  ep_best=2.8791 log2 ('KYCRRFRWLTFRWL')  global_best=2.1244 log2  τ=1.78  β=0.089
Ep 246/2000  reward=+0.0000 log2  ep_best=2.8791 log2 ('KYCRRFRWLTFRWL')  global_best=2.1244 log2  τ=1.78  β=0.089
Ep 247/2000  reward=+0.0000 log2  ep_best=2.8791 log2 ('KYCRRFRWLTFRWL')  global_best=2.1244 log2  τ=1.78  β=0.089
Ep 248/2000  reward=+0.0000 log2  ep_best=2.8791 log2 ('KYCRRFRWLTFRWL')  global_best=2.1244 log2  τ=1.78  β=0.089
Ep 249/2000  reward=+0.0000 log2  ep_best=2.8791 log2 ('KYCRRFRWLTFRWL')  global_best=2.1244 log2  τ=1.78  β=0.089
Ep 250/2000  reward=+0.0000 log2  ep_best=2.8791 log2 ('KYCRRFRWLTFRWL')  global_best=2.1244 log2  τ=1.78  β=0.089
Ep 251/2000  reward=+0.0000 log2  ep_best=2.8791 log2 ('KYCRRFRWLTFRWL')  global_best=2.1244 log2  τ=1.77  β=0.089
Ep 252/2000  reward=+0.0000 log2  ep_best=2.8791 log2 ('KYCRRFRWLTFRWL')  global_best=2.1244 log2  τ=1.77  β=0.089
Ep 253/2000  reward=+0.0000 log2  ep_best=2.8791 log2 ('KYCRRFRWLTFRWL')  global_best=2.1244 log2  τ=1.77  β=0.089
Ep 254/2000  reward=+0.0308 log2  ep_best=2.8483 log2 ('KYCRRFRWLYFRWL')  global_best=2.1244 log2  τ=1.77  β=0.089
Ep 255/2000  reward=+0.0712 log2  ep_best=2.8079 log2 ('WRCRRFRWKYVRWL')  global_best=2.1244 log2  τ=1.77  β=0.089
Ep 256/2000  reward=+0.0183 log2  ep_best=2.8609 log2 ('KYCRRFRWLHFRWL')  global_best=2.1244 log2  τ=1.77  β=0.089
Ep 257/2000  reward=+0.0000 log2  ep_best=2.8791 log2 ('KYCRRFRWLTFRWL')  global_best=2.1244 log2  τ=1.77  β=0.088
Ep 258/2000  reward=+0.0196 log2  ep_best=2.8595 log2 ('KYCRRFRWLFFRWL')  global_best=2.1244 log2  τ=1.77  β=0.088
Ep 259/2000  reward=+0.0183 log2  ep_best=2.8609 log2 ('KYCRRFRWLHFRWL')  global_best=2.1244 log2  τ=1.77  β=0.088
Ep 260/2000  reward=+0.0000 log2  ep_best=2.8791 log2 ('KYCRRFRWLTFRWL')  global_best=2.1244 log2  τ=1.77  β=0.088
Ep 261/2000  reward=+0.0000 log2  ep_best=2.8791 log2 ('KYCRRFRWLTFRWL')  global_best=2.1244 log2  τ=1.77  β=0.088
Ep 262/2000  reward=+0.0183 log2  ep_best=2.8609 log2 ('KYCRRFRWLHFRWL')  global_best=2.1244 log2  τ=1.76  β=0.088
Ep 263/2000  reward=+0.7548 log2  ep_best=2.1244 log2 ('KYCRRFRWLKFRWL')  global_best=2.1244 log2  τ=1.76  β=0.088
Ep 264/2000  reward=+0.0000 log2  ep_best=2.8791 log2 ('KYCRRFRWLTFRWL')  global_best=2.1244 log2  τ=1.76  β=0.088
Ep 265/2000  reward=+0.0000 log2  ep_best=2.8791 log2 ('KYCRRFRWLTFRWL')  global_best=2.1244 log2  τ=1.76  β=0.088
Ep 266/2000  reward=+0.0308 log2  ep_best=2.8483 log2 ('KYCRRFRWLYFRWL')  global_best=2.1244 log2  τ=1.76  β=0.088
Ep 267/2000  reward=+0.1139 log2  ep_best=2.7653 log2 ('KRCRRFRWLYFRWL')  global_best=2.1244 log2  τ=1.76  β=0.088
Ep 268/2000  reward=+0.0000 log2  ep_best=2.8791 log2 ('KYCRRFRWLTFRWL')  global_best=2.1244 log2  τ=1.76  β=0.088
Ep 269/2000  reward=+0.0000 log2  ep_best=2.8791 log2 ('KYCRRFRWLTFRWL')  global_best=2.1244 log2  τ=1.76  β=0.088
Ep 270/2000  reward=+0.0308 log2  ep_best=2.8483 log2 ('KYCRRFRWLYFRWL')  global_best=2.1244 log2  τ=1.76  β=0.088
Ep 271/2000  reward=+0.0000 log2  ep_best=2.8791 log2 ('KYCRRFRWLTFRWL')  global_best=2.1244 log2  τ=1.76  β=0.088
Ep 272/2000  reward=+0.0000 log2  ep_best=2.8791 log2 ('KYCRRFRWLTFRWL')  global_best=2.1244 log2  τ=1.76  β=0.088
Ep 273/2000  reward=+0.0000 log2  ep_best=2.8791 log2 ('KYCRRFRWLTFRWL')  global_best=2.1244 log2  τ=1.76  β=0.088
Ep 274/2000  reward=+0.0000 log2  ep_best=2.8791 log2 ('KYCRRFRWLTFRWL')  global_best=2.1244 log2  τ=1.75  β=0.088
Ep 275/2000  reward=+0.0000 log2  ep_best=2.8791 log2 ('KYCRRFRWLTFRWL')  global_best=2.1244 log2  τ=1.75  β=0.088
Ep 276/2000  reward=+0.0000 log2  ep_best=2.8791 log2 ('KYCRRFRWLTFRWL')  global_best=2.1244 log2  τ=1.75  β=0.088
Ep 277/2000  reward=+0.0308 log2  ep_best=2.8483 log2 ('KYCRRFRWLYFRWL')  global_best=2.1244 log2  τ=1.75  β=0.088
Ep 278/2000  reward=+0.0196 log2  ep_best=2.8595 log2 ('KYCRRFRWLFFRWL')  global_best=2.1244 log2  τ=1.75  β=0.088
Ep 279/2000  reward=+0.0000 log2  ep_best=2.8791 log2 ('KYCRRFRWLTFRWL')  global_best=2.1244 log2  τ=1.75  β=0.087
Ep 280/2000  reward=+0.0000 log2  ep_best=2.8791 log2 ('KYCRRFRWLTFRWL')  global_best=2.1244 log2  τ=1.75  β=0.087
Ep 281/2000  reward=+0.1093 log2  ep_best=2.7699 log2 ('KRCRRFRWLLFRWL')  global_best=2.1244 log2  τ=1.75  β=0.087
Ep 282/2000  reward=+0.0183 log2  ep_best=2.8609 log2 ('KYCRRFRWLHFRWL')  global_best=2.1244 log2  τ=1.75  β=0.087
Ep 283/2000  reward=+0.0196 log2  ep_best=2.8595 log2 ('KYCRRFRWLFFRWL')  global_best=2.1244 log2  τ=1.75  β=0.087
Ep 284/2000  reward=+0.0000 log2  ep_best=2.8791 log2 ('KYCRRFRWLTFRWL')  global_best=2.1244 log2  τ=1.75  β=0.087
Ep 285/2000  reward=+0.0000 log2  ep_best=2.8791 log2 ('KYCRRFRWLTFRWL')  global_best=2.1244 log2  τ=1.74  β=0.087
Ep 286/2000  reward=+0.0712 log2  ep_best=2.8079 log2 ('WRCRRFRWKYVRWL')  global_best=2.1244 log2  τ=1.74  β=0.087
Ep 287/2000  reward=+0.1093 log2  ep_best=2.7699 log2 ('KRCRRFRWLLFRWL')  global_best=2.1244 log2  τ=1.74  β=0.087
Ep 288/2000  reward=+0.0196 log2  ep_best=2.8595 log2 ('KYCRRFRWLFFRWL')  global_best=2.1244 log2  τ=1.74  β=0.087
Ep 289/2000  reward=+0.0000 log2  ep_best=2.8791 log2 ('KYCRRFRWLTFRWL')  global_best=2.1244 log2  τ=1.74  β=0.087
Ep 290/2000  reward=+0.0183 log2  ep_best=2.8609 log2 ('KYCRRFRWLHFRWL')  global_best=2.1244 log2  τ=1.74  β=0.087
Ep 291/2000  reward=+0.0000 log2  ep_best=2.8791 log2 ('KYCRRFRWLTFRWL')  global_best=2.1244 log2  τ=1.74  β=0.087
Ep 292/2000  reward=+0.0290 log2  ep_best=2.8502 log2 ('WRCRRFRWKWVRWL')  global_best=2.1244 log2  τ=1.74  β=0.087
Ep 293/2000  reward=+0.0183 log2  ep_best=2.8609 log2 ('KYCRRFRWLHFRWL')  global_best=2.1244 log2  τ=1.74  β=0.087
Ep 294/2000  reward=+0.0712 log2  ep_best=2.8079 log2 ('WRCRRFRWKYVRWL')  global_best=2.1244 log2  τ=1.74  β=0.087
Ep 295/2000  reward=+0.1139 log2  ep_best=2.7653 log2 ('KRCRRFRWLYFRWL')  global_best=2.1244 log2  τ=1.74  β=0.087
Ep 296/2000  reward=+0.0000 log2  ep_best=2.8791 log2 ('KYCRRFRWLTFRWL')  global_best=2.1244 log2  τ=1.73  β=0.087
Ep 297/2000  reward=+0.0183 log2  ep_best=2.8609 log2 ('KYCRRFRWLHFRWL')  global_best=2.1244 log2  τ=1.73  β=0.087
Ep 298/2000  reward=+0.2230 log2  ep_best=2.6562 log2 ('KRCRRFRWLKFRWL')  global_best=2.1244 log2  τ=1.73  β=0.087
Ep 299/2000  reward=+0.0000 log2  ep_best=2.8791 log2 ('KYCRRFRWLTFRWL')  global_best=2.1244 log2  τ=1.73  β=0.087
Ep 300/2000  reward=+0.1139 log2  ep_best=2.7653 log2 ('KRCRRFRWLYFRWL')  global_best=2.1244 log2  τ=1.73  β=0.087
Ep 301/2000  reward=+0.0196 log2  ep_best=2.8595 log2 ('KYCRRFRWLFFRWL')  global_best=2.1244 log2  τ=1.73  β=0.086
Ep 302/2000  reward=+0.0000 log2  ep_best=2.8791 log2 ('KYCRRFRWLTFRWL')  global_best=2.1244 log2  τ=1.73  β=0.086
Ep 303/2000  reward=+0.0000 log2  ep_best=2.8791 log2 ('KYCRRFRWLTFRWL')  global_best=2.1244 log2  τ=1.73  β=0.086
Ep 304/2000  reward=+0.0000 log2  ep_best=2.8791 log2 ('KYCRRFRWLTFRWL')  global_best=2.1244 log2  τ=1.73  β=0.086
Ep 305/2000  reward=+0.0183 log2  ep_best=2.8609 log2 ('KYCRRFRWLHFRWL')  global_best=2.1244 log2  τ=1.73  β=0.086
Ep 306/2000  reward=+0.1797 log2  ep_best=2.6994 log2 ('KYCRRFRWLWFRWL')  global_best=2.1244 log2  τ=1.73  β=0.086
Ep 307/2000  reward=+0.0712 log2  ep_best=2.8079 log2 ('WRCRRFRWKYVRWL')  global_best=2.1244 log2  τ=1.72  β=0.086
Ep 308/2000  reward=+0.7548 log2  ep_best=2.1244 log2 ('KYCRRFRWLKFRWL')  global_best=2.1244 log2  τ=1.72  β=0.086
Ep 309/2000  reward=+0.1139 log2  ep_best=2.7653 log2 ('KRCRRFRWLYFRWL')  global_best=2.1244 log2  τ=1.72  β=0.086
Ep 310/2000  reward=+0.1595 log2  ep_best=2.7197 log2 ('WRCRRFRWLKFRWL')  global_best=2.1244 log2  τ=1.72  β=0.086
Ep 311/2000  reward=+0.0000 log2  ep_best=2.8791 log2 ('KYCRRFRWLTFRWL')  global_best=2.1244 log2  τ=1.72  β=0.086
Ep 312/2000  reward=+0.0183 log2  ep_best=2.8609 log2 ('KYCRRFRWLHFRWL')  global_best=2.1244 log2  τ=1.72  β=0.086
Ep 313/2000  reward=+0.0000 log2  ep_best=2.8791 log2 ('KYCRRFRWLTFRWL')  global_best=2.1244 log2  τ=1.72  β=0.086
Ep 314/2000  reward=+0.1595 log2  ep_best=2.7197 log2 ('WRCRRFRWLKFRWL')  global_best=2.1244 log2  τ=1.72  β=0.086
Ep 315/2000  reward=+0.0183 log2  ep_best=2.8609 log2 ('KYCRRFRWLHFRWL')  global_best=2.1244 log2  τ=1.72  β=0.086
Ep 316/2000  reward=+0.0000 log2  ep_best=2.8791 log2 ('KYCRRFRWLTFRWL')  global_best=2.1244 log2  τ=1.72  β=0.086
Ep 317/2000  reward=+0.0183 log2  ep_best=2.8609 log2 ('KYCRRFRWLHFRWL')  global_best=2.1244 log2  τ=1.72  β=0.086
Ep 318/2000  reward=+0.0000 log2  ep_best=2.8791 log2 ('KYCRRFRWLTFRWL')  global_best=2.1244 log2  τ=1.71  β=0.086
Ep 319/2000  reward=+0.0196 log2  ep_best=2.8595 log2 ('KYCRRFRWLFFRWL')  global_best=2.1244 log2  τ=1.71  β=0.086
Ep 320/2000  reward=+0.0000 log2  ep_best=2.8791 log2 ('KYCRRFRWLTFRWL')  global_best=2.1244 log2  τ=1.71  β=0.086
Ep 321/2000  reward=+0.0000 log2  ep_best=2.8791 log2 ('KYCRRFRWLTFRWL')  global_best=2.1244 log2  τ=1.71  β=0.086
Ep 322/2000  reward=+0.0712 log2  ep_best=2.8079 log2 ('WRCRRFRWKYVRWL')  global_best=2.1244 log2  τ=1.71  β=0.086
Ep 323/2000  reward=+0.0000 log2  ep_best=2.8791 log2 ('KYCRRFRWLTFRWL')  global_best=2.1244 log2  τ=1.71  β=0.086
Ep 324/2000  reward=+0.0000 log2  ep_best=2.8791 log2 ('KYCRRFRWLTFRWL')  global_best=2.1244 log2  τ=1.71  β=0.085
Ep 325/2000  reward=+0.0308 log2  ep_best=2.8483 log2 ('KYCRRFRWLYFRWL')  global_best=2.1244 log2  τ=1.71  β=0.085
Ep 326/2000  reward=+0.1139 log2  ep_best=2.7653 log2 ('KRCRRFRWLYFRWL')  global_best=2.1244 log2  τ=1.71  β=0.085
Ep 327/2000  reward=+0.0183 log2  ep_best=2.8609 log2 ('KYCRRFRWLHFRWL')  global_best=2.1244 log2  τ=1.71  β=0.085
Ep 328/2000  reward=+0.0000 log2  ep_best=2.8791 log2 ('KYCRRFRWLTFRWL')  global_best=2.1244 log2  τ=1.71  β=0.085
Ep 329/2000  reward=+0.0196 log2  ep_best=2.8595 log2 ('KYCRRFRWLFFRWL')  global_best=2.1244 log2  τ=1.70  β=0.085
Ep 330/2000  reward=+0.0000 log2  ep_best=2.8791 log2 ('KYCRRFRWLTFRWL')  global_best=2.1244 log2  τ=1.70  β=0.085
Ep 331/2000  reward=+0.0000 log2  ep_best=2.8791 log2 ('KYCRRFRWLTFRWL')  global_best=2.1244 log2  τ=1.70  β=0.085
Ep 332/2000  reward=+0.0000 log2  ep_best=2.8791 log2 ('KYCRRFRWLTFRWL')  global_best=2.1244 log2  τ=1.70  β=0.085
Ep 333/2000  reward=+0.0712 log2  ep_best=2.8079 log2 ('WRCRRFRWKYVRWL')  global_best=2.1244 log2  τ=1.70  β=0.085
Ep 334/2000  reward=+0.0000 log2  ep_best=2.8791 log2 ('KYCRRFRWLTFRWL')  global_best=2.1244 log2  τ=1.70  β=0.085
Ep 335/2000  reward=+0.0000 log2  ep_best=2.8791 log2 ('KYCRRFRWLTFRWL')  global_best=2.1244 log2  τ=1.70  β=0.085
Ep 336/2000  reward=+0.0712 log2  ep_best=2.8079 log2 ('WRCRRFRWKYVRWL')  global_best=2.1244 log2  τ=1.70  β=0.085
Ep 337/2000  reward=+0.0712 log2  ep_best=2.8079 log2 ('WRCRRFRWKYVRWL')  global_best=2.1244 log2  τ=1.70  β=0.085
Ep 338/2000  reward=+0.0000 log2  ep_best=2.8791 log2 ('KYCRRFRWLTFRWL')  global_best=2.1244 log2  τ=1.70  β=0.085
Ep 339/2000  reward=+0.0000 log2  ep_best=2.8791 log2 ('KYCRRFRWLTFRWL')  global_best=2.1244 log2  τ=1.70  β=0.085
Ep 340/2000  reward=+0.0000 log2  ep_best=2.8791 log2 ('KYCRRFRWLTFRWL')  global_best=2.1244 log2  τ=1.69  β=0.085
Ep 341/2000  reward=+0.0000 log2  ep_best=2.8791 log2 ('KYCRRFRWLTFRWL')  global_best=2.1244 log2  τ=1.69  β=0.085
Ep 342/2000  reward=+0.0000 log2  ep_best=2.8791 log2 ('KYCRRFRWLTFRWL')  global_best=2.1244 log2  τ=1.69  β=0.085
Ep 343/2000  reward=+0.0000 log2  ep_best=2.8791 log2 ('KYCRRFRWLTFRWL')  global_best=2.1244 log2  τ=1.69  β=0.085
Ep 344/2000  reward=+0.1139 log2  ep_best=2.7653 log2 ('KRCRRFRWLYFRWL')  global_best=2.1244 log2  τ=1.69  β=0.085
Ep 345/2000  reward=+0.4363 log2  ep_best=2.4429 log2 ('KRFRRFRWLKFRWL')  global_best=2.1244 log2  τ=1.69  β=0.085
Ep 346/2000  reward=+0.0000 log2  ep_best=2.8791 log2 ('KYCRRFRWLTFRWL')  global_best=2.1244 log2  τ=1.69  β=0.084
Ep 347/2000  reward=+0.0000 log2  ep_best=2.8791 log2 ('KYCRRFRWLTFRWL')  global_best=2.1244 log2  τ=1.69  β=0.084
Ep 348/2000  reward=+0.1093 log2  ep_best=2.7699 log2 ('KRCRRFRWLLFRWL')  global_best=2.1244 log2  τ=1.69  β=0.084
Ep 349/2000  reward=+0.0712 log2  ep_best=2.8079 log2 ('WRCRRFRWKYVRWL')  global_best=2.1244 log2  τ=1.69  β=0.084
Ep 350/2000  reward=+0.0000 log2  ep_best=2.8791 log2 ('KYCRRFRWLTFRWL')  global_best=2.1244 log2  τ=1.69  β=0.084
Ep 351/2000  reward=+0.0000 log2  ep_best=2.8791 log2 ('KYCRRFRWLTFRWL')  global_best=2.1244 log2  τ=1.68  β=0.084
Ep 352/2000  reward=+0.0712 log2  ep_best=2.8079 log2 ('WRCRRFRWKYVRWL')  global_best=2.1244 log2  τ=1.68  β=0.084
Ep 353/2000  reward=+0.0196 log2  ep_best=2.8595 log2 ('KYCRRFRWLFFRWL')  global_best=2.1244 log2  τ=1.68  β=0.084
Ep 354/2000  reward=+0.0308 log2  ep_best=2.8483 log2 ('KYCRRFRWLYFRWL')  global_best=2.1244 log2  τ=1.68  β=0.084
Ep 355/2000  reward=+0.0000 log2  ep_best=2.8791 log2 ('KYCRRFRWLTFRWL')  global_best=2.1244 log2  τ=1.68  β=0.084
Ep 356/2000  reward=+0.0000 log2  ep_best=2.8791 log2 ('KYCRRFRWLTFRWL')  global_best=2.1244 log2  τ=1.68  β=0.084
Ep 357/2000  reward=+0.0000 log2  ep_best=2.8791 log2 ('KYCRRFRWLTFRWL')  global_best=2.1244 log2  τ=1.68  β=0.084
Ep 358/2000  reward=+0.0000 log2  ep_best=2.8791 log2 ('KYCRRFRWLTFRWL')  global_best=2.1244 log2  τ=1.68  β=0.084
Ep 359/2000  reward=+0.0000 log2  ep_best=2.8791 log2 ('KYCRRFRWLTFRWL')  global_best=2.1244 log2  τ=1.68  β=0.084
Ep 360/2000  reward=+0.0000 log2  ep_best=2.8791 log2 ('KYCRRFRWLTFRWL')  global_best=2.1244 log2  τ=1.68  β=0.084
Ep 361/2000  reward=+0.0000 log2  ep_best=2.8791 log2 ('KYCRRFRWLTFRWL')  global_best=2.1244 log2  τ=1.68  β=0.084
Ep 362/2000  reward=+0.0308 log2  ep_best=2.8483 log2 ('KYCRRFRWLYFRWL')  global_best=2.1244 log2  τ=1.67  β=0.084
Ep 363/2000  reward=+0.0000 log2  ep_best=2.8791 log2 ('KYCRRFRWLTFRWL')  global_best=2.1244 log2  τ=1.67  β=0.084
Ep 364/2000  reward=+0.0183 log2  ep_best=2.8609 log2 ('KYCRRFRWLHFRWL')  global_best=2.1244 log2  τ=1.67  β=0.084
Ep 365/2000  reward=+0.0000 log2  ep_best=2.8791 log2 ('KYCRRFRWLTFRWL')  global_best=2.1244 log2  τ=1.67  β=0.084
Ep 366/2000  reward=+0.0196 log2  ep_best=2.8595 log2 ('KYCRRFRWLFFRWL')  global_best=2.1244 log2  τ=1.67  β=0.084
Ep 367/2000  reward=+0.0000 log2  ep_best=2.8791 log2 ('KYCRRFRWLTFRWL')  global_best=2.1244 log2  τ=1.67  β=0.084
Ep 368/2000  reward=+0.0000 log2  ep_best=2.8791 log2 ('KYCRRFRWLTFRWL')  global_best=2.1244 log2  τ=1.67  β=0.083
Ep 369/2000  reward=+0.0308 log2  ep_best=2.8483 log2 ('KYCRRFRWLYFRWL')  global_best=2.1244 log2  τ=1.67  β=0.083
Ep 370/2000  reward=+0.0183 log2  ep_best=2.8609 log2 ('KYCRRFRWLHFRWL')  global_best=2.1244 log2  τ=1.67  β=0.083
Ep 371/2000  reward=+0.0000 log2  ep_best=2.8791 log2 ('KYCRRFRWLTFRWL')  global_best=2.1244 log2  τ=1.67  β=0.083
Ep 372/2000  reward=+0.0000 log2  ep_best=2.8791 log2 ('KYCRRFRWLTFRWL')  global_best=2.1244 log2  τ=1.67  β=0.083
Ep 373/2000  reward=+0.2230 log2  ep_best=2.6562 log2 ('KRCRRFRWLKFRWL')  global_best=2.1244 log2  τ=1.67  β=0.083
Ep 374/2000  reward=+0.0000 log2  ep_best=2.8791 log2 ('KYCRRFRWLTFRWL')  global_best=2.1244 log2  τ=1.66  β=0.083
Ep 375/2000  reward=+0.0712 log2  ep_best=2.8079 log2 ('WRCRRFRWKYVRWL')  global_best=2.1244 log2  τ=1.66  β=0.083
Ep 376/2000  reward=+0.0000 log2  ep_best=2.8791 log2 ('KYCRRFRWLTFRWL')  global_best=2.1244 log2  τ=1.66  β=0.083
Ep 377/2000  reward=+0.0000 log2  ep_best=2.8791 log2 ('KYCRRFRWLTFRWL')  global_best=2.1244 log2  τ=1.66  β=0.083
Ep 378/2000  reward=+0.0000 log2  ep_best=2.8791 log2 ('KYCRRFRWLTFRWL')  global_best=2.1244 log2  τ=1.66  β=0.083
Ep 379/2000  reward=+0.7548 log2  ep_best=2.1244 log2 ('KYCRRFRWLKFRWL')  global_best=2.1244 log2  τ=1.66  β=0.083
Ep 380/2000  reward=+0.0308 log2  ep_best=2.8483 log2 ('KYCRRFRWLYFRWL')  global_best=2.1244 log2  τ=1.66  β=0.083
Ep 381/2000  reward=+0.1139 log2  ep_best=2.7653 log2 ('KRCRRFRWLYFRWL')  global_best=2.1244 log2  τ=1.66  β=0.083
Ep 382/2000  reward=+0.0308 log2  ep_best=2.8483 log2 ('KYCRRFRWLYFRWL')  global_best=2.1244 log2  τ=1.66  β=0.083
Ep 383/2000  reward=+0.0183 log2  ep_best=2.8609 log2 ('KYCRRFRWLHFRWL')  global_best=2.1244 log2  τ=1.66  β=0.083
Ep 384/2000  reward=+0.0000 log2  ep_best=2.8791 log2 ('KYCRRFRWLTFRWL')  global_best=2.1244 log2  τ=1.66  β=0.083
Ep 385/2000  reward=+0.0183 log2  ep_best=2.8609 log2 ('KYCRRFRWLHFRWL')  global_best=2.1244 log2  τ=1.65  β=0.083
Ep 386/2000  reward=+0.0196 log2  ep_best=2.8595 log2 ('KYCRRFRWLFFRWL')  global_best=2.1244 log2  τ=1.65  β=0.083
Ep 387/2000  reward=+0.0000 log2  ep_best=2.8791 log2 ('KYCRRFRWLTFRWL')  global_best=2.1244 log2  τ=1.65  β=0.083
Ep 388/2000  reward=+0.0183 log2  ep_best=2.8609 log2 ('KYCRRFRWLHFRWL')  global_best=2.1244 log2  τ=1.65  β=0.083
Ep 389/2000  reward=+0.7548 log2  ep_best=2.1244 log2 ('KYCRRFRWLKFRWL')  global_best=2.1244 log2  τ=1.65  β=0.083
Ep 390/2000  reward=+0.0308 log2  ep_best=2.8483 log2 ('KYCRRFRWLYFRWL')  global_best=2.1244 log2  τ=1.65  β=0.082
Ep 391/2000  reward=+0.0183 log2  ep_best=2.8609 log2 ('KYCRRFRWLHFRWL')  global_best=2.1244 log2  τ=1.65  β=0.082
Ep 392/2000  reward=+0.0000 log2  ep_best=2.8791 log2 ('KYCRRFRWLTFRWL')  global_best=2.1244 log2  τ=1.65  β=0.082
Ep 393/2000  reward=+0.0000 log2  ep_best=2.8791 log2 ('KYCRRFRWLTFRWL')  global_best=2.1244 log2  τ=1.65  β=0.082
Ep 394/2000  reward=+0.0000 log2  ep_best=2.8791 log2 ('KYCRRFRWLTFRWL')  global_best=2.1244 log2  τ=1.65  β=0.082
Ep 395/2000  reward=+0.0712 log2  ep_best=2.8079 log2 ('WRCRRFRWKYVRWL')  global_best=2.1244 log2  τ=1.65  β=0.082
Ep 396/2000  reward=+0.0183 log2  ep_best=2.8609 log2 ('KYCRRFRWLHFRWL')  global_best=2.1244 log2  τ=1.64  β=0.082
Ep 397/2000  reward=+0.1139 log2  ep_best=2.7653 log2 ('KRCRRFRWLYFRWL')  global_best=2.1244 log2  τ=1.64  β=0.082
Ep 398/2000  reward=+0.0000 log2  ep_best=2.8791 log2 ('KYCRRFRWLTFRWL')  global_best=2.1244 log2  τ=1.64  β=0.082
Ep 399/2000  reward=+0.0183 log2  ep_best=2.8609 log2 ('KYCRRFRWLHFRWL')  global_best=2.1244 log2  τ=1.64  β=0.082
Ep 400/2000  reward=+0.0000 log2  ep_best=2.8791 log2 ('KYCRRFRWLTFRWL')  global_best=2.1244 log2  τ=1.64  β=0.082
Ep 401/2000  reward=+0.0000 log2  ep_best=2.8791 log2 ('KYCRRFRWLTFRWL')  global_best=2.1244 log2  τ=1.64  β=0.082
Ep 402/2000  reward=+0.0308 log2  ep_best=2.8483 log2 ('KYCRRFRWLYFRWL')  global_best=2.1244 log2  τ=1.64  β=0.082
Ep 403/2000  reward=+0.0000 log2  ep_best=2.8791 log2 ('KYCRRFRWLTFRWL')  global_best=2.1244 log2  τ=1.64  β=0.082
Ep 404/2000  reward=+0.0000 log2  ep_best=2.8791 log2 ('KYCRRFRWLTFRWL')  global_best=2.1244 log2  τ=1.64  β=0.082
Ep 405/2000  reward=+0.0000 log2  ep_best=2.8791 log2 ('KYCRRFRWLTFRWL')  global_best=2.1244 log2  τ=1.64  β=0.082
Ep 406/2000  reward=+0.0000 log2  ep_best=2.8791 log2 ('KYCRRFRWLTFRWL')  global_best=2.1244 log2  τ=1.64  β=0.082
Ep 407/2000  reward=+0.0196 log2  ep_best=2.8595 log2 ('KYCRRFRWLFFRWL')  global_best=2.1244 log2  τ=1.63  β=0.082
Ep 408/2000  reward=+0.0000 log2  ep_best=2.8791 log2 ('KYCRRFRWLTFRWL')  global_best=2.1244 log2  τ=1.63  β=0.082
Ep 409/2000  reward=+0.4363 log2  ep_best=2.4429 log2 ('KRFRRFRWLKFRWL')  global_best=2.1244 log2  τ=1.63  β=0.082
Ep 410/2000  reward=+0.0000 log2  ep_best=2.8791 log2 ('KYCRRFRWLTFRWL')  global_best=2.1244 log2  τ=1.63  β=0.082
Ep 411/2000  reward=+0.1093 log2  ep_best=2.7699 log2 ('KRCRRFRWLLFRWL')  global_best=2.1244 log2  τ=1.63  β=0.082
Ep 412/2000  reward=+0.0712 log2  ep_best=2.8079 log2 ('WRCRRFRWKYVRWL')  global_best=2.1244 log2  τ=1.63  β=0.081
Ep 413/2000  reward=+0.0000 log2  ep_best=2.8791 log2 ('KYCRRFRWLTFRWL')  global_best=2.1244 log2  τ=1.63  β=0.081
Ep 414/2000  reward=+0.7548 log2  ep_best=2.1244 log2 ('KYCRRFRWLKFRWL')  global_best=2.1244 log2  τ=1.63  β=0.081
Ep 415/2000  reward=+0.0000 log2  ep_best=2.8791 log2 ('KYCRRFRWLTFRWL')  global_best=2.1244 log2  τ=1.63  β=0.081
Ep 416/2000  reward=+0.0183 log2  ep_best=2.8609 log2 ('KYCRRFRWLHFRWL')  global_best=2.1244 log2  τ=1.63  β=0.081
Ep 417/2000  reward=+0.0000 log2  ep_best=2.8791 log2 ('KYCRRFRWLTFRWL')  global_best=2.1244 log2  τ=1.63  β=0.081
Ep 418/2000  reward=+0.2351 log2  ep_best=2.6440 log2 ('WYCRRFRWLKFRWL')  global_best=2.1244 log2  τ=1.62  β=0.081
Ep 419/2000  reward=+0.0000 log2  ep_best=2.8791 log2 ('KYCRRFRWLTFRWL')  global_best=2.1244 log2  τ=1.62  β=0.081
Ep 420/2000  reward=+0.0000 log2  ep_best=2.8791 log2 ('KYCRRFRWLTFRWL')  global_best=2.1244 log2  τ=1.62  β=0.081
Ep 421/2000  reward=+0.0000 log2  ep_best=2.8791 log2 ('KYCRRFRWLTFRWL')  global_best=2.1244 log2  τ=1.62  β=0.081
Ep 422/2000  reward=+0.0000 log2  ep_best=2.8791 log2 ('KYCRRFRWLTFRWL')  global_best=2.1244 log2  τ=1.62  β=0.081
Ep 423/2000  reward=+0.0000 log2  ep_best=2.8791 log2 ('KYCRRFRWLTFRWL')  global_best=2.1244 log2  τ=1.62  β=0.081
Ep 424/2000  reward=+0.0196 log2  ep_best=2.8595 log2 ('KYCRRFRWLFFRWL')  global_best=2.1244 log2  τ=1.62  β=0.081
Ep 425/2000  reward=+0.0000 log2  ep_best=2.8791 log2 ('KYCRRFRWLTFRWL')  global_best=2.1244 log2  τ=1.62  β=0.081
Ep 426/2000  reward=+0.0000 log2  ep_best=2.8791 log2 ('KYCRRFRWLTFRWL')  global_best=2.1244 log2  τ=1.62  β=0.081
Ep 427/2000  reward=+0.0000 log2  ep_best=2.8791 log2 ('KYCRRFRWLTFRWL')  global_best=2.1244 log2  τ=1.62  β=0.081
Ep 428/2000  reward=+0.2727 log2  ep_best=2.6065 log2 ('WRFRRFRWKLFRWL')  global_best=2.1244 log2  τ=1.62  β=0.081
Ep 429/2000  reward=+0.0000 log2  ep_best=2.8791 log2 ('KYCRRFRWLTFRWL')  global_best=2.1244 log2  τ=1.61  β=0.081
Ep 430/2000  reward=+0.0183 log2  ep_best=2.8609 log2 ('KYCRRFRWLHFRWL')  global_best=2.1244 log2  τ=1.61  β=0.081
Ep 431/2000  reward=+0.0183 log2  ep_best=2.8609 log2 ('KYCRRFRWLHFRWL')  global_best=2.1244 log2  τ=1.61  β=0.081
Ep 432/2000  reward=+0.0183 log2  ep_best=2.8609 log2 ('KYCRRFRWLHFRWL')  global_best=2.1244 log2  τ=1.61  β=0.081
Ep 433/2000  reward=+0.0196 log2  ep_best=2.8595 log2 ('KYCRRFRWLFFRWL')  global_best=2.1244 log2  τ=1.61  β=0.081
Ep 434/2000  reward=+0.0196 log2  ep_best=2.8595 log2 ('KYCRRFRWLFFRWL')  global_best=2.1244 log2  τ=1.61  β=0.081
Ep 435/2000  reward=+0.0308 log2  ep_best=2.8483 log2 ('KYCRRFRWLYFRWL')  global_best=2.1244 log2  τ=1.61  β=0.080
Ep 436/2000  reward=+0.0183 log2  ep_best=2.8609 log2 ('KYCRRFRWLHFRWL')  global_best=2.1244 log2  τ=1.61  β=0.080
Ep 437/2000  reward=+0.0308 log2  ep_best=2.8483 log2 ('KYCRRFRWLYFRWL')  global_best=2.1244 log2  τ=1.61  β=0.080
Ep 438/2000  reward=+0.0000 log2  ep_best=2.8791 log2 ('KYCRRFRWLTFRWL')  global_best=2.1244 log2  τ=1.61  β=0.080
Ep 439/2000  reward=+0.0183 log2  ep_best=2.8609 log2 ('KYCRRFRWLHFRWL')  global_best=2.1244 log2  τ=1.61  β=0.080
Ep 440/2000  reward=+0.0000 log2  ep_best=2.8791 log2 ('KYCRRFRWLTFRWL')  global_best=2.1244 log2  τ=1.60  β=0.080
Ep 441/2000  reward=+0.0000 log2  ep_best=2.8791 log2 ('KYCRRFRWLTFRWL')  global_best=2.1244 log2  τ=1.60  β=0.080
Ep 442/2000  reward=+0.1093 log2  ep_best=2.7699 log2 ('KRCRRFRWLLFRWL')  global_best=2.1244 log2  τ=1.60  β=0.080
Ep 443/2000  reward=+0.0000 log2  ep_best=2.8791 log2 ('KYCRRFRWLTFRWL')  global_best=2.1244 log2  τ=1.60  β=0.080
Ep 444/2000  reward=+0.0000 log2  ep_best=2.8791 log2 ('KYCRRFRWLTFRWL')  global_best=2.1244 log2  τ=1.60  β=0.080
Ep 445/2000  reward=+0.0000 log2  ep_best=2.8791 log2 ('KYCRRFRWLTFRWL')  global_best=2.1244 log2  τ=1.60  β=0.080
Ep 446/2000  reward=+0.2755 log2  ep_best=2.6037 log2 ('KYCRRFRWLRFRWL')  global_best=2.1244 log2  τ=1.60  β=0.080
Ep 447/2000  reward=+0.0308 log2  ep_best=2.8483 log2 ('KYCRRFRWLYFRWL')  global_best=2.1244 log2  τ=1.60  β=0.080
Ep 448/2000  reward=+0.0712 log2  ep_best=2.8079 log2 ('WRCRRFRWKYVRWL')  global_best=2.1244 log2  τ=1.60  β=0.080
Ep 449/2000  reward=+0.0183 log2  ep_best=2.8609 log2 ('KYCRRFRWLHFRWL')  global_best=2.1244 log2  τ=1.60  β=0.080
Ep 450/2000  reward=+0.0000 log2  ep_best=2.8791 log2 ('KYCRRFRWLTFRWL')  global_best=2.1244 log2  τ=1.60  β=0.080
Ep 451/2000  reward=+0.1093 log2  ep_best=2.7699 log2 ('KRCRRFRWLLFRWL')  global_best=2.1244 log2  τ=1.59  β=0.080
Ep 452/2000  reward=+0.4363 log2  ep_best=2.4429 log2 ('KRFRRFRWLKFRWL')  global_best=2.1244 log2  τ=1.59  β=0.080
Ep 453/2000  reward=+0.0000 log2  ep_best=2.8791 log2 ('KYCRRFRWLTFRWL')  global_best=2.1244 log2  τ=1.59  β=0.080
Ep 454/2000  reward=+0.0712 log2  ep_best=2.8079 log2 ('WRCRRFRWKYVRWL')  global_best=2.1244 log2  τ=1.59  β=0.080
Ep 455/2000  reward=+0.0000 log2  ep_best=2.8791 log2 ('KYCRRFRWLTFRWL')  global_best=2.1244 log2  τ=1.59  β=0.080
Ep 456/2000  reward=+0.0000 log2  ep_best=2.8791 log2 ('KYCRRFRWLTFRWL')  global_best=2.1244 log2  τ=1.59  β=0.080
Ep 457/2000  reward=+0.0000 log2  ep_best=2.8791 log2 ('KYCRRFRWLTFRWL')  global_best=2.1244 log2  τ=1.59  β=0.079
Ep 458/2000  reward=+0.0196 log2  ep_best=2.8595 log2 ('KYCRRFRWLFFRWL')  global_best=2.1244 log2  τ=1.59  β=0.079
Ep 459/2000  reward=+0.0712 log2  ep_best=2.8079 log2 ('WRCRRFRWKYVRWL')  global_best=2.1244 log2  τ=1.59  β=0.079
Ep 460/2000  reward=+0.0000 log2  ep_best=2.8791 log2 ('KYCRRFRWLTFRWL')  global_best=2.1244 log2  τ=1.59  β=0.079
Ep 461/2000  reward=+0.0000 log2  ep_best=2.8791 log2 ('KYCRRFRWLTFRWL')  global_best=2.1244 log2  τ=1.59  β=0.079
Ep 462/2000  reward=+0.0000 log2  ep_best=2.8791 log2 ('KYCRRFRWLTFRWL')  global_best=2.1244 log2  τ=1.58  β=0.079
Ep 463/2000  reward=+0.0000 log2  ep_best=2.8791 log2 ('KYCRRFRWLTFRWL')  global_best=2.1244 log2  τ=1.58  β=0.079
Ep 464/2000  reward=+0.0000 log2  ep_best=2.8791 log2 ('KYCRRFRWLTFRWL')  global_best=2.1244 log2  τ=1.58  β=0.079
Ep 465/2000  reward=+0.0308 log2  ep_best=2.8483 log2 ('KYCRRFRWLYFRWL')  global_best=2.1244 log2  τ=1.58  β=0.079
Ep 466/2000  reward=+0.2351 log2  ep_best=2.6440 log2 ('WYCRRFRWLKFRWL')  global_best=2.1244 log2  τ=1.58  β=0.079
Ep 467/2000  reward=+0.0000 log2  ep_best=2.8791 log2 ('KYCRRFRWLTFRWL')  global_best=2.1244 log2  τ=1.58  β=0.079
Ep 468/2000  reward=+0.0183 log2  ep_best=2.8609 log2 ('KYCRRFRWLHFRWL')  global_best=2.1244 log2  τ=1.58  β=0.079
Ep 469/2000  reward=+0.1093 log2  ep_best=2.7699 log2 ('KRCRRFRWLLFRWL')  global_best=2.1244 log2  τ=1.58  β=0.079
Ep 470/2000  reward=+0.4011 log2  ep_best=2.4780 log2 ('WRFRRFRWKWVRWL')  global_best=2.1244 log2  τ=1.58  β=0.079
Ep 471/2000  reward=+0.0000 log2  ep_best=2.8791 log2 ('KYCRRFRWLTFRWL')  global_best=2.1244 log2  τ=1.58  β=0.079
Ep 472/2000  reward=+0.0183 log2  ep_best=2.8609 log2 ('KYCRRFRWLHFRWL')  global_best=2.1244 log2  τ=1.58  β=0.079
Ep 473/2000  reward=+0.0196 log2  ep_best=2.8595 log2 ('KYCRRFRWLFFRWL')  global_best=2.1244 log2  τ=1.57  β=0.079
Ep 474/2000  reward=+0.0308 log2  ep_best=2.8483 log2 ('KYCRRFRWLYFRWL')  global_best=2.1244 log2  τ=1.57  β=0.079
Ep 475/2000  reward=+0.0000 log2  ep_best=2.8791 log2 ('KYCRRFRWLTFRWL')  global_best=2.1244 log2  τ=1.57  β=0.079
Ep 476/2000  reward=+0.0183 log2  ep_best=2.8609 log2 ('KYCRRFRWLHFRWL')  global_best=2.1244 log2  τ=1.57  β=0.079
Ep 477/2000  reward=+0.0000 log2  ep_best=2.8791 log2 ('KYCRRFRWLTFRWL')  global_best=2.1244 log2  τ=1.57  β=0.079
Ep 478/2000  reward=+0.0000 log2  ep_best=2.8791 log2 ('KYCRRFRWLTFRWL')  global_best=2.1244 log2  τ=1.57  β=0.079
Ep 479/2000  reward=+0.0183 log2  ep_best=2.8609 log2 ('KYCRRFRWLHFRWL')  global_best=2.1244 log2  τ=1.57  β=0.078
Ep 480/2000  reward=+0.0712 log2  ep_best=2.8079 log2 ('WRCRRFRWKYVRWL')  global_best=2.1244 log2  τ=1.57  β=0.078
Ep 481/2000  reward=+0.2755 log2  ep_best=2.6037 log2 ('KYCRRFRWLRFRWL')  global_best=2.1244 log2  τ=1.57  β=0.078
Ep 482/2000  reward=+0.0000 log2  ep_best=2.8791 log2 ('KYCRRFRWLTFRWL')  global_best=2.1244 log2  τ=1.57  β=0.078
Ep 483/2000  reward=+0.0000 log2  ep_best=2.8791 log2 ('KYCRRFRWLTFRWL')  global_best=2.1244 log2  τ=1.57  β=0.078
Ep 484/2000  reward=+0.0000 log2  ep_best=2.8791 log2 ('KYCRRFRWLTFRWL')  global_best=2.1244 log2  τ=1.57  β=0.078
Ep 485/2000  reward=+0.0000 log2  ep_best=2.8791 log2 ('KYCRRFRWLTFRWL')  global_best=2.1244 log2  τ=1.56  β=0.078
Ep 486/2000  reward=+0.0000 log2  ep_best=2.8791 log2 ('KYCRRFRWLTFRWL')  global_best=2.1244 log2  τ=1.56  β=0.078
Ep 487/2000  reward=+0.0183 log2  ep_best=2.8609 log2 ('KYCRRFRWLHFRWL')  global_best=2.1244 log2  τ=1.56  β=0.078
Ep 488/2000  reward=+0.0000 log2  ep_best=2.8791 log2 ('KYCRRFRWLTFRWL')  global_best=2.1244 log2  τ=1.56  β=0.078
Ep 489/2000  reward=+0.0196 log2  ep_best=2.8595 log2 ('KYCRRFRWLFFRWL')  global_best=2.1244 log2  τ=1.56  β=0.078
Ep 490/2000  reward=+0.0000 log2  ep_best=2.8791 log2 ('KYCRRFRWLTFRWL')  global_best=2.1244 log2  τ=1.56  β=0.078
Ep 491/2000  reward=+0.0000 log2  ep_best=2.8791 log2 ('KYCRRFRWLTFRWL')  global_best=2.1244 log2  τ=1.56  β=0.078
Ep 492/2000  reward=+0.0000 log2  ep_best=2.8791 log2 ('KYCRRFRWLTFRWL')  global_best=2.1244 log2  τ=1.56  β=0.078
Ep 493/2000  reward=+0.0183 log2  ep_best=2.8609 log2 ('KYCRRFRWLHFRWL')  global_best=2.1244 log2  τ=1.56  β=0.078
Ep 494/2000  reward=+0.4363 log2  ep_best=2.4429 log2 ('KRFRRFRWLKFRWL')  global_best=2.1244 log2  τ=1.56  β=0.078
Ep 495/2000  reward=+0.0308 log2  ep_best=2.8483 log2 ('KYCRRFRWLYFRWL')  global_best=2.1244 log2  τ=1.56  β=0.078
Ep 496/2000  reward=+0.0712 log2  ep_best=2.8079 log2 ('WRCRRFRWKYVRWL')  global_best=2.1244 log2  τ=1.55  β=0.078
Ep 497/2000  reward=+0.0000 log2  ep_best=2.8791 log2 ('KYCRRFRWLTFRWL')  global_best=2.1244 log2  τ=1.55  β=0.078
Ep 498/2000  reward=+0.0000 log2  ep_best=2.8791 log2 ('KYCRRFRWLTFRWL')  global_best=2.1244 log2  τ=1.55  β=0.078
Ep 499/2000  reward=+0.0000 log2  ep_best=2.8791 log2 ('KYCRRFRWLTFRWL')  global_best=2.1244 log2  τ=1.55  β=0.078
Ep 500/2000  reward=+0.0000 log2  ep_best=2.8791 log2 ('KYCRRFRWLTFRWL')  global_best=2.1244 log2  τ=1.55  β=0.078
Ep 501/2000  reward=+0.0000 log2  ep_best=2.8791 log2 ('KYCRRFRWLTFRWL')  global_best=2.1244 log2  τ=1.55  β=0.077
Ep 502/2000  reward=+0.0183 log2  ep_best=2.8609 log2 ('KYCRRFRWLHFRWL')  global_best=2.1244 log2  τ=1.55  β=0.077
Ep 503/2000  reward=+0.0183 log2  ep_best=2.8609 log2 ('KYCRRFRWLHFRWL')  global_best=2.1244 log2  τ=1.55  β=0.077
Ep 504/2000  reward=+0.0712 log2  ep_best=2.8079 log2 ('WRCRRFRWKYVRWL')  global_best=2.1244 log2  τ=1.55  β=0.077
Ep 505/2000  reward=+0.0712 log2  ep_best=2.8079 log2 ('WRCRRFRWKYVRWL')  global_best=2.1244 log2  τ=1.55  β=0.077
Ep 506/2000  reward=+0.1093 log2  ep_best=2.7699 log2 ('KRCRRFRWLLFRWL')  global_best=2.1244 log2  τ=1.55  β=0.077
Ep 507/2000  reward=+0.2755 log2  ep_best=2.6037 log2 ('KYCRRFRWLRFRWL')  global_best=2.1244 log2  τ=1.54  β=0.077
Ep 508/2000  reward=+0.0000 log2  ep_best=2.8791 log2 ('KYCRRFRWLTFRWL')  global_best=2.1244 log2  τ=1.54  β=0.077
Ep 509/2000  reward=+0.0183 log2  ep_best=2.8609 log2 ('KYCRRFRWLHFRWL')  global_best=2.1244 log2  τ=1.54  β=0.077
Ep 510/2000  reward=+0.0712 log2  ep_best=2.8079 log2 ('WRCRRFRWKYVRWL')  global_best=2.1244 log2  τ=1.54  β=0.077
Ep 511/2000  reward=+0.0712 log2  ep_best=2.8079 log2 ('WRCRRFRWKYVRWL')  global_best=2.1244 log2  τ=1.54  β=0.077
Ep 512/2000  reward=+0.0000 log2  ep_best=2.8791 log2 ('KYCRRFRWLTFRWL')  global_best=2.1244 log2  τ=1.54  β=0.077
Ep 513/2000  reward=+0.0000 log2  ep_best=2.8791 log2 ('KYCRRFRWLTFRWL')  global_best=2.1244 log2  τ=1.54  β=0.077
Ep 514/2000  reward=+0.0308 log2  ep_best=2.8483 log2 ('KYCRRFRWLYFRWL')  global_best=2.1244 log2  τ=1.54  β=0.077
Ep 515/2000  reward=+0.1139 log2  ep_best=2.7653 log2 ('KRCRRFRWLYFRWL')  global_best=2.1244 log2  τ=1.54  β=0.077
Ep 516/2000  reward=+0.0196 log2  ep_best=2.8595 log2 ('KYCRRFRWLFFRWL')  global_best=2.1244 log2  τ=1.54  β=0.077
Ep 517/2000  reward=+0.0183 log2  ep_best=2.8609 log2 ('KYCRRFRWLHFRWL')  global_best=2.1244 log2  τ=1.54  β=0.077
Ep 518/2000  reward=+0.0000 log2  ep_best=2.8791 log2 ('KYCRRFRWLTFRWL')  global_best=2.1244 log2  τ=1.53  β=0.077
Ep 519/2000  reward=+0.0183 log2  ep_best=2.8609 log2 ('KYCRRFRWLHFRWL')  global_best=2.1244 log2  τ=1.53  β=0.077
Ep 520/2000  reward=+0.0183 log2  ep_best=2.8609 log2 ('KYCRRFRWLHFRWL')  global_best=2.1244 log2  τ=1.53  β=0.077
Ep 521/2000  reward=+0.0183 log2  ep_best=2.8609 log2 ('KYCRRFRWLHFRWL')  global_best=2.1244 log2  τ=1.53  β=0.077
Ep 522/2000  reward=+0.1595 log2  ep_best=2.7197 log2 ('WRCRRFRWLKFRWL')  global_best=2.1244 log2  τ=1.53  β=0.077
Ep 523/2000  reward=+0.0000 log2  ep_best=2.8791 log2 ('KYCRRFRWLTFRWL')  global_best=2.1244 log2  τ=1.53  β=0.076
Ep 524/2000  reward=+0.0712 log2  ep_best=2.8079 log2 ('WRCRRFRWKYVRWL')  global_best=2.1244 log2  τ=1.53  β=0.076
Ep 525/2000  reward=+0.0196 log2  ep_best=2.8595 log2 ('KYCRRFRWLFFRWL')  global_best=2.1244 log2  τ=1.53  β=0.076
Ep 526/2000  reward=+0.2230 log2  ep_best=2.6562 log2 ('KRCRRFRWLKFRWL')  global_best=2.1244 log2  τ=1.53  β=0.076
Ep 527/2000  reward=+0.0308 log2  ep_best=2.8483 log2 ('KYCRRFRWLYFRWL')  global_best=2.1244 log2  τ=1.53  β=0.076
Ep 528/2000  reward=+0.0000 log2  ep_best=2.8791 log2 ('KYCRRFRWLTFRWL')  global_best=2.1244 log2  τ=1.53  β=0.076
Ep 529/2000  reward=+0.0000 log2  ep_best=2.8791 log2 ('KYCRRFRWLTFRWL')  global_best=2.1244 log2  τ=1.52  β=0.076
Ep 530/2000  reward=+0.0000 log2  ep_best=2.8791 log2 ('KYCRRFRWLTFRWL')  global_best=2.1244 log2  τ=1.52  β=0.076
Ep 531/2000  reward=+0.1093 log2  ep_best=2.7699 log2 ('KRCRRFRWLLFRWL')  global_best=2.1244 log2  τ=1.52  β=0.076
Ep 532/2000  reward=+0.0196 log2  ep_best=2.8595 log2 ('KYCRRFRWLFFRWL')  global_best=2.1244 log2  τ=1.52  β=0.076
Ep 533/2000  reward=+0.0000 log2  ep_best=2.8791 log2 ('KYCRRFRWLTFRWL')  global_best=2.1244 log2  τ=1.52  β=0.076
Ep 534/2000  reward=+0.0308 log2  ep_best=2.8483 log2 ('KYCRRFRWLYFRWL')  global_best=2.1244 log2  τ=1.52  β=0.076
Ep 535/2000  reward=+0.0000 log2  ep_best=2.8791 log2 ('KYCRRFRWLTFRWL')  global_best=2.1244 log2  τ=1.52  β=0.076
Ep 536/2000  reward=+0.0712 log2  ep_best=2.8079 log2 ('WRCRRFRWKYVRWL')  global_best=2.1244 log2  τ=1.52  β=0.076
Ep 537/2000  reward=+0.1595 log2  ep_best=2.7197 log2 ('WRCRRFRWLKFRWL')  global_best=2.1244 log2  τ=1.52  β=0.076
Ep 538/2000  reward=+0.0000 log2  ep_best=2.8791 log2 ('KYCRRFRWLTFRWL')  global_best=2.1244 log2  τ=1.52  β=0.076
Ep 539/2000  reward=+0.0308 log2  ep_best=2.8483 log2 ('KYCRRFRWLYFRWL')  global_best=2.1244 log2  τ=1.52  β=0.076
Ep 540/2000  reward=+0.0000 log2  ep_best=2.8791 log2 ('KYCRRFRWLTFRWL')  global_best=2.1244 log2  τ=1.51  β=0.076
Ep 541/2000  reward=+0.2230 log2  ep_best=2.6562 log2 ('KRCRRFRWLKFRWL')  global_best=2.1244 log2  τ=1.51  β=0.076
Ep 542/2000  reward=+0.0000 log2  ep_best=2.8791 log2 ('KYCRRFRWLTFRWL')  global_best=2.1244 log2  τ=1.51  β=0.076
Ep 543/2000  reward=+0.0183 log2  ep_best=2.8609 log2 ('KYCRRFRWLHFRWL')  global_best=2.1244 log2  τ=1.51  β=0.076
Ep 544/2000  reward=+0.0000 log2  ep_best=2.8791 log2 ('KYCRRFRWLTFRWL')  global_best=2.1244 log2  τ=1.51  β=0.076
Ep 545/2000  reward=+0.0000 log2  ep_best=2.8791 log2 ('KYCRRFRWLTFRWL')  global_best=2.1244 log2  τ=1.51  β=0.076
Ep 546/2000  reward=+0.0000 log2  ep_best=2.8791 log2 ('KYCRRFRWLTFRWL')  global_best=2.1244 log2  τ=1.51  β=0.075
Ep 547/2000  reward=+0.0000 log2  ep_best=2.8791 log2 ('KYCRRFRWLTFRWL')  global_best=2.1244 log2  τ=1.51  β=0.075
Ep 548/2000  reward=+0.0183 log2  ep_best=2.8609 log2 ('KYCRRFRWLHFRWL')  global_best=2.1244 log2  τ=1.51  β=0.075
Ep 549/2000  reward=+0.2230 log2  ep_best=2.6562 log2 ('KRCRRFRWLKFRWL')  global_best=2.1244 log2  τ=1.51  β=0.075
Ep 550/2000  reward=+0.0000 log2  ep_best=2.8791 log2 ('KYCRRFRWLTFRWL')  global_best=2.1244 log2  τ=1.51  β=0.075
Ep 551/2000  reward=+0.0000 log2  ep_best=2.8791 log2 ('KYCRRFRWLTFRWL')  global_best=2.1244 log2  τ=1.50  β=0.075
Ep 552/2000  reward=+0.0712 log2  ep_best=2.8079 log2 ('WRCRRFRWKYVRWL')  global_best=2.1244 log2  τ=1.50  β=0.075
Ep 553/2000  reward=+0.0000 log2  ep_best=2.8791 log2 ('KYCRRFRWLTFRWL')  global_best=2.1244 log2  τ=1.50  β=0.075
Ep 554/2000  reward=+0.0000 log2  ep_best=2.8791 log2 ('KYCRRFRWLTFRWL')  global_best=2.1244 log2  τ=1.50  β=0.075
Ep 555/2000  reward=+0.0000 log2  ep_best=2.8791 log2 ('KYCRRFRWLTFRWL')  global_best=2.1244 log2  τ=1.50  β=0.075
Ep 556/2000  reward=+0.0308 log2  ep_best=2.8483 log2 ('KYCRRFRWLYFRWL')  global_best=2.1244 log2  τ=1.50  β=0.075
Ep 557/2000  reward=+0.1139 log2  ep_best=2.7653 log2 ('KRCRRFRWLYFRWL')  global_best=2.1244 log2  τ=1.50  β=0.075
Ep 558/2000  reward=+0.0000 log2  ep_best=2.8791 log2 ('KYCRRFRWLTFRWL')  global_best=2.1244 log2  τ=1.50  β=0.075
Ep 559/2000  reward=+0.0183 log2  ep_best=2.8609 log2 ('KYCRRFRWLHFRWL')  global_best=2.1244 log2  τ=1.50  β=0.075
Ep 560/2000  reward=+0.0000 log2  ep_best=2.8791 log2 ('KYCRRFRWLTFRWL')  global_best=2.1244 log2  τ=1.50  β=0.075
Ep 561/2000  reward=+0.0000 log2  ep_best=2.8791 log2 ('KYCRRFRWLTFRWL')  global_best=2.1244 log2  τ=1.50  β=0.075
Ep 562/2000  reward=+0.0000 log2  ep_best=2.8791 log2 ('KYCRRFRWLTFRWL')  global_best=2.1244 log2  τ=1.49  β=0.075
Ep 563/2000  reward=+0.0000 log2  ep_best=2.8791 log2 ('KYCRRFRWLTFRWL')  global_best=2.1244 log2  τ=1.49  β=0.075
Ep 564/2000  reward=+0.1595 log2  ep_best=2.7197 log2 ('WRCRRFRWLKFRWL')  global_best=2.1244 log2  τ=1.49  β=0.075
Ep 565/2000  reward=+0.0000 log2  ep_best=2.8791 log2 ('KYCRRFRWLTFRWL')  global_best=2.1244 log2  τ=1.49  β=0.075
Ep 566/2000  reward=+0.0000 log2  ep_best=2.8791 log2 ('KYCRRFRWLTFRWL')  global_best=2.1244 log2  τ=1.49  β=0.075
Ep 567/2000  reward=+0.0000 log2  ep_best=2.8791 log2 ('KYCRRFRWLTFRWL')  global_best=2.1244 log2  τ=1.49  β=0.075
Ep 568/2000  reward=+0.0712 log2  ep_best=2.8079 log2 ('WRCRRFRWKYVRWL')  global_best=2.1244 log2  τ=1.49  β=0.074
Ep 569/2000  reward=+0.0183 log2  ep_best=2.8609 log2 ('KYCRRFRWLHFRWL')  global_best=2.1244 log2  τ=1.49  β=0.074
Ep 570/2000  reward=+0.0000 log2  ep_best=2.8791 log2 ('KYCRRFRWLTFRWL')  global_best=2.1244 log2  τ=1.49  β=0.074
Ep 571/2000  reward=+0.1093 log2  ep_best=2.7699 log2 ('KRCRRFRWLLFRWL')  global_best=2.1244 log2  τ=1.49  β=0.074
Ep 572/2000  reward=+0.0183 log2  ep_best=2.8609 log2 ('KYCRRFRWLHFRWL')  global_best=2.1244 log2  τ=1.49  β=0.074
Ep 573/2000  reward=+0.0000 log2  ep_best=2.8791 log2 ('KYCRRFRWLTFRWL')  global_best=2.1244 log2  τ=1.48  β=0.074
Ep 574/2000  reward=+0.4011 log2  ep_best=2.4780 log2 ('WRFRRFRWKWVRWL')  global_best=2.1244 log2  τ=1.48  β=0.074
Ep 575/2000  reward=+0.0000 log2  ep_best=2.8791 log2 ('KYCRRFRWLTFRWL')  global_best=2.1244 log2  τ=1.48  β=0.074
Ep 576/2000  reward=+0.0183 log2  ep_best=2.8609 log2 ('KYCRRFRWLHFRWL')  global_best=2.1244 log2  τ=1.48  β=0.074
Ep 577/2000  reward=+0.2230 log2  ep_best=2.6562 log2 ('KRCRRFRWLKFRWL')  global_best=2.1244 log2  τ=1.48  β=0.074
Ep 578/2000  reward=+0.0000 log2  ep_best=2.8791 log2 ('KYCRRFRWLTFRWL')  global_best=2.1244 log2  τ=1.48  β=0.074
Ep 579/2000  reward=+0.0000 log2  ep_best=2.8791 log2 ('KYCRRFRWLTFRWL')  global_best=2.1244 log2  τ=1.48  β=0.074
Ep 580/2000  reward=+0.0000 log2  ep_best=2.8791 log2 ('KYCRRFRWLTFRWL')  global_best=2.1244 log2  τ=1.48  β=0.074
Ep 581/2000  reward=+0.0000 log2  ep_best=2.8791 log2 ('KYCRRFRWLTFRWL')  global_best=2.1244 log2  τ=1.48  β=0.074
Ep 582/2000  reward=+0.0000 log2  ep_best=2.8791 log2 ('KYCRRFRWLTFRWL')  global_best=2.1244 log2  τ=1.48  β=0.074
Ep 583/2000  reward=+0.0000 log2  ep_best=2.8791 log2 ('KYCRRFRWLTFRWL')  global_best=2.1244 log2  τ=1.48  β=0.074
Ep 584/2000  reward=+0.0000 log2  ep_best=2.8791 log2 ('KYCRRFRWLTFRWL')  global_best=2.1244 log2  τ=1.48  β=0.074
Ep 585/2000  reward=+0.0183 log2  ep_best=2.8609 log2 ('KYCRRFRWLHFRWL')  global_best=2.1244 log2  τ=1.47  β=0.074
Ep 586/2000  reward=+0.0000 log2  ep_best=2.8791 log2 ('KYCRRFRWLTFRWL')  global_best=2.1244 log2  τ=1.47  β=0.074
Ep 587/2000  reward=+0.2507 log2  ep_best=2.6285 log2 ('KRFRRFRWLLFRWL')  global_best=2.1244 log2  τ=1.47  β=0.074
Ep 588/2000  reward=+0.0712 log2  ep_best=2.8079 log2 ('WRCRRFRWKYVRWL')  global_best=2.1244 log2  τ=1.47  β=0.074
Ep 589/2000  reward=+0.0000 log2  ep_best=2.8791 log2 ('KYCRRFRWLTFRWL')  global_best=2.1244 log2  τ=1.47  β=0.074
Ep 590/2000  reward=+0.0000 log2  ep_best=2.8791 log2 ('KYCRRFRWLTFRWL')  global_best=2.1244 log2  τ=1.47  β=0.073
Ep 591/2000  reward=+0.0196 log2  ep_best=2.8595 log2 ('KYCRRFRWLFFRWL')  global_best=2.1244 log2  τ=1.47  β=0.073
Ep 592/2000  reward=+0.0000 log2  ep_best=2.8791 log2 ('KYCRRFRWLTFRWL')  global_best=2.1244 log2  τ=1.47  β=0.073
Ep 593/2000  reward=+0.0000 log2  ep_best=2.8791 log2 ('KYCRRFRWLTFRWL')  global_best=2.1244 log2  τ=1.47  β=0.073
Ep 594/2000  reward=+0.0308 log2  ep_best=2.8483 log2 ('KYCRRFRWLYFRWL')  global_best=2.1244 log2  τ=1.47  β=0.073
Ep 595/2000  reward=+0.0000 log2  ep_best=2.8791 log2 ('KYCRRFRWLTFRWL')  global_best=2.1244 log2  τ=1.47  β=0.073
Ep 596/2000  reward=+0.0196 log2  ep_best=2.8595 log2 ('KYCRRFRWLFFRWL')  global_best=2.1244 log2  τ=1.46  β=0.073
Ep 597/2000  reward=+0.0000 log2  ep_best=2.8791 log2 ('KYCRRFRWLTFRWL')  global_best=2.1244 log2  τ=1.46  β=0.073
Ep 598/2000  reward=+0.0000 log2  ep_best=2.8791 log2 ('KYCRRFRWLTFRWL')  global_best=2.1244 log2  τ=1.46  β=0.073
Ep 599/2000  reward=+0.0196 log2  ep_best=2.8595 log2 ('KYCRRFRWLFFRWL')  global_best=2.1244 log2  τ=1.46  β=0.073
Ep 600/2000  reward=+0.0000 log2  ep_best=2.8791 log2 ('KYCRRFRWLTFRWL')  global_best=2.1244 log2  τ=1.46  β=0.073
Ep 601/2000  reward=+0.0000 log2  ep_best=2.8791 log2 ('KYCRRFRWLTFRWL')  global_best=2.1244 log2  τ=1.46  β=0.073
Ep 602/2000  reward=+0.0000 log2  ep_best=2.8791 log2 ('KYCRRFRWLTFRWL')  global_best=2.1244 log2  τ=1.46  β=0.073
Ep 603/2000  reward=+0.0000 log2  ep_best=2.8791 log2 ('KYCRRFRWLTFRWL')  global_best=2.1244 log2  τ=1.46  β=0.073
Ep 604/2000  reward=+0.2351 log2  ep_best=2.6440 log2 ('WYCRRFRWLKFRWL')  global_best=2.1244 log2  τ=1.46  β=0.073
Ep 605/2000  reward=+0.1139 log2  ep_best=2.7653 log2 ('KRCRRFRWLYFRWL')  global_best=2.1244 log2  τ=1.46  β=0.073
Ep 606/2000  reward=+0.0000 log2  ep_best=2.8791 log2 ('KYCRRFRWLTFRWL')  global_best=2.1244 log2  τ=1.46  β=0.073
Ep 607/2000  reward=+0.0183 log2  ep_best=2.8609 log2 ('KYCRRFRWLHFRWL')  global_best=2.1244 log2  τ=1.45  β=0.073
Ep 608/2000  reward=+0.0000 log2  ep_best=2.8791 log2 ('KYCRRFRWLTFRWL')  global_best=2.1244 log2  τ=1.45  β=0.073
Ep 609/2000  reward=+0.0000 log2  ep_best=2.8791 log2 ('KYCRRFRWLTFRWL')  global_best=2.1244 log2  τ=1.45  β=0.073
Ep 610/2000  reward=+0.0308 log2  ep_best=2.8483 log2 ('KYCRRFRWLYFRWL')  global_best=2.1244 log2  τ=1.45  β=0.073
Ep 611/2000  reward=+0.2351 log2  ep_best=2.6440 log2 ('WYCRRFRWLKFRWL')  global_best=2.1244 log2  τ=1.45  β=0.073
Ep 612/2000  reward=+0.0000 log2  ep_best=2.8791 log2 ('KYCRRFRWLTFRWL')  global_best=2.1244 log2  τ=1.45  β=0.072
Ep 613/2000  reward=+0.0000 log2  ep_best=2.8791 log2 ('KYCRRFRWLTFRWL')  global_best=2.1244 log2  τ=1.45  β=0.072
Ep 614/2000  reward=+0.0000 log2  ep_best=2.8791 log2 ('KYCRRFRWLTFRWL')  global_best=2.1244 log2  τ=1.45  β=0.072
Ep 615/2000  reward=+0.0000 log2  ep_best=2.8791 log2 ('KYCRRFRWLTFRWL')  global_best=2.1244 log2  τ=1.45  β=0.072
Ep 616/2000  reward=+0.0000 log2  ep_best=2.8791 log2 ('KYCRRFRWLTFRWL')  global_best=2.1244 log2  τ=1.45  β=0.072
Ep 617/2000  reward=+0.0183 log2  ep_best=2.8609 log2 ('KYCRRFRWLHFRWL')  global_best=2.1244 log2  τ=1.45  β=0.072
Ep 618/2000  reward=+0.0000 log2  ep_best=2.8791 log2 ('KYCRRFRWLTFRWL')  global_best=2.1244 log2  τ=1.44  β=0.072
Ep 619/2000  reward=+0.0000 log2  ep_best=2.8791 log2 ('KYCRRFRWLTFRWL')  global_best=2.1244 log2  τ=1.44  β=0.072
Ep 620/2000  reward=+0.0196 log2  ep_best=2.8595 log2 ('KYCRRFRWLFFRWL')  global_best=2.1244 log2  τ=1.44  β=0.072
Ep 621/2000  reward=+0.0712 log2  ep_best=2.8079 log2 ('WRCRRFRWKYVRWL')  global_best=2.1244 log2  τ=1.44  β=0.072
Ep 622/2000  reward=+0.0000 log2  ep_best=2.8791 log2 ('KYCRRFRWLTFRWL')  global_best=2.1244 log2  τ=1.44  β=0.072
Ep 623/2000  reward=+0.0000 log2  ep_best=2.8791 log2 ('KYCRRFRWLTFRWL')  global_best=2.1244 log2  τ=1.44  β=0.072
Ep 624/2000  reward=+0.0000 log2  ep_best=2.8791 log2 ('KYCRRFRWLTFRWL')  global_best=2.1244 log2  τ=1.44  β=0.072
Ep 625/2000  reward=+0.0712 log2  ep_best=2.8079 log2 ('WRCRRFRWKYVRWL')  global_best=2.1244 log2  τ=1.44  β=0.072
Ep 626/2000  reward=+0.0000 log2  ep_best=2.8791 log2 ('KYCRRFRWLTFRWL')  global_best=2.1244 log2  τ=1.44  β=0.072
Ep 627/2000  reward=+0.0000 log2  ep_best=2.8791 log2 ('KYCRRFRWLTFRWL')  global_best=2.1244 log2  τ=1.44  β=0.072
Ep 628/2000  reward=+0.0000 log2  ep_best=2.8791 log2 ('KYCRRFRWLTFRWL')  global_best=2.1244 log2  τ=1.44  β=0.072
Ep 629/2000  reward=+0.0000 log2  ep_best=2.8791 log2 ('KYCRRFRWLTFRWL')  global_best=2.1244 log2  τ=1.43  β=0.072
Ep 630/2000  reward=+0.0000 log2  ep_best=2.8791 log2 ('KYCRRFRWLTFRWL')  global_best=2.1244 log2  τ=1.43  β=0.072
Ep 631/2000  reward=+0.0712 log2  ep_best=2.8079 log2 ('WRCRRFRWKYVRWL')  global_best=2.1244 log2  τ=1.43  β=0.072
Ep 632/2000  reward=+0.4363 log2  ep_best=2.4429 log2 ('KRFRRFRWLKFRWL')  global_best=2.1244 log2  τ=1.43  β=0.072
Ep 633/2000  reward=+0.2351 log2  ep_best=2.6440 log2 ('WYCRRFRWLKFRWL')  global_best=2.1244 log2  τ=1.43  β=0.072
Ep 634/2000  reward=+0.0000 log2  ep_best=2.8791 log2 ('KYCRRFRWLTFRWL')  global_best=2.1244 log2  τ=1.43  β=0.072
Ep 635/2000  reward=+0.0000 log2  ep_best=2.8791 log2 ('KYCRRFRWLTFRWL')  global_best=2.1244 log2  τ=1.43  β=0.071
Ep 636/2000  reward=+0.0000 log2  ep_best=2.8791 log2 ('KYCRRFRWLTFRWL')  global_best=2.1244 log2  τ=1.43  β=0.071
Ep 637/2000  reward=+0.1139 log2  ep_best=2.7653 log2 ('KRCRRFRWLYFRWL')  global_best=2.1244 log2  τ=1.43  β=0.071
Ep 638/2000  reward=+0.0183 log2  ep_best=2.8609 log2 ('KYCRRFRWLHFRWL')  global_best=2.1244 log2  τ=1.43  β=0.071
Ep 639/2000  reward=+0.0000 log2  ep_best=2.8791 log2 ('KYCRRFRWLTFRWL')  global_best=2.1244 log2  τ=1.43  β=0.071
Ep 640/2000  reward=+0.1093 log2  ep_best=2.7699 log2 ('KRCRRFRWLLFRWL')  global_best=2.1244 log2  τ=1.42  β=0.071
Ep 641/2000  reward=+0.0712 log2  ep_best=2.8079 log2 ('WRCRRFRWKYVRWL')  global_best=2.1244 log2  τ=1.42  β=0.071
Ep 642/2000  reward=+0.0000 log2  ep_best=2.8791 log2 ('KYCRRFRWLTFRWL')  global_best=2.1244 log2  τ=1.42  β=0.071
Ep 643/2000  reward=+0.3512 log2  ep_best=2.5279 log2 ('WRFRRFRWLKFRWL')  global_best=2.1244 log2  τ=1.42  β=0.071
Ep 644/2000  reward=+0.0308 log2  ep_best=2.8483 log2 ('KYCRRFRWLYFRWL')  global_best=2.1244 log2  τ=1.42  β=0.071
Ep 645/2000  reward=+0.0000 log2  ep_best=2.8791 log2 ('KYCRRFRWLTFRWL')  global_best=2.1244 log2  τ=1.42  β=0.071
Ep 646/2000  reward=+0.0000 log2  ep_best=2.8791 log2 ('KYCRRFRWLTFRWL')  global_best=2.1244 log2  τ=1.42  β=0.071
Ep 647/2000  reward=+0.0183 log2  ep_best=2.8609 log2 ('KYCRRFRWLHFRWL')  global_best=2.1244 log2  τ=1.42  β=0.071
Ep 648/2000  reward=+0.0000 log2  ep_best=2.8791 log2 ('KYCRRFRWLTFRWL')  global_best=2.1244 log2  τ=1.42  β=0.071
Ep 649/2000  reward=+0.0712 log2  ep_best=2.8079 log2 ('WRCRRFRWKYVRWL')  global_best=2.1244 log2  τ=1.42  β=0.071
Ep 650/2000  reward=+0.0000 log2  ep_best=2.8791 log2 ('KYCRRFRWLTFRWL')  global_best=2.1244 log2  τ=1.42  β=0.071
Ep 651/2000  reward=+0.0000 log2  ep_best=2.8791 log2 ('KYCRRFRWLTFRWL')  global_best=2.1244 log2  τ=1.41  β=0.071
Ep 652/2000  reward=+0.0196 log2  ep_best=2.8595 log2 ('KYCRRFRWLFFRWL')  global_best=2.1244 log2  τ=1.41  β=0.071
Ep 653/2000  reward=+0.0000 log2  ep_best=2.8791 log2 ('KYCRRFRWLTFRWL')  global_best=2.1244 log2  τ=1.41  β=0.071
Ep 654/2000  reward=+0.0183 log2  ep_best=2.8609 log2 ('KYCRRFRWLHFRWL')  global_best=2.1244 log2  τ=1.41  β=0.071
Ep 655/2000  reward=+0.0000 log2  ep_best=2.8791 log2 ('KYCRRFRWLTFRWL')  global_best=2.1244 log2  τ=1.41  β=0.071
Ep 656/2000  reward=+0.0000 log2  ep_best=2.8791 log2 ('KYCRRFRWLTFRWL')  global_best=2.1244 log2  τ=1.41  β=0.071
Ep 657/2000  reward=+0.4363 log2  ep_best=2.4429 log2 ('KRFRRFRWLKFRWL')  global_best=2.1244 log2  τ=1.41  β=0.070
Ep 658/2000  reward=+0.0000 log2  ep_best=2.8791 log2 ('KYCRRFRWLTFRWL')  global_best=2.1244 log2  τ=1.41  β=0.070
Ep 659/2000  reward=+0.0000 log2  ep_best=2.8791 log2 ('KYCRRFRWLTFRWL')  global_best=2.1244 log2  τ=1.41  β=0.070
Ep 660/2000  reward=+0.0000 log2  ep_best=2.8791 log2 ('KYCRRFRWLTFRWL')  global_best=2.1244 log2  τ=1.41  β=0.070
Ep 661/2000  reward=+0.0196 log2  ep_best=2.8595 log2 ('KYCRRFRWLFFRWL')  global_best=2.1244 log2  τ=1.41  β=0.070
Ep 662/2000  reward=+0.0000 log2  ep_best=2.8791 log2 ('KYCRRFRWLTFRWL')  global_best=2.1244 log2  τ=1.40  β=0.070
Ep 663/2000  reward=+0.0000 log2  ep_best=2.8791 log2 ('KYCRRFRWLTFRWL')  global_best=2.1244 log2  τ=1.40  β=0.070
Ep 664/2000  reward=+0.0000 log2  ep_best=2.8791 log2 ('KYCRRFRWLTFRWL')  global_best=2.1244 log2  τ=1.40  β=0.070
Ep 665/2000  reward=+0.1595 log2  ep_best=2.7197 log2 ('WRCRRFRWLKFRWL')  global_best=2.1244 log2  τ=1.40  β=0.070
Ep 666/2000  reward=+0.0712 log2  ep_best=2.8079 log2 ('WRCRRFRWKYVRWL')  global_best=2.1244 log2  τ=1.40  β=0.070
Ep 667/2000  reward=+0.0000 log2  ep_best=2.8791 log2 ('KYCRRFRWLTFRWL')  global_best=2.1244 log2  τ=1.40  β=0.070
Ep 668/2000  reward=+0.0000 log2  ep_best=2.8791 log2 ('KYCRRFRWLTFRWL')  global_best=2.1244 log2  τ=1.40  β=0.070
Ep 669/2000  reward=+0.2755 log2  ep_best=2.6037 log2 ('KYCRRFRWLRFRWL')  global_best=2.1244 log2  τ=1.40  β=0.070
Ep 670/2000  reward=+0.0000 log2  ep_best=2.8791 log2 ('KYCRRFRWLTFRWL')  global_best=2.1244 log2  τ=1.40  β=0.070
Ep 671/2000  reward=+0.0712 log2  ep_best=2.8079 log2 ('WRCRRFRWKYVRWL')  global_best=2.1244 log2  τ=1.40  β=0.070
Ep 672/2000  reward=+0.0000 log2  ep_best=2.8791 log2 ('KYCRRFRWLTFRWL')  global_best=2.1244 log2  τ=1.40  β=0.070
Ep 673/2000  reward=+0.0000 log2  ep_best=2.8791 log2 ('KYCRRFRWLTFRWL')  global_best=2.1244 log2  τ=1.39  β=0.070
Ep 674/2000  reward=+0.2230 log2  ep_best=2.6562 log2 ('KRCRRFRWLKFRWL')  global_best=2.1244 log2  τ=1.39  β=0.070
Ep 675/2000  reward=+0.0000 log2  ep_best=2.8791 log2 ('KYCRRFRWLTFRWL')  global_best=2.1244 log2  τ=1.39  β=0.070
Ep 676/2000  reward=+0.0000 log2  ep_best=2.8791 log2 ('KYCRRFRWLTFRWL')  global_best=2.1244 log2  τ=1.39  β=0.070
Ep 677/2000  reward=+0.0712 log2  ep_best=2.8079 log2 ('WRCRRFRWKYVRWL')  global_best=2.1244 log2  τ=1.39  β=0.070
Ep 678/2000  reward=+0.0000 log2  ep_best=2.8791 log2 ('KYCRRFRWLTFRWL')  global_best=2.1244 log2  τ=1.39  β=0.070
Ep 679/2000  reward=+0.0183 log2  ep_best=2.8609 log2 ('KYCRRFRWLHFRWL')  global_best=2.1244 log2  τ=1.39  β=0.069
Ep 680/2000  reward=+0.0000 log2  ep_best=2.8791 log2 ('KYCRRFRWLTFRWL')  global_best=2.1244 log2  τ=1.39  β=0.069
Ep 681/2000  reward=+0.0000 log2  ep_best=2.8791 log2 ('KYCRRFRWLTFRWL')  global_best=2.1244 log2  τ=1.39  β=0.069
Ep 682/2000  reward=+0.1139 log2  ep_best=2.7653 log2 ('KRCRRFRWLYFRWL')  global_best=2.1244 log2  τ=1.39  β=0.069
Ep 683/2000  reward=+0.0000 log2  ep_best=2.8791 log2 ('KYCRRFRWLTFRWL')  global_best=2.1244 log2  τ=1.39  β=0.069
Ep 684/2000  reward=+0.0183 log2  ep_best=2.8609 log2 ('KYCRRFRWLHFRWL')  global_best=2.1244 log2  τ=1.38  β=0.069
Ep 685/2000  reward=+0.1093 log2  ep_best=2.7699 log2 ('KRCRRFRWLLFRWL')  global_best=2.1244 log2  τ=1.38  β=0.069
Ep 686/2000  reward=+0.0183 log2  ep_best=2.8609 log2 ('KYCRRFRWLHFRWL')  global_best=2.1244 log2  τ=1.38  β=0.069
Ep 687/2000  reward=+0.0183 log2  ep_best=2.8609 log2 ('KYCRRFRWLHFRWL')  global_best=2.1244 log2  τ=1.38  β=0.069
Ep 688/2000  reward=+0.0000 log2  ep_best=2.8791 log2 ('KYCRRFRWLTFRWL')  global_best=2.1244 log2  τ=1.38  β=0.069
Ep 689/2000  reward=+0.0183 log2  ep_best=2.8609 log2 ('KYCRRFRWLHFRWL')  global_best=2.1244 log2  τ=1.38  β=0.069
Ep 690/2000  reward=+0.0000 log2  ep_best=2.8791 log2 ('KYCRRFRWLTFRWL')  global_best=2.1244 log2  τ=1.38  β=0.069
Ep 691/2000  reward=+0.0000 log2  ep_best=2.8791 log2 ('KYCRRFRWLTFRWL')  global_best=2.1244 log2  τ=1.38  β=0.069
Ep 692/2000  reward=+0.0000 log2  ep_best=2.8791 log2 ('KYCRRFRWLTFRWL')  global_best=2.1244 log2  τ=1.38  β=0.069
Ep 693/2000  reward=+0.0000 log2  ep_best=2.8791 log2 ('KYCRRFRWLTFRWL')  global_best=2.1244 log2  τ=1.38  β=0.069
Ep 694/2000  reward=+0.0000 log2  ep_best=2.8791 log2 ('KYCRRFRWLTFRWL')  global_best=2.1244 log2  τ=1.38  β=0.069
Ep 695/2000  reward=+0.0000 log2  ep_best=2.8791 log2 ('KYCRRFRWLTFRWL')  global_best=2.1244 log2  τ=1.38  β=0.069
Ep 696/2000  reward=+0.0000 log2  ep_best=2.8791 log2 ('KYCRRFRWLTFRWL')  global_best=2.1244 log2  τ=1.37  β=0.069
Ep 697/2000  reward=+0.0183 log2  ep_best=2.8609 log2 ('KYCRRFRWLHFRWL')  global_best=2.1244 log2  τ=1.37  β=0.069
Ep 698/2000  reward=+0.0183 log2  ep_best=2.8609 log2 ('KYCRRFRWLHFRWL')  global_best=2.1244 log2  τ=1.37  β=0.069
Ep 699/2000  reward=+0.0000 log2  ep_best=2.8791 log2 ('KYCRRFRWLTFRWL')  global_best=2.1244 log2  τ=1.37  β=0.069
Ep 700/2000  reward=+0.0712 log2  ep_best=2.8079 log2 ('WRCRRFRWKYVRWL')  global_best=2.1244 log2  τ=1.37  β=0.069
Ep 701/2000  reward=+0.0000 log2  ep_best=2.8791 log2 ('KYCRRFRWLTFRWL')  global_best=2.1244 log2  τ=1.37  β=0.068
Ep 702/2000  reward=+0.0000 log2  ep_best=2.8791 log2 ('KYCRRFRWLTFRWL')  global_best=2.1244 log2  τ=1.37  β=0.068
Ep 703/2000  reward=+0.0000 log2  ep_best=2.8791 log2 ('KYCRRFRWLTFRWL')  global_best=2.1244 log2  τ=1.37  β=0.068
Ep 704/2000  reward=+0.0000 log2  ep_best=2.8791 log2 ('KYCRRFRWLTFRWL')  global_best=2.1244 log2  τ=1.37  β=0.068
Ep 705/2000  reward=+0.0000 log2  ep_best=2.8791 log2 ('KYCRRFRWLTFRWL')  global_best=2.1244 log2  τ=1.37  β=0.068
Ep 706/2000  reward=+0.0000 log2  ep_best=2.8791 log2 ('KYCRRFRWLTFRWL')  global_best=2.1244 log2  τ=1.37  β=0.068
Ep 707/2000  reward=+0.0712 log2  ep_best=2.8079 log2 ('WRCRRFRWKYVRWL')  global_best=2.1244 log2  τ=1.36  β=0.068
Ep 708/2000  reward=+0.0712 log2  ep_best=2.8079 log2 ('WRCRRFRWKYVRWL')  global_best=2.1244 log2  τ=1.36  β=0.068
Ep 709/2000  reward=+0.0000 log2  ep_best=2.8791 log2 ('KYCRRFRWLTFRWL')  global_best=2.1244 log2  τ=1.36  β=0.068
Ep 710/2000  reward=+0.0000 log2  ep_best=2.8791 log2 ('KYCRRFRWLTFRWL')  global_best=2.1244 log2  τ=1.36  β=0.068
Ep 711/2000  reward=+0.0000 log2  ep_best=2.8791 log2 ('KYCRRFRWLTFRWL')  global_best=2.1244 log2  τ=1.36  β=0.068
Ep 712/2000  reward=+0.0000 log2  ep_best=2.8791 log2 ('KYCRRFRWLTFRWL')  global_best=2.1244 log2  τ=1.36  β=0.068
Ep 713/2000  reward=+0.0308 log2  ep_best=2.8483 log2 ('KYCRRFRWLYFRWL')  global_best=2.1244 log2  τ=1.36  β=0.068
Ep 714/2000  reward=+0.0000 log2  ep_best=2.8791 log2 ('KYCRRFRWLTFRWL')  global_best=2.1244 log2  τ=1.36  β=0.068
Ep 715/2000  reward=+0.0183 log2  ep_best=2.8609 log2 ('KYCRRFRWLHFRWL')  global_best=2.1244 log2  τ=1.36  β=0.068
Ep 716/2000  reward=+0.0196 log2  ep_best=2.8595 log2 ('KYCRRFRWLFFRWL')  global_best=2.1244 log2  τ=1.36  β=0.068
Ep 717/2000  reward=+0.0712 log2  ep_best=2.8079 log2 ('WRCRRFRWKYVRWL')  global_best=2.1244 log2  τ=1.36  β=0.068
Ep 718/2000  reward=+0.1595 log2  ep_best=2.7197 log2 ('WRCRRFRWLKFRWL')  global_best=2.1244 log2  τ=1.35  β=0.068
Ep 719/2000  reward=+0.0939 log2  ep_best=2.7852 log2 ('WYCRRFRWKWVRWL')  global_best=2.1244 log2  τ=1.35  β=0.068
Ep 720/2000  reward=+0.0000 log2  ep_best=2.8791 log2 ('KYCRRFRWLTFRWL')  global_best=2.1244 log2  τ=1.35  β=0.068
Ep 721/2000  reward=+0.0000 log2  ep_best=2.8791 log2 ('KYCRRFRWLTFRWL')  global_best=2.1244 log2  τ=1.35  β=0.068
Ep 722/2000  reward=+0.0183 log2  ep_best=2.8609 log2 ('KYCRRFRWLHFRWL')  global_best=2.1244 log2  τ=1.35  β=0.068
Ep 723/2000  reward=+0.0000 log2  ep_best=2.8791 log2 ('KYCRRFRWLTFRWL')  global_best=2.1244 log2  τ=1.35  β=0.067
Ep 724/2000  reward=+0.0000 log2  ep_best=2.8791 log2 ('KYCRRFRWLTFRWL')  global_best=2.1244 log2  τ=1.35  β=0.067
Ep 725/2000  reward=+0.1139 log2  ep_best=2.7653 log2 ('KRCRRFRWLYFRWL')  global_best=2.1244 log2  τ=1.35  β=0.067
Ep 726/2000  reward=+0.1139 log2  ep_best=2.7653 log2 ('KRCRRFRWLYFRWL')  global_best=2.1244 log2  τ=1.35  β=0.067
Ep 727/2000  reward=+0.0196 log2  ep_best=2.8595 log2 ('KYCRRFRWLFFRWL')  global_best=2.1244 log2  τ=1.35  β=0.067
Ep 728/2000  reward=+0.7548 log2  ep_best=2.1244 log2 ('KYCRRFRWLKFRWL')  global_best=2.1244 log2  τ=1.35  β=0.067
Ep 729/2000  reward=+0.0000 log2  ep_best=2.8791 log2 ('KYCRRFRWLTFRWL')  global_best=2.1244 log2  τ=1.34  β=0.067
Ep 730/2000  reward=+0.0000 log2  ep_best=2.8791 log2 ('KYCRRFRWLTFRWL')  global_best=2.1244 log2  τ=1.34  β=0.067
Ep 731/2000  reward=+0.0183 log2  ep_best=2.8609 log2 ('KYCRRFRWLHFRWL')  global_best=2.1244 log2  τ=1.34  β=0.067
Ep 732/2000  reward=+0.1093 log2  ep_best=2.7699 log2 ('KRCRRFRWLLFRWL')  global_best=2.1244 log2  τ=1.34  β=0.067
Ep 733/2000  reward=+0.1093 log2  ep_best=2.7699 log2 ('KRCRRFRWLLFRWL')  global_best=2.1244 log2  τ=1.34  β=0.067
Ep 734/2000  reward=+0.4363 log2  ep_best=2.4429 log2 ('KRFRRFRWLKFRWL')  global_best=2.1244 log2  τ=1.34  β=0.067
Ep 735/2000  reward=+0.0000 log2  ep_best=2.8791 log2 ('KYCRRFRWLTFRWL')  global_best=2.1244 log2  τ=1.34  β=0.067
Ep 736/2000  reward=+0.0000 log2  ep_best=2.8791 log2 ('KYCRRFRWLTFRWL')  global_best=2.1244 log2  τ=1.34  β=0.067
Ep 737/2000  reward=+0.0712 log2  ep_best=2.8079 log2 ('WRCRRFRWKYVRWL')  global_best=2.1244 log2  τ=1.34  β=0.067
Ep 738/2000  reward=+0.0000 log2  ep_best=2.8791 log2 ('KYCRRFRWLTFRWL')  global_best=2.1244 log2  τ=1.34  β=0.067
Ep 739/2000  reward=+0.0000 log2  ep_best=2.8791 log2 ('KYCRRFRWLTFRWL')  global_best=2.1244 log2  τ=1.34  β=0.067
Ep 740/2000  reward=+0.1139 log2  ep_best=2.7653 log2 ('KRCRRFRWLYFRWL')  global_best=2.1244 log2  τ=1.33  β=0.067
Ep 741/2000  reward=+0.0183 log2  ep_best=2.8609 log2 ('KYCRRFRWLHFRWL')  global_best=2.1244 log2  τ=1.33  β=0.067
Ep 742/2000  reward=+0.0183 log2  ep_best=2.8609 log2 ('KYCRRFRWLHFRWL')  global_best=2.1244 log2  τ=1.33  β=0.067
Ep 743/2000  reward=+0.0000 log2  ep_best=2.8791 log2 ('KYCRRFRWLTFRWL')  global_best=2.1244 log2  τ=1.33  β=0.067
Ep 744/2000  reward=+0.0000 log2  ep_best=2.8791 log2 ('KYCRRFRWLTFRWL')  global_best=2.1244 log2  τ=1.33  β=0.067
Ep 745/2000  reward=+0.0000 log2  ep_best=2.8791 log2 ('KYCRRFRWLTFRWL')  global_best=2.1244 log2  τ=1.33  β=0.067
Ep 746/2000  reward=+0.0000 log2  ep_best=2.8791 log2 ('KYCRRFRWLTFRWL')  global_best=2.1244 log2  τ=1.33  β=0.066
Ep 747/2000  reward=+0.0000 log2  ep_best=2.8791 log2 ('KYCRRFRWLTFRWL')  global_best=2.1244 log2  τ=1.33  β=0.066
Ep 748/2000  reward=+0.0000 log2  ep_best=2.8791 log2 ('KYCRRFRWLTFRWL')  global_best=2.1244 log2  τ=1.33  β=0.066
Ep 749/2000  reward=+0.0000 log2  ep_best=2.8791 log2 ('KYCRRFRWLTFRWL')  global_best=2.1244 log2  τ=1.33  β=0.066
Ep 750/2000  reward=+0.0183 log2  ep_best=2.8609 log2 ('KYCRRFRWLHFRWL')  global_best=2.1244 log2  τ=1.33  β=0.066
Ep 751/2000  reward=+0.0000 log2  ep_best=2.8791 log2 ('KYCRRFRWLTFRWL')  global_best=2.1244 log2  τ=1.32  β=0.066
Ep 752/2000  reward=+0.0000 log2  ep_best=2.8791 log2 ('KYCRRFRWLTFRWL')  global_best=2.1244 log2  τ=1.32  β=0.066
Ep 753/2000  reward=+0.0183 log2  ep_best=2.8609 log2 ('KYCRRFRWLHFRWL')  global_best=2.1244 log2  τ=1.32  β=0.066
Ep 754/2000  reward=+0.0000 log2  ep_best=2.8791 log2 ('KYCRRFRWLTFRWL')  global_best=2.1244 log2  τ=1.32  β=0.066
Ep 755/2000  reward=+0.0000 log2  ep_best=2.8791 log2 ('KYCRRFRWLTFRWL')  global_best=2.1244 log2  τ=1.32  β=0.066
Ep 756/2000  reward=+0.0000 log2  ep_best=2.8791 log2 ('KYCRRFRWLTFRWL')  global_best=2.1244 log2  τ=1.32  β=0.066
Ep 757/2000  reward=+0.0000 log2  ep_best=2.8791 log2 ('KYCRRFRWLTFRWL')  global_best=2.1244 log2  τ=1.32  β=0.066
Ep 758/2000  reward=+0.7548 log2  ep_best=2.1244 log2 ('KYCRRFRWLKFRWL')  global_best=2.1244 log2  τ=1.32  β=0.066
Ep 759/2000  reward=+0.0712 log2  ep_best=2.8079 log2 ('WRCRRFRWKYVRWL')  global_best=2.1244 log2  τ=1.32  β=0.066
Ep 760/2000  reward=+0.0000 log2  ep_best=2.8791 log2 ('KYCRRFRWLTFRWL')  global_best=2.1244 log2  τ=1.32  β=0.066
Ep 761/2000  reward=+0.0196 log2  ep_best=2.8595 log2 ('KYCRRFRWLFFRWL')  global_best=2.1244 log2  τ=1.32  β=0.066
Ep 762/2000  reward=+0.0000 log2  ep_best=2.8791 log2 ('KYCRRFRWLTFRWL')  global_best=2.1244 log2  τ=1.31  β=0.066
Ep 763/2000  reward=+0.0000 log2  ep_best=2.8791 log2 ('KYCRRFRWLTFRWL')  global_best=2.1244 log2  τ=1.31  β=0.066
Ep 764/2000  reward=+0.2727 log2  ep_best=2.6065 log2 ('WRFRRFRWKLFRWL')  global_best=2.1244 log2  τ=1.31  β=0.066
Ep 765/2000  reward=+0.0308 log2  ep_best=2.8483 log2 ('KYCRRFRWLYFRWL')  global_best=2.1244 log2  τ=1.31  β=0.066
Ep 766/2000  reward=+0.0196 log2  ep_best=2.8595 log2 ('KYCRRFRWLFFRWL')  global_best=2.1244 log2  τ=1.31  β=0.066
Ep 767/2000  reward=+0.0712 log2  ep_best=2.8079 log2 ('WRCRRFRWKYVRWL')  global_best=2.1244 log2  τ=1.31  β=0.066
Ep 768/2000  reward=+0.0000 log2  ep_best=2.8791 log2 ('KYCRRFRWLTFRWL')  global_best=2.1244 log2  τ=1.31  β=0.065
Ep 769/2000  reward=+0.0000 log2  ep_best=2.8791 log2 ('KYCRRFRWLTFRWL')  global_best=2.1244 log2  τ=1.31  β=0.065
Ep 770/2000  reward=+0.0000 log2  ep_best=2.8791 log2 ('KYCRRFRWLTFRWL')  global_best=2.1244 log2  τ=1.31  β=0.065
Ep 771/2000  reward=+0.0000 log2  ep_best=2.8791 log2 ('KYCRRFRWLTFRWL')  global_best=2.1244 log2  τ=1.31  β=0.065
Ep 772/2000  reward=+0.0000 log2  ep_best=2.8791 log2 ('KYCRRFRWLTFRWL')  global_best=2.1244 log2  τ=1.31  β=0.065
Ep 773/2000  reward=+0.0308 log2  ep_best=2.8483 log2 ('KYCRRFRWLYFRWL')  global_best=2.1244 log2  τ=1.30  β=0.065
Ep 774/2000  reward=+0.0000 log2  ep_best=2.8791 log2 ('KYCRRFRWLTFRWL')  global_best=2.1244 log2  τ=1.30  β=0.065
Ep 775/2000  reward=+0.2230 log2  ep_best=2.6562 log2 ('KRCRRFRWLKFRWL')  global_best=2.1244 log2  τ=1.30  β=0.065
Ep 776/2000  reward=+0.0712 log2  ep_best=2.8079 log2 ('WRCRRFRWKYVRWL')  global_best=2.1244 log2  τ=1.30  β=0.065
Ep 777/2000  reward=+0.4363 log2  ep_best=2.4429 log2 ('KRFRRFRWLKFRWL')  global_best=2.1244 log2  τ=1.30  β=0.065
Ep 778/2000  reward=+0.0712 log2  ep_best=2.8079 log2 ('WRCRRFRWKYVRWL')  global_best=2.1244 log2  τ=1.30  β=0.065
Ep 779/2000  reward=+0.3512 log2  ep_best=2.5279 log2 ('WRFRRFRWLKFRWL')  global_best=2.1244 log2  τ=1.30  β=0.065
Ep 780/2000  reward=+0.0183 log2  ep_best=2.8609 log2 ('KYCRRFRWLHFRWL')  global_best=2.1244 log2  τ=1.30  β=0.065
Ep 781/2000  reward=+0.1093 log2  ep_best=2.7699 log2 ('KRCRRFRWLLFRWL')  global_best=2.1244 log2  τ=1.30  β=0.065
Ep 782/2000  reward=+0.0000 log2  ep_best=2.8791 log2 ('KYCRRFRWLTFRWL')  global_best=2.1244 log2  τ=1.30  β=0.065
Ep 783/2000  reward=+0.0000 log2  ep_best=2.8791 log2 ('KYCRRFRWLTFRWL')  global_best=2.1244 log2  τ=1.30  β=0.065
Ep 784/2000  reward=+0.0183 log2  ep_best=2.8609 log2 ('KYCRRFRWLHFRWL')  global_best=2.1244 log2  τ=1.29  β=0.065
Ep 785/2000  reward=+0.0000 log2  ep_best=2.8791 log2 ('KYCRRFRWLTFRWL')  global_best=2.1244 log2  τ=1.29  β=0.065
Ep 786/2000  reward=+0.0183 log2  ep_best=2.8609 log2 ('KYCRRFRWLHFRWL')  global_best=2.1244 log2  τ=1.29  β=0.065
Ep 787/2000  reward=+0.0196 log2  ep_best=2.8595 log2 ('KYCRRFRWLFFRWL')  global_best=2.1244 log2  τ=1.29  β=0.065
Ep 788/2000  reward=+0.0183 log2  ep_best=2.8609 log2 ('KYCRRFRWLHFRWL')  global_best=2.1244 log2  τ=1.29  β=0.065
Ep 789/2000  reward=+0.0000 log2  ep_best=2.8791 log2 ('KYCRRFRWLTFRWL')  global_best=2.1244 log2  τ=1.29  β=0.065
Ep 790/2000  reward=+0.0000 log2  ep_best=2.8791 log2 ('KYCRRFRWLTFRWL')  global_best=2.1244 log2  τ=1.29  β=0.064
Ep 791/2000  reward=+0.2755 log2  ep_best=2.6037 log2 ('KYCRRFRWLRFRWL')  global_best=2.1244 log2  τ=1.29  β=0.064
Ep 792/2000  reward=+0.0183 log2  ep_best=2.8609 log2 ('KYCRRFRWLHFRWL')  global_best=2.1244 log2  τ=1.29  β=0.064
Ep 793/2000  reward=+0.0000 log2  ep_best=2.8791 log2 ('KYCRRFRWLTFRWL')  global_best=2.1244 log2  τ=1.29  β=0.064
Ep 794/2000  reward=+0.0308 log2  ep_best=2.8483 log2 ('KYCRRFRWLYFRWL')  global_best=2.1244 log2  τ=1.29  β=0.064
Ep 795/2000  reward=+0.0000 log2  ep_best=2.8791 log2 ('KYCRRFRWLTFRWL')  global_best=2.1244 log2  τ=1.29  β=0.064
Ep 796/2000  reward=+0.0000 log2  ep_best=2.8791 log2 ('KYCRRFRWLTFRWL')  global_best=2.1244 log2  τ=1.28  β=0.064
Ep 797/2000  reward=+0.0000 log2  ep_best=2.8791 log2 ('KYCRRFRWLTFRWL')  global_best=2.1244 log2  τ=1.28  β=0.064
Ep 798/2000  reward=+0.1139 log2  ep_best=2.7653 log2 ('KRCRRFRWLYFRWL')  global_best=2.1244 log2  τ=1.28  β=0.064
Ep 799/2000  reward=+0.0308 log2  ep_best=2.8483 log2 ('KYCRRFRWLYFRWL')  global_best=2.1244 log2  τ=1.28  β=0.064
Ep 800/2000  reward=+0.0183 log2  ep_best=2.8609 log2 ('KYCRRFRWLHFRWL')  global_best=2.1244 log2  τ=1.28  β=0.064
Ep 801/2000  reward=+0.2230 log2  ep_best=2.6562 log2 ('KRCRRFRWLKFRWL')  global_best=2.1244 log2  τ=1.28  β=0.064
Ep 802/2000  reward=+0.0308 log2  ep_best=2.8483 log2 ('KYCRRFRWLYFRWL')  global_best=2.1244 log2  τ=1.28  β=0.064
Ep 803/2000  reward=+0.0196 log2  ep_best=2.8595 log2 ('KYCRRFRWLFFRWL')  global_best=2.1244 log2  τ=1.28  β=0.064
Ep 804/2000  reward=+0.1093 log2  ep_best=2.7699 log2 ('KRCRRFRWLLFRWL')  global_best=2.1244 log2  τ=1.28  β=0.064
Ep 805/2000  reward=+0.0000 log2  ep_best=2.8791 log2 ('KYCRRFRWLTFRWL')  global_best=2.1244 log2  τ=1.28  β=0.064
Ep 806/2000  reward=+0.0000 log2  ep_best=2.8791 log2 ('KYCRRFRWLTFRWL')  global_best=2.1244 log2  τ=1.28  β=0.064
Ep 807/2000  reward=+0.2351 log2  ep_best=2.6440 log2 ('WYCRRFRWLKFRWL')  global_best=2.1244 log2  τ=1.27  β=0.064
Ep 808/2000  reward=+0.0000 log2  ep_best=2.8791 log2 ('KYCRRFRWLTFRWL')  global_best=2.1244 log2  τ=1.27  β=0.064
Ep 809/2000  reward=+0.0000 log2  ep_best=2.8791 log2 ('KYCRRFRWLTFRWL')  global_best=2.1244 log2  τ=1.27  β=0.064
Ep 810/2000  reward=+0.0000 log2  ep_best=2.8791 log2 ('KYCRRFRWLTFRWL')  global_best=2.1244 log2  τ=1.27  β=0.064
Ep 811/2000  reward=+0.0712 log2  ep_best=2.8079 log2 ('WRCRRFRWKYVRWL')  global_best=2.1244 log2  τ=1.27  β=0.064
Ep 812/2000  reward=+0.0000 log2  ep_best=2.8791 log2 ('KYCRRFRWLTFRWL')  global_best=2.1244 log2  τ=1.27  β=0.063
Ep 813/2000  reward=+0.0000 log2  ep_best=2.8791 log2 ('KYCRRFRWLTFRWL')  global_best=2.1244 log2  τ=1.27  β=0.063
Ep 814/2000  reward=+0.0000 log2  ep_best=2.8791 log2 ('KYCRRFRWLTFRWL')  global_best=2.1244 log2  τ=1.27  β=0.063
Ep 815/2000  reward=+0.0000 log2  ep_best=2.8791 log2 ('KYCRRFRWLTFRWL')  global_best=2.1244 log2  τ=1.27  β=0.063
Ep 816/2000  reward=+0.0000 log2  ep_best=2.8791 log2 ('KYCRRFRWLTFRWL')  global_best=2.1244 log2  τ=1.27  β=0.063
Ep 817/2000  reward=+0.0183 log2  ep_best=2.8609 log2 ('KYCRRFRWLHFRWL')  global_best=2.1244 log2  τ=1.27  β=0.063
Ep 818/2000  reward=+0.0000 log2  ep_best=2.8791 log2 ('KYCRRFRWLTFRWL')  global_best=2.1244 log2  τ=1.26  β=0.063
Ep 819/2000  reward=+0.0000 log2  ep_best=2.8791 log2 ('KYCRRFRWLTFRWL')  global_best=2.1244 log2  τ=1.26  β=0.063
Ep 820/2000  reward=+0.0183 log2  ep_best=2.8609 log2 ('KYCRRFRWLHFRWL')  global_best=2.1244 log2  τ=1.26  β=0.063
Ep 821/2000  reward=+0.0000 log2  ep_best=2.8791 log2 ('KYCRRFRWLTFRWL')  global_best=2.1244 log2  τ=1.26  β=0.063
Ep 822/2000  reward=+0.0000 log2  ep_best=2.8791 log2 ('KYCRRFRWLTFRWL')  global_best=2.1244 log2  τ=1.26  β=0.063
Ep 823/2000  reward=+0.0000 log2  ep_best=2.8791 log2 ('KYCRRFRWLTFRWL')  global_best=2.1244 log2  τ=1.26  β=0.063
Ep 824/2000  reward=+0.2230 log2  ep_best=2.6562 log2 ('KRCRRFRWLKFRWL')  global_best=2.1244 log2  τ=1.26  β=0.063
Ep 825/2000  reward=+0.1595 log2  ep_best=2.7197 log2 ('WRCRRFRWLKFRWL')  global_best=2.1244 log2  τ=1.26  β=0.063
Ep 826/2000  reward=+0.0183 log2  ep_best=2.8609 log2 ('KYCRRFRWLHFRWL')  global_best=2.1244 log2  τ=1.26  β=0.063
Ep 827/2000  reward=+0.0000 log2  ep_best=2.8791 log2 ('KYCRRFRWLTFRWL')  global_best=2.1244 log2  τ=1.26  β=0.063
Ep 828/2000  reward=+0.0000 log2  ep_best=2.8791 log2 ('KYCRRFRWLTFRWL')  global_best=2.1244 log2  τ=1.26  β=0.063
Ep 829/2000  reward=+0.0000 log2  ep_best=2.8791 log2 ('KYCRRFRWLTFRWL')  global_best=2.1244 log2  τ=1.25  β=0.063
Ep 830/2000  reward=+0.0000 log2  ep_best=2.8791 log2 ('KYCRRFRWLTFRWL')  global_best=2.1244 log2  τ=1.25  β=0.063
Ep 831/2000  reward=+0.0183 log2  ep_best=2.8609 log2 ('KYCRRFRWLHFRWL')  global_best=2.1244 log2  τ=1.25  β=0.063
Ep 832/2000  reward=+0.0000 log2  ep_best=2.8791 log2 ('KYCRRFRWLTFRWL')  global_best=2.1244 log2  τ=1.25  β=0.063
Ep 833/2000  reward=+0.0000 log2  ep_best=2.8791 log2 ('KYCRRFRWLTFRWL')  global_best=2.1244 log2  τ=1.25  β=0.063
Ep 834/2000  reward=+0.0000 log2  ep_best=2.8791 log2 ('KYCRRFRWLTFRWL')  global_best=2.1244 log2  τ=1.25  β=0.062
Ep 835/2000  reward=+0.0196 log2  ep_best=2.8595 log2 ('KYCRRFRWLFFRWL')  global_best=2.1244 log2  τ=1.25  β=0.062
Ep 836/2000  reward=+0.2351 log2  ep_best=2.6440 log2 ('WYCRRFRWLKFRWL')  global_best=2.1244 log2  τ=1.25  β=0.062
Ep 837/2000  reward=+0.0712 log2  ep_best=2.8079 log2 ('WRCRRFRWKYVRWL')  global_best=2.1244 log2  τ=1.25  β=0.062
Ep 838/2000  reward=+0.0712 log2  ep_best=2.8079 log2 ('WRCRRFRWKYVRWL')  global_best=2.1244 log2  τ=1.25  β=0.062
Ep 839/2000  reward=+0.0000 log2  ep_best=2.8791 log2 ('KYCRRFRWLTFRWL')  global_best=2.1244 log2  τ=1.25  β=0.062
Ep 840/2000  reward=+0.0000 log2  ep_best=2.8791 log2 ('KYCRRFRWLTFRWL')  global_best=2.1244 log2  τ=1.24  β=0.062
Ep 841/2000  reward=+0.0000 log2  ep_best=2.8791 log2 ('KYCRRFRWLTFRWL')  global_best=2.1244 log2  τ=1.24  β=0.062
Ep 842/2000  reward=+0.1595 log2  ep_best=2.7197 log2 ('WRCRRFRWLKFRWL')  global_best=2.1244 log2  τ=1.24  β=0.062
Ep 843/2000  reward=+0.0712 log2  ep_best=2.8079 log2 ('WRCRRFRWKYVRWL')  global_best=2.1244 log2  τ=1.24  β=0.062
Ep 844/2000  reward=+0.0712 log2  ep_best=2.8079 log2 ('WRCRRFRWKYVRWL')  global_best=2.1244 log2  τ=1.24  β=0.062
Ep 845/2000  reward=+0.0000 log2  ep_best=2.8791 log2 ('KYCRRFRWLTFRWL')  global_best=2.1244 log2  τ=1.24  β=0.062
Ep 846/2000  reward=+0.0196 log2  ep_best=2.8595 log2 ('KYCRRFRWLFFRWL')  global_best=2.1244 log2  τ=1.24  β=0.062
Ep 847/2000  reward=+0.0183 log2  ep_best=2.8609 log2 ('KYCRRFRWLHFRWL')  global_best=2.1244 log2  τ=1.24  β=0.062
Ep 848/2000  reward=+0.0000 log2  ep_best=2.8791 log2 ('KYCRRFRWLTFRWL')  global_best=2.1244 log2  τ=1.24  β=0.062
Ep 849/2000  reward=+0.1093 log2  ep_best=2.7699 log2 ('KRCRRFRWLLFRWL')  global_best=2.1244 log2  τ=1.24  β=0.062
Ep 850/2000  reward=+0.0308 log2  ep_best=2.8483 log2 ('KYCRRFRWLYFRWL')  global_best=2.1244 log2  τ=1.24  β=0.062
Ep 851/2000  reward=+0.0712 log2  ep_best=2.8079 log2 ('WRCRRFRWKYVRWL')  global_best=2.1244 log2  τ=1.23  β=0.062
Ep 852/2000  reward=+0.0183 log2  ep_best=2.8609 log2 ('KYCRRFRWLHFRWL')  global_best=2.1244 log2  τ=1.23  β=0.062
Ep 853/2000  reward=+0.1595 log2  ep_best=2.7197 log2 ('WRCRRFRWLKFRWL')  global_best=2.1244 log2  τ=1.23  β=0.062
Ep 854/2000  reward=+0.0000 log2  ep_best=2.8791 log2 ('KYCRRFRWLTFRWL')  global_best=2.1244 log2  τ=1.23  β=0.062
Ep 855/2000  reward=+0.0000 log2  ep_best=2.8791 log2 ('KYCRRFRWLTFRWL')  global_best=2.1244 log2  τ=1.23  β=0.062
Ep 856/2000  reward=+0.0000 log2  ep_best=2.8791 log2 ('KYCRRFRWLTFRWL')  global_best=2.1244 log2  τ=1.23  β=0.062
Ep 857/2000  reward=+0.0000 log2  ep_best=2.8791 log2 ('KYCRRFRWLTFRWL')  global_best=2.1244 log2  τ=1.23  β=0.061
Ep 858/2000  reward=+0.1093 log2  ep_best=2.7699 log2 ('KRCRRFRWLLFRWL')  global_best=2.1244 log2  τ=1.23  β=0.061
Ep 859/2000  reward=+0.0000 log2  ep_best=2.8791 log2 ('KYCRRFRWLTFRWL')  global_best=2.1244 log2  τ=1.23  β=0.061
Ep 860/2000  reward=+0.0196 log2  ep_best=2.8595 log2 ('KYCRRFRWLFFRWL')  global_best=2.1244 log2  τ=1.23  β=0.061
Ep 861/2000  reward=+0.0196 log2  ep_best=2.8595 log2 ('KYCRRFRWLFFRWL')  global_best=2.1244 log2  τ=1.23  β=0.061
Ep 862/2000  reward=+0.0183 log2  ep_best=2.8609 log2 ('KYCRRFRWLHFRWL')  global_best=2.1244 log2  τ=1.22  β=0.061
Ep 863/2000  reward=+0.1139 log2  ep_best=2.7653 log2 ('KRCRRFRWLYFRWL')  global_best=2.1244 log2  τ=1.22  β=0.061
Ep 864/2000  reward=+0.0000 log2  ep_best=2.8791 log2 ('KYCRRFRWLTFRWL')  global_best=2.1244 log2  τ=1.22  β=0.061
Ep 865/2000  reward=+0.0000 log2  ep_best=2.8791 log2 ('KYCRRFRWLTFRWL')  global_best=2.1244 log2  τ=1.22  β=0.061
Ep 866/2000  reward=+0.0000 log2  ep_best=2.8791 log2 ('KYCRRFRWLTFRWL')  global_best=2.1244 log2  τ=1.22  β=0.061
Ep 867/2000  reward=+0.0712 log2  ep_best=2.8079 log2 ('WRCRRFRWKYVRWL')  global_best=2.1244 log2  τ=1.22  β=0.061
Ep 868/2000  reward=+0.1436 log2  ep_best=2.7356 log2 ('KRFRRFRWLWFRWL')  global_best=2.1244 log2  τ=1.22  β=0.061
Ep 869/2000  reward=+0.4363 log2  ep_best=2.4429 log2 ('KRFRRFRWLKFRWL')  global_best=2.1244 log2  τ=1.22  β=0.061
Ep 870/2000  reward=+0.0183 log2  ep_best=2.8609 log2 ('KYCRRFRWLHFRWL')  global_best=2.1244 log2  τ=1.22  β=0.061
Ep 871/2000  reward=+0.0000 log2  ep_best=2.8791 log2 ('KYCRRFRWLTFRWL')  global_best=2.1244 log2  τ=1.22  β=0.061
Ep 872/2000  reward=+0.0000 log2  ep_best=2.8791 log2 ('KYCRRFRWLTFRWL')  global_best=2.1244 log2  τ=1.22  β=0.061
Ep 873/2000  reward=+0.0000 log2  ep_best=2.8791 log2 ('KYCRRFRWLTFRWL')  global_best=2.1244 log2  τ=1.21  β=0.061
Ep 874/2000  reward=+0.0000 log2  ep_best=2.8791 log2 ('KYCRRFRWLTFRWL')  global_best=2.1244 log2  τ=1.21  β=0.061
Ep 875/2000  reward=+0.0712 log2  ep_best=2.8079 log2 ('WRCRRFRWKYVRWL')  global_best=2.1244 log2  τ=1.21  β=0.061
Ep 876/2000  reward=+0.1139 log2  ep_best=2.7653 log2 ('KRCRRFRWLYFRWL')  global_best=2.1244 log2  τ=1.21  β=0.061
Ep 877/2000  reward=+0.0000 log2  ep_best=2.8791 log2 ('KYCRRFRWLTFRWL')  global_best=2.1244 log2  τ=1.21  β=0.061
Ep 878/2000  reward=+0.1139 log2  ep_best=2.7653 log2 ('KRCRRFRWLYFRWL')  global_best=2.1244 log2  τ=1.21  β=0.061
Ep 879/2000  reward=+0.0000 log2  ep_best=2.8791 log2 ('KYCRRFRWLTFRWL')  global_best=2.1244 log2  τ=1.21  β=0.060
Ep 880/2000  reward=+0.1093 log2  ep_best=2.7699 log2 ('KRCRRFRWLLFRWL')  global_best=2.1244 log2  τ=1.21  β=0.060
Ep 881/2000  reward=+0.0183 log2  ep_best=2.8609 log2 ('KYCRRFRWLHFRWL')  global_best=2.1244 log2  τ=1.21  β=0.060
Ep 882/2000  reward=+0.0000 log2  ep_best=2.8791 log2 ('KYCRRFRWLTFRWL')  global_best=2.1244 log2  τ=1.21  β=0.060
Ep 883/2000  reward=+0.0000 log2  ep_best=2.8791 log2 ('KYCRRFRWLTFRWL')  global_best=2.1244 log2  τ=1.21  β=0.060
Ep 884/2000  reward=+0.0000 log2  ep_best=2.8791 log2 ('KYCRRFRWLTFRWL')  global_best=2.1244 log2  τ=1.20  β=0.060
Ep 885/2000  reward=+0.0183 log2  ep_best=2.8609 log2 ('KYCRRFRWLHFRWL')  global_best=2.1244 log2  τ=1.20  β=0.060
Ep 886/2000  reward=+0.0712 log2  ep_best=2.8079 log2 ('WRCRRFRWKYVRWL')  global_best=2.1244 log2  τ=1.20  β=0.060
Ep 887/2000  reward=+0.0000 log2  ep_best=2.8791 log2 ('KYCRRFRWLTFRWL')  global_best=2.1244 log2  τ=1.20  β=0.060
Ep 888/2000  reward=+0.0000 log2  ep_best=2.8791 log2 ('KYCRRFRWLTFRWL')  global_best=2.1244 log2  τ=1.20  β=0.060
Ep 889/2000  reward=+0.0000 log2  ep_best=2.8791 log2 ('KYCRRFRWLTFRWL')  global_best=2.1244 log2  τ=1.20  β=0.060
Ep 890/2000  reward=+0.0308 log2  ep_best=2.8483 log2 ('KYCRRFRWLYFRWL')  global_best=2.1244 log2  τ=1.20  β=0.060
Ep 891/2000  reward=+0.7548 log2  ep_best=2.1244 log2 ('KYCRRFRWLKFRWL')  global_best=2.1244 log2  τ=1.20  β=0.060
Ep 892/2000  reward=+0.0196 log2  ep_best=2.8595 log2 ('KYCRRFRWLFFRWL')  global_best=2.1244 log2  τ=1.20  β=0.060
Ep 893/2000  reward=+0.0308 log2  ep_best=2.8483 log2 ('KYCRRFRWLYFRWL')  global_best=2.1244 log2  τ=1.20  β=0.060
Ep 894/2000  reward=+0.0000 log2  ep_best=2.8791 log2 ('KYCRRFRWLTFRWL')  global_best=2.1244 log2  τ=1.20  β=0.060
Ep 895/2000  reward=+0.0000 log2  ep_best=2.8791 log2 ('KYCRRFRWLTFRWL')  global_best=2.1244 log2  τ=1.19  β=0.060
Ep 896/2000  reward=+0.0308 log2  ep_best=2.8483 log2 ('KYCRRFRWLYFRWL')  global_best=2.1244 log2  τ=1.19  β=0.060
Ep 897/2000  reward=+0.0308 log2  ep_best=2.8483 log2 ('KYCRRFRWLYFRWL')  global_best=2.1244 log2  τ=1.19  β=0.060
Ep 898/2000  reward=+0.2351 log2  ep_best=2.6440 log2 ('WYCRRFRWLKFRWL')  global_best=2.1244 log2  τ=1.19  β=0.060
Ep 899/2000  reward=+0.0000 log2  ep_best=2.8791 log2 ('KYCRRFRWLTFRWL')  global_best=2.1244 log2  τ=1.19  β=0.060
Ep 900/2000  reward=+0.0000 log2  ep_best=2.8791 log2 ('KYCRRFRWLTFRWL')  global_best=2.1244 log2  τ=1.19  β=0.060
Ep 901/2000  reward=+0.4363 log2  ep_best=2.4429 log2 ('KRFRRFRWLKFRWL')  global_best=2.1244 log2  τ=1.19  β=0.059
Ep 902/2000  reward=+0.0183 log2  ep_best=2.8609 log2 ('KYCRRFRWLHFRWL')  global_best=2.1244 log2  τ=1.19  β=0.059
Ep 903/2000  reward=+0.0712 log2  ep_best=2.8079 log2 ('WRCRRFRWKYVRWL')  global_best=2.1244 log2  τ=1.19  β=0.059
Ep 904/2000  reward=+0.0183 log2  ep_best=2.8609 log2 ('KYCRRFRWLHFRWL')  global_best=2.1244 log2  τ=1.19  β=0.059
Ep 905/2000  reward=+0.0000 log2  ep_best=2.8791 log2 ('KYCRRFRWLTFRWL')  global_best=2.1244 log2  τ=1.19  β=0.059
Ep 906/2000  reward=+0.0000 log2  ep_best=2.8791 log2 ('KYCRRFRWLTFRWL')  global_best=2.1244 log2  τ=1.19  β=0.059
Ep 907/2000  reward=+0.0000 log2  ep_best=2.8791 log2 ('KYCRRFRWLTFRWL')  global_best=2.1244 log2  τ=1.18  β=0.059
Ep 908/2000  reward=+0.0308 log2  ep_best=2.8483 log2 ('KYCRRFRWLYFRWL')  global_best=2.1244 log2  τ=1.18  β=0.059
Ep 909/2000  reward=+0.7548 log2  ep_best=2.1244 log2 ('KYCRRFRWLKFRWL')  global_best=2.1244 log2  τ=1.18  β=0.059
Ep 910/2000  reward=+0.0196 log2  ep_best=2.8595 log2 ('KYCRRFRWLFFRWL')  global_best=2.1244 log2  τ=1.18  β=0.059
Ep 911/2000  reward=+0.0183 log2  ep_best=2.8609 log2 ('KYCRRFRWLHFRWL')  global_best=2.1244 log2  τ=1.18  β=0.059
Ep 912/2000  reward=+0.0183 log2  ep_best=2.8609 log2 ('KYCRRFRWLHFRWL')  global_best=2.1244 log2  τ=1.18  β=0.059
Ep 913/2000  reward=+0.0000 log2  ep_best=2.8791 log2 ('KYCRRFRWLTFRWL')  global_best=2.1244 log2  τ=1.18  β=0.059
Ep 914/2000  reward=+0.0183 log2  ep_best=2.8609 log2 ('KYCRRFRWLHFRWL')  global_best=2.1244 log2  τ=1.18  β=0.059
Ep 915/2000  reward=+0.0308 log2  ep_best=2.8483 log2 ('KYCRRFRWLYFRWL')  global_best=2.1244 log2  τ=1.18  β=0.059
Ep 916/2000  reward=+0.0000 log2  ep_best=2.8791 log2 ('KYCRRFRWLTFRWL')  global_best=2.1244 log2  τ=1.18  β=0.059
Ep 917/2000  reward=+0.0196 log2  ep_best=2.8595 log2 ('KYCRRFRWLFFRWL')  global_best=2.1244 log2  τ=1.18  β=0.059
Ep 918/2000  reward=+0.0196 log2  ep_best=2.8595 log2 ('KYCRRFRWLFFRWL')  global_best=2.1244 log2  τ=1.17  β=0.059
Ep 919/2000  reward=+0.0000 log2  ep_best=2.8791 log2 ('KYCRRFRWLTFRWL')  global_best=2.1244 log2  τ=1.17  β=0.059
Ep 920/2000  reward=+0.0000 log2  ep_best=2.8791 log2 ('KYCRRFRWLTFRWL')  global_best=2.1244 log2  τ=1.17  β=0.059
Ep 921/2000  reward=+0.0196 log2  ep_best=2.8595 log2 ('KYCRRFRWLFFRWL')  global_best=2.1244 log2  τ=1.17  β=0.059
Ep 922/2000  reward=+0.0308 log2  ep_best=2.8483 log2 ('KYCRRFRWLYFRWL')  global_best=2.1244 log2  τ=1.17  β=0.059
Ep 923/2000  reward=+0.0196 log2  ep_best=2.8595 log2 ('KYCRRFRWLFFRWL')  global_best=2.1244 log2  τ=1.17  β=0.058
Ep 924/2000  reward=+0.0000 log2  ep_best=2.8791 log2 ('KYCRRFRWLTFRWL')  global_best=2.1244 log2  τ=1.17  β=0.058
Ep 925/2000  reward=+0.0308 log2  ep_best=2.8483 log2 ('KYCRRFRWLYFRWL')  global_best=2.1244 log2  τ=1.17  β=0.058
Ep 926/2000  reward=+0.0000 log2  ep_best=2.8791 log2 ('KYCRRFRWLTFRWL')  global_best=2.1244 log2  τ=1.17  β=0.058
Ep 927/2000  reward=+0.0712 log2  ep_best=2.8079 log2 ('WRCRRFRWKYVRWL')  global_best=2.1244 log2  τ=1.17  β=0.058
Ep 928/2000  reward=+0.0000 log2  ep_best=2.8791 log2 ('KYCRRFRWLTFRWL')  global_best=2.1244 log2  τ=1.17  β=0.058
Ep 929/2000  reward=+0.0000 log2  ep_best=2.8791 log2 ('KYCRRFRWLTFRWL')  global_best=2.1244 log2  τ=1.16  β=0.058
Ep 930/2000  reward=+0.0000 log2  ep_best=2.8791 log2 ('KYCRRFRWLTFRWL')  global_best=2.1244 log2  τ=1.16  β=0.058
Ep 931/2000  reward=+0.0183 log2  ep_best=2.8609 log2 ('KYCRRFRWLHFRWL')  global_best=2.1244 log2  τ=1.16  β=0.058
Ep 932/2000  reward=+0.0308 log2  ep_best=2.8483 log2 ('KYCRRFRWLYFRWL')  global_best=2.1244 log2  τ=1.16  β=0.058
Ep 933/2000  reward=+0.0000 log2  ep_best=2.8791 log2 ('KYCRRFRWLTFRWL')  global_best=2.1244 log2  τ=1.16  β=0.058
Ep 934/2000  reward=+0.0000 log2  ep_best=2.8791 log2 ('KYCRRFRWLTFRWL')  global_best=2.1244 log2  τ=1.16  β=0.058
Ep 935/2000  reward=+0.0000 log2  ep_best=2.8791 log2 ('KYCRRFRWLTFRWL')  global_best=2.1244 log2  τ=1.16  β=0.058
Ep 936/2000  reward=+0.0000 log2  ep_best=2.8791 log2 ('KYCRRFRWLTFRWL')  global_best=2.1244 log2  τ=1.16  β=0.058
Ep 937/2000  reward=+0.0183 log2  ep_best=2.8609 log2 ('KYCRRFRWLHFRWL')  global_best=2.1244 log2  τ=1.16  β=0.058
Ep 938/2000  reward=+0.0183 log2  ep_best=2.8609 log2 ('KYCRRFRWLHFRWL')  global_best=2.1244 log2  τ=1.16  β=0.058
Ep 939/2000  reward=+0.0712 log2  ep_best=2.8079 log2 ('WRCRRFRWKYVRWL')  global_best=2.1244 log2  τ=1.16  β=0.058
Ep 940/2000  reward=+0.2351 log2  ep_best=2.6440 log2 ('WYCRRFRWLKFRWL')  global_best=2.1244 log2  τ=1.15  β=0.058
Ep 941/2000  reward=+0.0000 log2  ep_best=2.8791 log2 ('KYCRRFRWLTFRWL')  global_best=2.1244 log2  τ=1.15  β=0.058
Ep 942/2000  reward=+0.0000 log2  ep_best=2.8791 log2 ('KYCRRFRWLTFRWL')  global_best=2.1244 log2  τ=1.15  β=0.058
Ep 943/2000  reward=+0.7548 log2  ep_best=2.1244 log2 ('KYCRRFRWLKFRWL')  global_best=2.1244 log2  τ=1.15  β=0.058
Ep 944/2000  reward=+0.0308 log2  ep_best=2.8483 log2 ('KYCRRFRWLYFRWL')  global_best=2.1244 log2  τ=1.15  β=0.058
Ep 945/2000  reward=+0.0000 log2  ep_best=2.8791 log2 ('KYCRRFRWLTFRWL')  global_best=2.1244 log2  τ=1.15  β=0.057
Ep 946/2000  reward=+0.0000 log2  ep_best=2.8791 log2 ('KYCRRFRWLTFRWL')  global_best=2.1244 log2  τ=1.15  β=0.057
Ep 947/2000  reward=+0.0000 log2  ep_best=2.8791 log2 ('KYCRRFRWLTFRWL')  global_best=2.1244 log2  τ=1.15  β=0.057
Ep 948/2000  reward=+0.0196 log2  ep_best=2.8595 log2 ('KYCRRFRWLFFRWL')  global_best=2.1244 log2  τ=1.15  β=0.057
Ep 949/2000  reward=+0.0000 log2  ep_best=2.8791 log2 ('KYCRRFRWLTFRWL')  global_best=2.1244 log2  τ=1.15  β=0.057
Ep 950/2000  reward=+0.0000 log2  ep_best=2.8791 log2 ('KYCRRFRWLTFRWL')  global_best=2.1244 log2  τ=1.15  β=0.057
Ep 951/2000  reward=+0.0000 log2  ep_best=2.8791 log2 ('KYCRRFRWLTFRWL')  global_best=2.1244 log2  τ=1.14  β=0.057
Ep 952/2000  reward=+0.0000 log2  ep_best=2.8791 log2 ('KYCRRFRWLTFRWL')  global_best=2.1244 log2  τ=1.14  β=0.057
Ep 953/2000  reward=+0.0000 log2  ep_best=2.8791 log2 ('KYCRRFRWLTFRWL')  global_best=2.1244 log2  τ=1.14  β=0.057
Ep 954/2000  reward=+0.0183 log2  ep_best=2.8609 log2 ('KYCRRFRWLHFRWL')  global_best=2.1244 log2  τ=1.14  β=0.057
Ep 955/2000  reward=+0.0000 log2  ep_best=2.8791 log2 ('KYCRRFRWLTFRWL')  global_best=2.1244 log2  τ=1.14  β=0.057
Ep 956/2000  reward=+0.4363 log2  ep_best=2.4429 log2 ('KRFRRFRWLKFRWL')  global_best=2.1244 log2  τ=1.14  β=0.057
Ep 957/2000  reward=+0.0000 log2  ep_best=2.8791 log2 ('KYCRRFRWLTFRWL')  global_best=2.1244 log2  τ=1.14  β=0.057
Ep 958/2000  reward=+0.0183 log2  ep_best=2.8609 log2 ('KYCRRFRWLHFRWL')  global_best=2.1244 log2  τ=1.14  β=0.057
Ep 959/2000  reward=+0.0000 log2  ep_best=2.8791 log2 ('KYCRRFRWLTFRWL')  global_best=2.1244 log2  τ=1.14  β=0.057
Ep 960/2000  reward=+0.0000 log2  ep_best=2.8791 log2 ('KYCRRFRWLTFRWL')  global_best=2.1244 log2  τ=1.14  β=0.057
Ep 961/2000  reward=+0.0000 log2  ep_best=2.8791 log2 ('KYCRRFRWLTFRWL')  global_best=2.1244 log2  τ=1.14  β=0.057
Ep 962/2000  reward=+0.2230 log2  ep_best=2.6562 log2 ('KRCRRFRWLKFRWL')  global_best=2.1244 log2  τ=1.13  β=0.057
Ep 963/2000  reward=+0.0196 log2  ep_best=2.8595 log2 ('KYCRRFRWLFFRWL')  global_best=2.1244 log2  τ=1.13  β=0.057
Ep 964/2000  reward=+0.3512 log2  ep_best=2.5279 log2 ('WRFRRFRWLKFRWL')  global_best=2.1244 log2  τ=1.13  β=0.057
Ep 965/2000  reward=+0.0000 log2  ep_best=2.8791 log2 ('KYCRRFRWLTFRWL')  global_best=2.1244 log2  τ=1.13  β=0.057
Ep 966/2000  reward=+0.0000 log2  ep_best=2.8791 log2 ('KYCRRFRWLTFRWL')  global_best=2.1244 log2  τ=1.13  β=0.057
Ep 967/2000  reward=+0.0000 log2  ep_best=2.8791 log2 ('KYCRRFRWLTFRWL')  global_best=2.1244 log2  τ=1.13  β=0.057
Ep 968/2000  reward=+0.1093 log2  ep_best=2.7699 log2 ('KRCRRFRWLLFRWL')  global_best=2.1244 log2  τ=1.13  β=0.056
Ep 969/2000  reward=+0.0000 log2  ep_best=2.8791 log2 ('KYCRRFRWLTFRWL')  global_best=2.1244 log2  τ=1.13  β=0.056
Ep 970/2000  reward=+0.0183 log2  ep_best=2.8609 log2 ('KYCRRFRWLHFRWL')  global_best=2.1244 log2  τ=1.13  β=0.056
Ep 971/2000  reward=+0.4363 log2  ep_best=2.4429 log2 ('KRFRRFRWLKFRWL')  global_best=2.1244 log2  τ=1.13  β=0.056
Ep 972/2000  reward=+0.0000 log2  ep_best=2.8791 log2 ('KYCRRFRWLTFRWL')  global_best=2.1244 log2  τ=1.13  β=0.056
Ep 973/2000  reward=+0.0000 log2  ep_best=2.8791 log2 ('KYCRRFRWLTFRWL')  global_best=2.1244 log2  τ=1.12  β=0.056
Ep 974/2000  reward=+0.0000 log2  ep_best=2.8791 log2 ('KYCRRFRWLTFRWL')  global_best=2.1244 log2  τ=1.12  β=0.056
Ep 975/2000  reward=+0.0308 log2  ep_best=2.8483 log2 ('KYCRRFRWLYFRWL')  global_best=2.1244 log2  τ=1.12  β=0.056
Ep 976/2000  reward=+0.0000 log2  ep_best=2.8791 log2 ('KYCRRFRWLTFRWL')  global_best=2.1244 log2  τ=1.12  β=0.056
Ep 977/2000  reward=+0.1139 log2  ep_best=2.7653 log2 ('KRCRRFRWLYFRWL')  global_best=2.1244 log2  τ=1.12  β=0.056
Ep 978/2000  reward=+0.0183 log2  ep_best=2.8609 log2 ('KYCRRFRWLHFRWL')  global_best=2.1244 log2  τ=1.12  β=0.056
Ep 979/2000  reward=+0.2230 log2  ep_best=2.6562 log2 ('KRCRRFRWLKFRWL')  global_best=2.1244 log2  τ=1.12  β=0.056
Ep 980/2000  reward=+0.0000 log2  ep_best=2.8791 log2 ('KYCRRFRWLTFRWL')  global_best=2.1244 log2  τ=1.12  β=0.056
Ep 981/2000  reward=+0.0000 log2  ep_best=2.8791 log2 ('KYCRRFRWLTFRWL')  global_best=2.1244 log2  τ=1.12  β=0.056
Ep 982/2000  reward=+0.0000 log2  ep_best=2.8791 log2 ('KYCRRFRWLTFRWL')  global_best=2.1244 log2  τ=1.12  β=0.056
Ep 983/2000  reward=+0.0000 log2  ep_best=2.8791 log2 ('KYCRRFRWLTFRWL')  global_best=2.1244 log2  τ=1.12  β=0.056
Ep 984/2000  reward=+0.0000 log2  ep_best=2.8791 log2 ('KYCRRFRWLTFRWL')  global_best=2.1244 log2  τ=1.11  β=0.056
Ep 985/2000  reward=+0.0000 log2  ep_best=2.8791 log2 ('KYCRRFRWLTFRWL')  global_best=2.1244 log2  τ=1.11  β=0.056
Ep 986/2000  reward=+0.0196 log2  ep_best=2.8595 log2 ('KYCRRFRWLFFRWL')  global_best=2.1244 log2  τ=1.11  β=0.056
Ep 987/2000  reward=+0.0000 log2  ep_best=2.8791 log2 ('KYCRRFRWLTFRWL')  global_best=2.1244 log2  τ=1.11  β=0.056
Ep 988/2000  reward=+0.1797 log2  ep_best=2.6994 log2 ('KYCRRFRWLWFRWL')  global_best=2.1244 log2  τ=1.11  β=0.056
Ep 989/2000  reward=+0.0196 log2  ep_best=2.8595 log2 ('KYCRRFRWLFFRWL')  global_best=2.1244 log2  τ=1.11  β=0.056
Ep 990/2000  reward=+0.0000 log2  ep_best=2.8791 log2 ('KYCRRFRWLTFRWL')  global_best=2.1244 log2  τ=1.11  β=0.055
Ep 991/2000  reward=+0.0196 log2  ep_best=2.8595 log2 ('KYCRRFRWLFFRWL')  global_best=2.1244 log2  τ=1.11  β=0.055
Ep 992/2000  reward=+0.0183 log2  ep_best=2.8609 log2 ('KYCRRFRWLHFRWL')  global_best=2.1244 log2  τ=1.11  β=0.055
Ep 993/2000  reward=+0.1139 log2  ep_best=2.7653 log2 ('KRCRRFRWLYFRWL')  global_best=2.1244 log2  τ=1.11  β=0.055
Ep 994/2000  reward=+0.0000 log2  ep_best=2.8791 log2 ('KYCRRFRWLTFRWL')  global_best=2.1244 log2  τ=1.11  β=0.055
Ep 995/2000  reward=+0.0000 log2  ep_best=2.8791 log2 ('KYCRRFRWLTFRWL')  global_best=2.1244 log2  τ=1.10  β=0.055
Ep 996/2000  reward=+0.2230 log2  ep_best=2.6562 log2 ('KRCRRFRWLKFRWL')  global_best=2.1244 log2  τ=1.10  β=0.055
Ep 997/2000  reward=+0.0712 log2  ep_best=2.8079 log2 ('WRCRRFRWKYVRWL')  global_best=2.1244 log2  τ=1.10  β=0.055
Ep 998/2000  reward=+0.0196 log2  ep_best=2.8595 log2 ('KYCRRFRWLFFRWL')  global_best=2.1244 log2  τ=1.10  β=0.055
Ep 999/2000  reward=+0.1139 log2  ep_best=2.7653 log2 ('KRCRRFRWLYFRWL')  global_best=2.1244 log2  τ=1.10  β=0.055
Ep 1000/2000  reward=+0.0000 log2  ep_best=2.8791 log2 ('KYCRRFRWLTFRWL')  global_best=2.1244 log2  τ=1.10  β=0.055
Ep 1001/2000  reward=+0.1139 log2  ep_best=2.7653 log2 ('KRCRRFRWLYFRWL')  global_best=2.1244 log2  τ=1.10  β=0.055
Ep 1002/2000  reward=+0.0000 log2  ep_best=2.8791 log2 ('KYCRRFRWLTFRWL')  global_best=2.1244 log2  τ=1.10  β=0.055
Ep 1003/2000  reward=+0.0308 log2  ep_best=2.8483 log2 ('KYCRRFRWLYFRWL')  global_best=2.1244 log2  τ=1.10  β=0.055
Ep 1004/2000  reward=+0.0000 log2  ep_best=2.8791 log2 ('KYCRRFRWLTFRWL')  global_best=2.1244 log2  τ=1.10  β=0.055
Ep 1005/2000  reward=+0.0000 log2  ep_best=2.8791 log2 ('KYCRRFRWLTFRWL')  global_best=2.1244 log2  τ=1.10  β=0.055
Ep 1006/2000  reward=+0.0000 log2  ep_best=2.8791 log2 ('KYCRRFRWLTFRWL')  global_best=2.1244 log2  τ=1.10  β=0.055
Ep 1007/2000  reward=+0.0183 log2  ep_best=2.8609 log2 ('KYCRRFRWLHFRWL')  global_best=2.1244 log2  τ=1.09  β=0.055
Ep 1008/2000  reward=+0.0000 log2  ep_best=2.8791 log2 ('KYCRRFRWLTFRWL')  global_best=2.1244 log2  τ=1.09  β=0.055
Ep 1009/2000  reward=+0.0000 log2  ep_best=2.8791 log2 ('KYCRRFRWLTFRWL')  global_best=2.1244 log2  τ=1.09  β=0.055
Ep 1010/2000  reward=+0.0000 log2  ep_best=2.8791 log2 ('KYCRRFRWLTFRWL')  global_best=2.1244 log2  τ=1.09  β=0.055
Ep 1011/2000  reward=+0.0000 log2  ep_best=2.8791 log2 ('KYCRRFRWLTFRWL')  global_best=2.1244 log2  τ=1.09  β=0.055
Ep 1012/2000  reward=+0.0000 log2  ep_best=2.8791 log2 ('KYCRRFRWLTFRWL')  global_best=2.1244 log2  τ=1.09  β=0.054
Ep 1013/2000  reward=+0.0000 log2  ep_best=2.8791 log2 ('KYCRRFRWLTFRWL')  global_best=2.1244 log2  τ=1.09  β=0.054
Ep 1014/2000  reward=+0.0000 log2  ep_best=2.8791 log2 ('KYCRRFRWLTFRWL')  global_best=2.1244 log2  τ=1.09  β=0.054
Ep 1015/2000  reward=+0.0000 log2  ep_best=2.8791 log2 ('KYCRRFRWLTFRWL')  global_best=2.1244 log2  τ=1.09  β=0.054
Ep 1016/2000  reward=+0.0000 log2  ep_best=2.8791 log2 ('KYCRRFRWLTFRWL')  global_best=2.1244 log2  τ=1.09  β=0.054
Ep 1017/2000  reward=+0.0000 log2  ep_best=2.8791 log2 ('KYCRRFRWLTFRWL')  global_best=2.1244 log2  τ=1.09  β=0.054
Ep 1018/2000  reward=+0.0183 log2  ep_best=2.8609 log2 ('KYCRRFRWLHFRWL')  global_best=2.1244 log2  τ=1.08  β=0.054
Ep 1019/2000  reward=+0.0308 log2  ep_best=2.8483 log2 ('KYCRRFRWLYFRWL')  global_best=2.1244 log2  τ=1.08  β=0.054
Ep 1020/2000  reward=+0.0000 log2  ep_best=2.8791 log2 ('KYCRRFRWLTFRWL')  global_best=2.1244 log2  τ=1.08  β=0.054
Ep 1021/2000  reward=+0.0712 log2  ep_best=2.8079 log2 ('WRCRRFRWKYVRWL')  global_best=2.1244 log2  τ=1.08  β=0.054
Ep 1022/2000  reward=+0.5108 log2  ep_best=2.3683 log2 ('WRFRRFRWWKVRWL')  global_best=2.1244 log2  τ=1.08  β=0.054
Ep 1023/2000  reward=+0.0000 log2  ep_best=2.8791 log2 ('KYCRRFRWLTFRWL')  global_best=2.1244 log2  τ=1.08  β=0.054
Ep 1024/2000  reward=+0.0000 log2  ep_best=2.8791 log2 ('KYCRRFRWLTFRWL')  global_best=2.1244 log2  τ=1.08  β=0.054
Ep 1025/2000  reward=+0.0183 log2  ep_best=2.8609 log2 ('KYCRRFRWLHFRWL')  global_best=2.1244 log2  τ=1.08  β=0.054
Ep 1026/2000  reward=+0.0183 log2  ep_best=2.8609 log2 ('KYCRRFRWLHFRWL')  global_best=2.1244 log2  τ=1.08  β=0.054
Ep 1027/2000  reward=+0.0183 log2  ep_best=2.8609 log2 ('KYCRRFRWLHFRWL')  global_best=2.1244 log2  τ=1.08  β=0.054
Ep 1028/2000  reward=+0.0183 log2  ep_best=2.8609 log2 ('KYCRRFRWLHFRWL')  global_best=2.1244 log2  τ=1.08  β=0.054
Ep 1029/2000  reward=+0.0183 log2  ep_best=2.8609 log2 ('KYCRRFRWLHFRWL')  global_best=2.1244 log2  τ=1.07  β=0.054
Ep 1030/2000  reward=+0.1595 log2  ep_best=2.7197 log2 ('WRCRRFRWLKFRWL')  global_best=2.1244 log2  τ=1.07  β=0.054
Ep 1031/2000  reward=+0.0712 log2  ep_best=2.8079 log2 ('WRCRRFRWKYVRWL')  global_best=2.1244 log2  τ=1.07  β=0.054
Ep 1032/2000  reward=+0.0000 log2  ep_best=2.8791 log2 ('KYCRRFRWLTFRWL')  global_best=2.1244 log2  τ=1.07  β=0.054
Ep 1033/2000  reward=+0.0000 log2  ep_best=2.8791 log2 ('KYCRRFRWLTFRWL')  global_best=2.1244 log2  τ=1.07  β=0.054
Ep 1034/2000  reward=+0.0000 log2  ep_best=2.8791 log2 ('KYCRRFRWLTFRWL')  global_best=2.1244 log2  τ=1.07  β=0.053
Ep 1035/2000  reward=+0.0183 log2  ep_best=2.8609 log2 ('KYCRRFRWLHFRWL')  global_best=2.1244 log2  τ=1.07  β=0.053
Ep 1036/2000  reward=+0.0000 log2  ep_best=2.8791 log2 ('KYCRRFRWLTFRWL')  global_best=2.1244 log2  τ=1.07  β=0.053
Ep 1037/2000  reward=+0.0000 log2  ep_best=2.8791 log2 ('KYCRRFRWLTFRWL')  global_best=2.1244 log2  τ=1.07  β=0.053
Ep 1038/2000  reward=+0.0308 log2  ep_best=2.8483 log2 ('KYCRRFRWLYFRWL')  global_best=2.1244 log2  τ=1.07  β=0.053
Ep 1039/2000  reward=+0.0712 log2  ep_best=2.8079 log2 ('WRCRRFRWKYVRWL')  global_best=2.1244 log2  τ=1.07  β=0.053
Ep 1040/2000  reward=+0.0000 log2  ep_best=2.8791 log2 ('KYCRRFRWLTFRWL')  global_best=2.1244 log2  τ=1.06  β=0.053
Ep 1041/2000  reward=+0.0000 log2  ep_best=2.8791 log2 ('KYCRRFRWLTFRWL')  global_best=2.1244 log2  τ=1.06  β=0.053
Ep 1042/2000  reward=+0.0000 log2  ep_best=2.8791 log2 ('KYCRRFRWLTFRWL')  global_best=2.1244 log2  τ=1.06  β=0.053
Ep 1043/2000  reward=+0.0183 log2  ep_best=2.8609 log2 ('KYCRRFRWLHFRWL')  global_best=2.1244 log2  τ=1.06  β=0.053
Ep 1044/2000  reward=+0.1139 log2  ep_best=2.7653 log2 ('KRCRRFRWLYFRWL')  global_best=2.1244 log2  τ=1.06  β=0.053
Ep 1045/2000  reward=+0.0000 log2  ep_best=2.8791 log2 ('KYCRRFRWLTFRWL')  global_best=2.1244 log2  τ=1.06  β=0.053
Ep 1046/2000  reward=+0.0308 log2  ep_best=2.8483 log2 ('KYCRRFRWLYFRWL')  global_best=2.1244 log2  τ=1.06  β=0.053
Ep 1047/2000  reward=+0.4363 log2  ep_best=2.4429 log2 ('KRFRRFRWLKFRWL')  global_best=2.1244 log2  τ=1.06  β=0.053
Ep 1048/2000  reward=+0.0196 log2  ep_best=2.8595 log2 ('KYCRRFRWLFFRWL')  global_best=2.1244 log2  τ=1.06  β=0.053
Ep 1049/2000  reward=+0.0196 log2  ep_best=2.8595 log2 ('KYCRRFRWLFFRWL')  global_best=2.1244 log2  τ=1.06  β=0.053
Ep 1050/2000  reward=+0.0712 log2  ep_best=2.8079 log2 ('WRCRRFRWKYVRWL')  global_best=2.1244 log2  τ=1.06  β=0.053
Ep 1051/2000  reward=+0.0000 log2  ep_best=2.8791 log2 ('KYCRRFRWLTFRWL')  global_best=2.1244 log2  τ=1.05  β=0.053
Ep 1052/2000  reward=+0.0183 log2  ep_best=2.8609 log2 ('KYCRRFRWLHFRWL')  global_best=2.1244 log2  τ=1.05  β=0.053
Ep 1053/2000  reward=+0.0000 log2  ep_best=2.8791 log2 ('KYCRRFRWLTFRWL')  global_best=2.1244 log2  τ=1.05  β=0.053
Ep 1054/2000  reward=+0.0000 log2  ep_best=2.8791 log2 ('KYCRRFRWLTFRWL')  global_best=2.1244 log2  τ=1.05  β=0.053
Ep 1055/2000  reward=+0.0000 log2  ep_best=2.8791 log2 ('KYCRRFRWLTFRWL')  global_best=2.1244 log2  τ=1.05  β=0.053
Ep 1056/2000  reward=+0.2351 log2  ep_best=2.6440 log2 ('WYCRRFRWLKFRWL')  global_best=2.1244 log2  τ=1.05  β=0.053
Ep 1057/2000  reward=+0.0196 log2  ep_best=2.8595 log2 ('KYCRRFRWLFFRWL')  global_best=2.1244 log2  τ=1.05  β=0.052
Ep 1058/2000  reward=+0.0712 log2  ep_best=2.8079 log2 ('WRCRRFRWKYVRWL')  global_best=2.1244 log2  τ=1.05  β=0.052
Ep 1059/2000  reward=+0.0000 log2  ep_best=2.8791 log2 ('KYCRRFRWLTFRWL')  global_best=2.1244 log2  τ=1.05  β=0.052
Ep 1060/2000  reward=+0.0000 log2  ep_best=2.8791 log2 ('KYCRRFRWLTFRWL')  global_best=2.1244 log2  τ=1.05  β=0.052
Ep 1061/2000  reward=+0.0000 log2  ep_best=2.8791 log2 ('KYCRRFRWLTFRWL')  global_best=2.1244 log2  τ=1.05  β=0.052
Ep 1062/2000  reward=+0.1139 log2  ep_best=2.7653 log2 ('KRCRRFRWLYFRWL')  global_best=2.1244 log2  τ=1.04  β=0.052
Ep 1063/2000  reward=+0.0196 log2  ep_best=2.8595 log2 ('KYCRRFRWLFFRWL')  global_best=2.1244 log2  τ=1.04  β=0.052
Ep 1064/2000  reward=+0.0183 log2  ep_best=2.8609 log2 ('KYCRRFRWLHFRWL')  global_best=2.1244 log2  τ=1.04  β=0.052
Ep 1065/2000  reward=+0.0183 log2  ep_best=2.8609 log2 ('KYCRRFRWLHFRWL')  global_best=2.1244 log2  τ=1.04  β=0.052
Ep 1066/2000  reward=+0.0712 log2  ep_best=2.8079 log2 ('WRCRRFRWKYVRWL')  global_best=2.1244 log2  τ=1.04  β=0.052
Ep 1067/2000  reward=+0.0308 log2  ep_best=2.8483 log2 ('KYCRRFRWLYFRWL')  global_best=2.1244 log2  τ=1.04  β=0.052
Ep 1068/2000  reward=+0.0000 log2  ep_best=2.8791 log2 ('KYCRRFRWLTFRWL')  global_best=2.1244 log2  τ=1.04  β=0.052
Ep 1069/2000  reward=+0.0000 log2  ep_best=2.8791 log2 ('KYCRRFRWLTFRWL')  global_best=2.1244 log2  τ=1.04  β=0.052
Ep 1070/2000  reward=+0.0000 log2  ep_best=2.8791 log2 ('KYCRRFRWLTFRWL')  global_best=2.1244 log2  τ=1.04  β=0.052
Ep 1071/2000  reward=+0.0000 log2  ep_best=2.8791 log2 ('KYCRRFRWLTFRWL')  global_best=2.1244 log2  τ=1.04  β=0.052
Ep 1072/2000  reward=+0.0000 log2  ep_best=2.8791 log2 ('KYCRRFRWLTFRWL')  global_best=2.1244 log2  τ=1.04  β=0.052
Ep 1073/2000  reward=+0.0000 log2  ep_best=2.8791 log2 ('KYCRRFRWLTFRWL')  global_best=2.1244 log2  τ=1.03  β=0.052
Ep 1074/2000  reward=+0.0308 log2  ep_best=2.8483 log2 ('KYCRRFRWLYFRWL')  global_best=2.1244 log2  τ=1.03  β=0.052
Ep 1075/2000  reward=+0.7548 log2  ep_best=2.1244 log2 ('KYCRRFRWLKFRWL')  global_best=2.1244 log2  τ=1.03  β=0.052
Ep 1076/2000  reward=+0.1139 log2  ep_best=2.7653 log2 ('KRCRRFRWLYFRWL')  global_best=2.1244 log2  τ=1.03  β=0.052
Ep 1077/2000  reward=+0.1139 log2  ep_best=2.7653 log2 ('KRCRRFRWLYFRWL')  global_best=2.1244 log2  τ=1.03  β=0.052
Ep 1078/2000  reward=+0.0196 log2  ep_best=2.8595 log2 ('KYCRRFRWLFFRWL')  global_best=2.1244 log2  τ=1.03  β=0.052
Ep 1079/2000  reward=+0.0196 log2  ep_best=2.8595 log2 ('KYCRRFRWLFFRWL')  global_best=2.1244 log2  τ=1.03  β=0.051
Ep 1080/2000  reward=+0.0183 log2  ep_best=2.8609 log2 ('KYCRRFRWLHFRWL')  global_best=2.1244 log2  τ=1.03  β=0.051
Ep 1081/2000  reward=+0.0000 log2  ep_best=2.8791 log2 ('KYCRRFRWLTFRWL')  global_best=2.1244 log2  τ=1.03  β=0.051
Ep 1082/2000  reward=+0.0000 log2  ep_best=2.8791 log2 ('KYCRRFRWLTFRWL')  global_best=2.1244 log2  τ=1.03  β=0.051
Ep 1083/2000  reward=+0.0196 log2  ep_best=2.8595 log2 ('KYCRRFRWLFFRWL')  global_best=2.1244 log2  τ=1.03  β=0.051
Ep 1084/2000  reward=+0.1595 log2  ep_best=2.7197 log2 ('WRCRRFRWLKFRWL')  global_best=2.1244 log2  τ=1.02  β=0.051
Ep 1085/2000  reward=+0.0712 log2  ep_best=2.8079 log2 ('WRCRRFRWKYVRWL')  global_best=2.1244 log2  τ=1.02  β=0.051
Ep 1086/2000  reward=+0.0000 log2  ep_best=2.8791 log2 ('KYCRRFRWLTFRWL')  global_best=2.1244 log2  τ=1.02  β=0.051
Ep 1087/2000  reward=+0.0183 log2  ep_best=2.8609 log2 ('KYCRRFRWLHFRWL')  global_best=2.1244 log2  τ=1.02  β=0.051
Ep 1088/2000  reward=+0.0183 log2  ep_best=2.8609 log2 ('KYCRRFRWLHFRWL')  global_best=2.1244 log2  τ=1.02  β=0.051
Ep 1089/2000  reward=+0.0000 log2  ep_best=2.8791 log2 ('KYCRRFRWLTFRWL')  global_best=2.1244 log2  τ=1.02  β=0.051
Ep 1090/2000  reward=+0.0000 log2  ep_best=2.8791 log2 ('KYCRRFRWLTFRWL')  global_best=2.1244 log2  τ=1.02  β=0.051
Ep 1091/2000  reward=+0.0196 log2  ep_best=2.8595 log2 ('KYCRRFRWLFFRWL')  global_best=2.1244 log2  τ=1.02  β=0.051
Ep 1092/2000  reward=+0.7548 log2  ep_best=2.1244 log2 ('KYCRRFRWLKFRWL')  global_best=2.1244 log2  τ=1.02  β=0.051
Ep 1093/2000  reward=+0.0000 log2  ep_best=2.8791 log2 ('KYCRRFRWLTFRWL')  global_best=2.1244 log2  τ=1.02  β=0.051
Ep 1094/2000  reward=+0.1139 log2  ep_best=2.7653 log2 ('KRCRRFRWLYFRWL')  global_best=2.1244 log2  τ=1.02  β=0.051
Ep 1095/2000  reward=+0.1139 log2  ep_best=2.7653 log2 ('KRCRRFRWLYFRWL')  global_best=2.1244 log2  τ=1.01  β=0.051
Ep 1096/2000  reward=+0.0196 log2  ep_best=2.8595 log2 ('KYCRRFRWLFFRWL')  global_best=2.1244 log2  τ=1.01  β=0.051
Ep 1097/2000  reward=+0.0183 log2  ep_best=2.8609 log2 ('KYCRRFRWLHFRWL')  global_best=2.1244 log2  τ=1.01  β=0.051
Ep 1098/2000  reward=+0.0000 log2  ep_best=2.8791 log2 ('KYCRRFRWLTFRWL')  global_best=2.1244 log2  τ=1.01  β=0.051
Ep 1099/2000  reward=+0.0000 log2  ep_best=2.8791 log2 ('KYCRRFRWLTFRWL')  global_best=2.1244 log2  τ=1.01  β=0.051
Ep 1100/2000  reward=+0.0183 log2  ep_best=2.8609 log2 ('KYCRRFRWLHFRWL')  global_best=2.1244 log2  τ=1.01  β=0.051
Ep 1101/2000  reward=+0.0000 log2  ep_best=2.8791 log2 ('KYCRRFRWLTFRWL')  global_best=2.1244 log2  τ=1.01  β=0.050
Ep 1102/2000  reward=+0.0712 log2  ep_best=2.8079 log2 ('WRCRRFRWKYVRWL')  global_best=2.1244 log2  τ=1.01  β=0.050
Ep 1103/2000  reward=+0.0000 log2  ep_best=2.8791 log2 ('KYCRRFRWLTFRWL')  global_best=2.1244 log2  τ=1.01  β=0.050
Ep 1104/2000  reward=+0.0308 log2  ep_best=2.8483 log2 ('KYCRRFRWLYFRWL')  global_best=2.1244 log2  τ=1.01  β=0.050
Ep 1105/2000  reward=+0.0712 log2  ep_best=2.8079 log2 ('WRCRRFRWKYVRWL')  global_best=2.1244 log2  τ=1.01  β=0.050
Ep 1106/2000  reward=+0.1139 log2  ep_best=2.7653 log2 ('KRCRRFRWLYFRWL')  global_best=2.1244 log2  τ=1.01  β=0.050
Ep 1107/2000  reward=+0.0308 log2  ep_best=2.8483 log2 ('KYCRRFRWLYFRWL')  global_best=2.1244 log2  τ=1.00  β=0.050
Ep 1108/2000  reward=+0.0196 log2  ep_best=2.8595 log2 ('KYCRRFRWLFFRWL')  global_best=2.1244 log2  τ=1.00  β=0.050
Ep 1109/2000  reward=+0.2755 log2  ep_best=2.6037 log2 ('KYCRRFRWLRFRWL')  global_best=2.1244 log2  τ=1.00  β=0.050
Ep 1110/2000  reward=+0.0000 log2  ep_best=2.8791 log2 ('KYCRRFRWLTFRWL')  global_best=2.1244 log2  τ=1.00  β=0.050
Ep 1111/2000  reward=+0.0000 log2  ep_best=2.8791 log2 ('KYCRRFRWLTFRWL')  global_best=2.1244 log2  τ=1.00  β=0.050
Ep 1112/2000  reward=+0.0000 log2  ep_best=2.8791 log2 ('KYCRRFRWLTFRWL')  global_best=2.1244 log2  τ=1.00  β=0.050
Ep 1113/2000  reward=+0.0000 log2  ep_best=2.8791 log2 ('KYCRRFRWLTFRWL')  global_best=2.1244 log2  τ=1.00  β=0.050
Ep 1114/2000  reward=+0.0000 log2  ep_best=2.8791 log2 ('KYCRRFRWLTFRWL')  global_best=2.1244 log2  τ=1.00  β=0.050
Ep 1115/2000  reward=+0.0000 log2  ep_best=2.8791 log2 ('KYCRRFRWLTFRWL')  global_best=2.1244 log2  τ=1.00  β=0.050
Ep 1116/2000  reward=+0.4363 log2  ep_best=2.4429 log2 ('KRFRRFRWLKFRWL')  global_best=2.1244 log2  τ=1.00  β=0.050
Ep 1117/2000  reward=+0.1093 log2  ep_best=2.7699 log2 ('KRCRRFRWLLFRWL')  global_best=2.1244 log2  τ=1.00  β=0.050
Ep 1118/2000  reward=+0.0183 log2  ep_best=2.8609 log2 ('KYCRRFRWLHFRWL')  global_best=2.1244 log2  τ=0.99  β=0.050
Ep 1119/2000  reward=+0.2230 log2  ep_best=2.6562 log2 ('KRCRRFRWLKFRWL')  global_best=2.1244 log2  τ=0.99  β=0.050
Ep 1120/2000  reward=+0.1595 log2  ep_best=2.7197 log2 ('WRCRRFRWLKFRWL')  global_best=2.1244 log2  τ=0.99  β=0.050
Ep 1121/2000  reward=+0.0183 log2  ep_best=2.8609 log2 ('KYCRRFRWLHFRWL')  global_best=2.1244 log2  τ=0.99  β=0.050
Ep 1122/2000  reward=+0.0000 log2  ep_best=2.8791 log2 ('KYCRRFRWLTFRWL')  global_best=2.1244 log2  τ=0.99  β=0.050
Ep 1123/2000  reward=+0.0000 log2  ep_best=2.8791 log2 ('KYCRRFRWLTFRWL')  global_best=2.1244 log2  τ=0.99  β=0.049
Ep 1124/2000  reward=+0.0183 log2  ep_best=2.8609 log2 ('KYCRRFRWLHFRWL')  global_best=2.1244 log2  τ=0.99  β=0.049
Ep 1125/2000  reward=+0.0000 log2  ep_best=2.8791 log2 ('KYCRRFRWLTFRWL')  global_best=2.1244 log2  τ=0.99  β=0.049
Ep 1126/2000  reward=+0.0000 log2  ep_best=2.8791 log2 ('KYCRRFRWLTFRWL')  global_best=2.1244 log2  τ=0.99  β=0.049
Ep 1127/2000  reward=+0.0000 log2  ep_best=2.8791 log2 ('KYCRRFRWLTFRWL')  global_best=2.1244 log2  τ=0.99  β=0.049
Ep 1128/2000  reward=+0.0183 log2  ep_best=2.8609 log2 ('KYCRRFRWLHFRWL')  global_best=2.1244 log2  τ=0.99  β=0.049
Ep 1129/2000  reward=+0.0183 log2  ep_best=2.8609 log2 ('KYCRRFRWLHFRWL')  global_best=2.1244 log2  τ=0.98  β=0.049
Ep 1130/2000  reward=+0.1139 log2  ep_best=2.7653 log2 ('KRCRRFRWLYFRWL')  global_best=2.1244 log2  τ=0.98  β=0.049
Ep 1131/2000  reward=+0.0000 log2  ep_best=2.8791 log2 ('KYCRRFRWLTFRWL')  global_best=2.1244 log2  τ=0.98  β=0.049
Ep 1132/2000  reward=+0.0000 log2  ep_best=2.8791 log2 ('KYCRRFRWLTFRWL')  global_best=2.1244 log2  τ=0.98  β=0.049
Ep 1133/2000  reward=+0.1595 log2  ep_best=2.7197 log2 ('WRCRRFRWLKFRWL')  global_best=2.1244 log2  τ=0.98  β=0.049
Ep 1134/2000  reward=+0.2727 log2  ep_best=2.6065 log2 ('WRFRRFRWKLFRWL')  global_best=2.1244 log2  τ=0.98  β=0.049
Ep 1135/2000  reward=+0.0183 log2  ep_best=2.8609 log2 ('KYCRRFRWLHFRWL')  global_best=2.1244 log2  τ=0.98  β=0.049
Ep 1136/2000  reward=+0.0000 log2  ep_best=2.8791 log2 ('KYCRRFRWLTFRWL')  global_best=2.1244 log2  τ=0.98  β=0.049
Ep 1137/2000  reward=+0.0183 log2  ep_best=2.8609 log2 ('KYCRRFRWLHFRWL')  global_best=2.1244 log2  τ=0.98  β=0.049
Ep 1138/2000  reward=+0.0000 log2  ep_best=2.8791 log2 ('KYCRRFRWLTFRWL')  global_best=2.1244 log2  τ=0.98  β=0.049
Ep 1139/2000  reward=+0.0183 log2  ep_best=2.8609 log2 ('KYCRRFRWLHFRWL')  global_best=2.1244 log2  τ=0.98  β=0.049
Ep 1140/2000  reward=+0.0183 log2  ep_best=2.8609 log2 ('KYCRRFRWLHFRWL')  global_best=2.1244 log2  τ=0.97  β=0.049
Ep 1141/2000  reward=+0.0000 log2  ep_best=2.8791 log2 ('KYCRRFRWLTFRWL')  global_best=2.1244 log2  τ=0.97  β=0.049
Ep 1142/2000  reward=+0.0183 log2  ep_best=2.8609 log2 ('KYCRRFRWLHFRWL')  global_best=2.1244 log2  τ=0.97  β=0.049
Ep 1143/2000  reward=+0.2351 log2  ep_best=2.6440 log2 ('WYCRRFRWLKFRWL')  global_best=2.1244 log2  τ=0.97  β=0.049
Ep 1144/2000  reward=+0.0000 log2  ep_best=2.8791 log2 ('KYCRRFRWLTFRWL')  global_best=2.1244 log2  τ=0.97  β=0.049
Ep 1145/2000  reward=+0.0000 log2  ep_best=2.8791 log2 ('KYCRRFRWLTFRWL')  global_best=2.1244 log2  τ=0.97  β=0.048
Ep 1146/2000  reward=+0.0000 log2  ep_best=2.8791 log2 ('KYCRRFRWLTFRWL')  global_best=2.1244 log2  τ=0.97  β=0.048
Ep 1147/2000  reward=+0.0000 log2  ep_best=2.8791 log2 ('KYCRRFRWLTFRWL')  global_best=2.1244 log2  τ=0.97  β=0.048
Ep 1148/2000  reward=+0.0000 log2  ep_best=2.8791 log2 ('KYCRRFRWLTFRWL')  global_best=2.1244 log2  τ=0.97  β=0.048
Ep 1149/2000  reward=+0.4363 log2  ep_best=2.4429 log2 ('KRFRRFRWLKFRWL')  global_best=2.1244 log2  τ=0.97  β=0.048
Ep 1150/2000  reward=+0.1595 log2  ep_best=2.7197 log2 ('WRCRRFRWLKFRWL')  global_best=2.1244 log2  τ=0.97  β=0.048
Ep 1151/2000  reward=+0.0000 log2  ep_best=2.8791 log2 ('KYCRRFRWLTFRWL')  global_best=2.1244 log2  τ=0.96  β=0.048
Ep 1152/2000  reward=+0.0183 log2  ep_best=2.8609 log2 ('KYCRRFRWLHFRWL')  global_best=2.1244 log2  τ=0.96  β=0.048
Ep 1153/2000  reward=+0.0000 log2  ep_best=2.8791 log2 ('KYCRRFRWLTFRWL')  global_best=2.1244 log2  τ=0.96  β=0.048
Ep 1154/2000  reward=+0.0000 log2  ep_best=2.8791 log2 ('KYCRRFRWLTFRWL')  global_best=2.1244 log2  τ=0.96  β=0.048
Ep 1155/2000  reward=+0.0000 log2  ep_best=2.8791 log2 ('KYCRRFRWLTFRWL')  global_best=2.1244 log2  τ=0.96  β=0.048
Ep 1156/2000  reward=+0.1139 log2  ep_best=2.7653 log2 ('KRCRRFRWLYFRWL')  global_best=2.1244 log2  τ=0.96  β=0.048
Ep 1157/2000  reward=+0.0000 log2  ep_best=2.8791 log2 ('KYCRRFRWLTFRWL')  global_best=2.1244 log2  τ=0.96  β=0.048
Ep 1158/2000  reward=+0.0308 log2  ep_best=2.8483 log2 ('KYCRRFRWLYFRWL')  global_best=2.1244 log2  τ=0.96  β=0.048
Ep 1159/2000  reward=+0.0000 log2  ep_best=2.8791 log2 ('KYCRRFRWLTFRWL')  global_best=2.1244 log2  τ=0.96  β=0.048
Ep 1160/2000  reward=+0.0196 log2  ep_best=2.8595 log2 ('KYCRRFRWLFFRWL')  global_best=2.1244 log2  τ=0.96  β=0.048
Ep 1161/2000  reward=+0.0000 log2  ep_best=2.8791 log2 ('KYCRRFRWLTFRWL')  global_best=2.1244 log2  τ=0.96  β=0.048
Ep 1162/2000  reward=+0.1139 log2  ep_best=2.7653 log2 ('KRCRRFRWLYFRWL')  global_best=2.1244 log2  τ=0.95  β=0.048
Ep 1163/2000  reward=+0.0183 log2  ep_best=2.8609 log2 ('KYCRRFRWLHFRWL')  global_best=2.1244 log2  τ=0.95  β=0.048
Ep 1164/2000  reward=+0.0183 log2  ep_best=2.8609 log2 ('KYCRRFRWLHFRWL')  global_best=2.1244 log2  τ=0.95  β=0.048
Ep 1165/2000  reward=+0.0000 log2  ep_best=2.8791 log2 ('KYCRRFRWLTFRWL')  global_best=2.1244 log2  τ=0.95  β=0.048
Ep 1166/2000  reward=+0.0183 log2  ep_best=2.8609 log2 ('KYCRRFRWLHFRWL')  global_best=2.1244 log2  τ=0.95  β=0.048
Ep 1167/2000  reward=+0.0183 log2  ep_best=2.8609 log2 ('KYCRRFRWLHFRWL')  global_best=2.1244 log2  τ=0.95  β=0.048
Ep 1168/2000  reward=+0.0196 log2  ep_best=2.8595 log2 ('KYCRRFRWLFFRWL')  global_best=2.1244 log2  τ=0.95  β=0.047
Ep 1169/2000  reward=+0.0000 log2  ep_best=2.8791 log2 ('KYCRRFRWLTFRWL')  global_best=2.1244 log2  τ=0.95  β=0.047
Ep 1170/2000  reward=+0.0308 log2  ep_best=2.8483 log2 ('KYCRRFRWLYFRWL')  global_best=2.1244 log2  τ=0.95  β=0.047
Ep 1171/2000  reward=+0.0000 log2  ep_best=2.8791 log2 ('KYCRRFRWLTFRWL')  global_best=2.1244 log2  τ=0.95  β=0.047
Ep 1172/2000  reward=+0.0308 log2  ep_best=2.8483 log2 ('KYCRRFRWLYFRWL')  global_best=2.1244 log2  τ=0.95  β=0.047
Ep 1173/2000  reward=+0.0000 log2  ep_best=2.8791 log2 ('KYCRRFRWLTFRWL')  global_best=2.1244 log2  τ=0.94  β=0.047
Ep 1174/2000  reward=+0.1139 log2  ep_best=2.7653 log2 ('KRCRRFRWLYFRWL')  global_best=2.1244 log2  τ=0.94  β=0.047
Ep 1175/2000  reward=+0.0000 log2  ep_best=2.8791 log2 ('KYCRRFRWLTFRWL')  global_best=2.1244 log2  τ=0.94  β=0.047
Ep 1176/2000  reward=+0.0000 log2  ep_best=2.8791 log2 ('KYCRRFRWLTFRWL')  global_best=2.1244 log2  τ=0.94  β=0.047
Ep 1177/2000  reward=+0.0183 log2  ep_best=2.8609 log2 ('KYCRRFRWLHFRWL')  global_best=2.1244 log2  τ=0.94  β=0.047
Ep 1178/2000  reward=+0.0183 log2  ep_best=2.8609 log2 ('KYCRRFRWLHFRWL')  global_best=2.1244 log2  τ=0.94  β=0.047
Ep 1179/2000  reward=+0.0000 log2  ep_best=2.8791 log2 ('KYCRRFRWLTFRWL')  global_best=2.1244 log2  τ=0.94  β=0.047
Ep 1180/2000  reward=+0.0000 log2  ep_best=2.8791 log2 ('KYCRRFRWLTFRWL')  global_best=2.1244 log2  τ=0.94  β=0.047
Ep 1181/2000  reward=+0.0196 log2  ep_best=2.8595 log2 ('KYCRRFRWLFFRWL')  global_best=2.1244 log2  τ=0.94  β=0.047
Ep 1182/2000  reward=+0.0000 log2  ep_best=2.8791 log2 ('KYCRRFRWLTFRWL')  global_best=2.1244 log2  τ=0.94  β=0.047
Ep 1183/2000  reward=+0.7548 log2  ep_best=2.1244 log2 ('KYCRRFRWLKFRWL')  global_best=2.1244 log2  τ=0.94  β=0.047
Ep 1184/2000  reward=+0.0308 log2  ep_best=2.8483 log2 ('KYCRRFRWLYFRWL')  global_best=2.1244 log2  τ=0.93  β=0.047
Ep 1185/2000  reward=+0.0196 log2  ep_best=2.8595 log2 ('KYCRRFRWLFFRWL')  global_best=2.1244 log2  τ=0.93  β=0.047
Ep 1186/2000  reward=+0.0000 log2  ep_best=2.8791 log2 ('KYCRRFRWLTFRWL')  global_best=2.1244 log2  τ=0.93  β=0.047
Ep 1187/2000  reward=+0.0196 log2  ep_best=2.8595 log2 ('KYCRRFRWLFFRWL')  global_best=2.1244 log2  τ=0.93  β=0.047
Ep 1188/2000  reward=+0.0000 log2  ep_best=2.8791 log2 ('KYCRRFRWLTFRWL')  global_best=2.1244 log2  τ=0.93  β=0.047
Ep 1189/2000  reward=+0.0000 log2  ep_best=2.8791 log2 ('KYCRRFRWLTFRWL')  global_best=2.1244 log2  τ=0.93  β=0.047
Ep 1190/2000  reward=+0.0712 log2  ep_best=2.8079 log2 ('WRCRRFRWKYVRWL')  global_best=2.1244 log2  τ=0.93  β=0.046
Ep 1191/2000  reward=+0.0000 log2  ep_best=2.8791 log2 ('KYCRRFRWLTFRWL')  global_best=2.1244 log2  τ=0.93  β=0.046
Ep 1192/2000  reward=+0.0712 log2  ep_best=2.8079 log2 ('WRCRRFRWKYVRWL')  global_best=2.1244 log2  τ=0.93  β=0.046
Ep 1193/2000  reward=+0.0000 log2  ep_best=2.8791 log2 ('KYCRRFRWLTFRWL')  global_best=2.1244 log2  τ=0.93  β=0.046
Ep 1194/2000  reward=+0.0183 log2  ep_best=2.8609 log2 ('KYCRRFRWLHFRWL')  global_best=2.1244 log2  τ=0.93  β=0.046
Ep 1195/2000  reward=+0.0183 log2  ep_best=2.8609 log2 ('KYCRRFRWLHFRWL')  global_best=2.1244 log2  τ=0.92  β=0.046
Ep 1196/2000  reward=+0.0000 log2  ep_best=2.8791 log2 ('KYCRRFRWLTFRWL')  global_best=2.1244 log2  τ=0.92  β=0.046
Ep 1197/2000  reward=+0.0000 log2  ep_best=2.8791 log2 ('KYCRRFRWLTFRWL')  global_best=2.1244 log2  τ=0.92  β=0.046
Ep 1198/2000  reward=+0.0196 log2  ep_best=2.8595 log2 ('KYCRRFRWLFFRWL')  global_best=2.1244 log2  τ=0.92  β=0.046
Ep 1199/2000  reward=+0.0000 log2  ep_best=2.8791 log2 ('KYCRRFRWLTFRWL')  global_best=2.1244 log2  τ=0.92  β=0.046
Ep 1200/2000  reward=+0.0000 log2  ep_best=2.8791 log2 ('KYCRRFRWLTFRWL')  global_best=2.1244 log2  τ=0.92  β=0.046
Ep 1201/2000  reward=+0.0196 log2  ep_best=2.8595 log2 ('KYCRRFRWLFFRWL')  global_best=2.1244 log2  τ=0.92  β=0.046
Ep 1202/2000  reward=+0.0712 log2  ep_best=2.8079 log2 ('WRCRRFRWKYVRWL')  global_best=2.1244 log2  τ=0.92  β=0.046
Ep 1203/2000  reward=+0.0000 log2  ep_best=2.8791 log2 ('KYCRRFRWLTFRWL')  global_best=2.1244 log2  τ=0.92  β=0.046
Ep 1204/2000  reward=+0.0000 log2  ep_best=2.8791 log2 ('KYCRRFRWLTFRWL')  global_best=2.1244 log2  τ=0.92  β=0.046
Ep 1205/2000  reward=+0.0000 log2  ep_best=2.8791 log2 ('KYCRRFRWLTFRWL')  global_best=2.1244 log2  τ=0.92  β=0.046
Ep 1206/2000  reward=+0.0196 log2  ep_best=2.8595 log2 ('KYCRRFRWLFFRWL')  global_best=2.1244 log2  τ=0.91  β=0.046
Ep 1207/2000  reward=+0.0712 log2  ep_best=2.8079 log2 ('WRCRRFRWKYVRWL')  global_best=2.1244 log2  τ=0.91  β=0.046
Ep 1208/2000  reward=+0.0000 log2  ep_best=2.8791 log2 ('KYCRRFRWLTFRWL')  global_best=2.1244 log2  τ=0.91  β=0.046
Ep 1209/2000  reward=+0.0000 log2  ep_best=2.8791 log2 ('KYCRRFRWLTFRWL')  global_best=2.1244 log2  τ=0.91  β=0.046
Ep 1210/2000  reward=+0.0196 log2  ep_best=2.8595 log2 ('KYCRRFRWLFFRWL')  global_best=2.1244 log2  τ=0.91  β=0.046
Ep 1211/2000  reward=+0.0183 log2  ep_best=2.8609 log2 ('KYCRRFRWLHFRWL')  global_best=2.1244 log2  τ=0.91  β=0.046
Ep 1212/2000  reward=+0.0183 log2  ep_best=2.8609 log2 ('KYCRRFRWLHFRWL')  global_best=2.1244 log2  τ=0.91  β=0.045
Ep 1213/2000  reward=+0.0000 log2  ep_best=2.8791 log2 ('KYCRRFRWLTFRWL')  global_best=2.1244 log2  τ=0.91  β=0.045
Ep 1214/2000  reward=+0.0000 log2  ep_best=2.8791 log2 ('KYCRRFRWLTFRWL')  global_best=2.1244 log2  τ=0.91  β=0.045
Ep 1215/2000  reward=+0.7548 log2  ep_best=2.1244 log2 ('KYCRRFRWLKFRWL')  global_best=2.1244 log2  τ=0.91  β=0.045
Ep 1216/2000  reward=+0.1797 log2  ep_best=2.6994 log2 ('KYCRRFRWLWFRWL')  global_best=2.1244 log2  τ=0.91  β=0.045
Ep 1217/2000  reward=+0.0000 log2  ep_best=2.8791 log2 ('KYCRRFRWLTFRWL')  global_best=2.1244 log2  τ=0.91  β=0.045
Ep 1218/2000  reward=+0.0000 log2  ep_best=2.8791 log2 ('KYCRRFRWLTFRWL')  global_best=2.1244 log2  τ=0.90  β=0.045
Ep 1219/2000  reward=+0.0000 log2  ep_best=2.8791 log2 ('KYCRRFRWLTFRWL')  global_best=2.1244 log2  τ=0.90  β=0.045
Ep 1220/2000  reward=+0.0712 log2  ep_best=2.8079 log2 ('WRCRRFRWKYVRWL')  global_best=2.1244 log2  τ=0.90  β=0.045
Ep 1221/2000  reward=+0.0000 log2  ep_best=2.8791 log2 ('KYCRRFRWLTFRWL')  global_best=2.1244 log2  τ=0.90  β=0.045
Ep 1222/2000  reward=+0.0183 log2  ep_best=2.8609 log2 ('KYCRRFRWLHFRWL')  global_best=2.1244 log2  τ=0.90  β=0.045
Ep 1223/2000  reward=+0.4363 log2  ep_best=2.4429 log2 ('KRFRRFRWLKFRWL')  global_best=2.1244 log2  τ=0.90  β=0.045
Ep 1224/2000  reward=+0.0000 log2  ep_best=2.8791 log2 ('KYCRRFRWLTFRWL')  global_best=2.1244 log2  τ=0.90  β=0.045
Ep 1225/2000  reward=+0.0183 log2  ep_best=2.8609 log2 ('KYCRRFRWLHFRWL')  global_best=2.1244 log2  τ=0.90  β=0.045
Ep 1226/2000  reward=+0.0000 log2  ep_best=2.8791 log2 ('KYCRRFRWLTFRWL')  global_best=2.1244 log2  τ=0.90  β=0.045
Ep 1227/2000  reward=+0.0000 log2  ep_best=2.8791 log2 ('KYCRRFRWLTFRWL')  global_best=2.1244 log2  τ=0.90  β=0.045
Ep 1228/2000  reward=+0.0000 log2  ep_best=2.8791 log2 ('KYCRRFRWLTFRWL')  global_best=2.1244 log2  τ=0.90  β=0.045
Ep 1229/2000  reward=+0.2351 log2  ep_best=2.6440 log2 ('WYCRRFRWLKFRWL')  global_best=2.1244 log2  τ=0.89  β=0.045
Ep 1230/2000  reward=+0.0196 log2  ep_best=2.8595 log2 ('KYCRRFRWLFFRWL')  global_best=2.1244 log2  τ=0.89  β=0.045
Ep 1231/2000  reward=+0.0183 log2  ep_best=2.8609 log2 ('KYCRRFRWLHFRWL')  global_best=2.1244 log2  τ=0.89  β=0.045
Ep 1232/2000  reward=+0.0000 log2  ep_best=2.8791 log2 ('KYCRRFRWLTFRWL')  global_best=2.1244 log2  τ=0.89  β=0.045
Ep 1233/2000  reward=+0.0000 log2  ep_best=2.8791 log2 ('KYCRRFRWLTFRWL')  global_best=2.1244 log2  τ=0.89  β=0.045
Ep 1234/2000  reward=+0.0183 log2  ep_best=2.8609 log2 ('KYCRRFRWLHFRWL')  global_best=2.1244 log2  τ=0.89  β=0.044
Ep 1235/2000  reward=+0.2230 log2  ep_best=2.6562 log2 ('KRCRRFRWLKFRWL')  global_best=2.1244 log2  τ=0.89  β=0.044
Ep 1236/2000  reward=+0.0000 log2  ep_best=2.8791 log2 ('KYCRRFRWLTFRWL')  global_best=2.1244 log2  τ=0.89  β=0.044
Ep 1237/2000  reward=+0.0000 log2  ep_best=2.8791 log2 ('KYCRRFRWLTFRWL')  global_best=2.1244 log2  τ=0.89  β=0.044
Ep 1238/2000  reward=+0.0000 log2  ep_best=2.8791 log2 ('KYCRRFRWLTFRWL')  global_best=2.1244 log2  τ=0.89  β=0.044
Ep 1239/2000  reward=+0.0000 log2  ep_best=2.8791 log2 ('KYCRRFRWLTFRWL')  global_best=2.1244 log2  τ=0.89  β=0.044
Ep 1240/2000  reward=+0.0183 log2  ep_best=2.8609 log2 ('KYCRRFRWLHFRWL')  global_best=2.1244 log2  τ=0.88  β=0.044
Ep 1241/2000  reward=+0.1139 log2  ep_best=2.7653 log2 ('KRCRRFRWLYFRWL')  global_best=2.1244 log2  τ=0.88  β=0.044
Ep 1242/2000  reward=+0.0000 log2  ep_best=2.8791 log2 ('KYCRRFRWLTFRWL')  global_best=2.1244 log2  τ=0.88  β=0.044
Ep 1243/2000  reward=+0.0000 log2  ep_best=2.8791 log2 ('KYCRRFRWLTFRWL')  global_best=2.1244 log2  τ=0.88  β=0.044
Ep 1244/2000  reward=+0.0000 log2  ep_best=2.8791 log2 ('KYCRRFRWLTFRWL')  global_best=2.1244 log2  τ=0.88  β=0.044
Ep 1245/2000  reward=+0.0308 log2  ep_best=2.8483 log2 ('KYCRRFRWLYFRWL')  global_best=2.1244 log2  τ=0.88  β=0.044
Ep 1246/2000  reward=+0.0196 log2  ep_best=2.8595 log2 ('KYCRRFRWLFFRWL')  global_best=2.1244 log2  τ=0.88  β=0.044
Ep 1247/2000  reward=+0.0000 log2  ep_best=2.8791 log2 ('KYCRRFRWLTFRWL')  global_best=2.1244 log2  τ=0.88  β=0.044
Ep 1248/2000  reward=+0.1139 log2  ep_best=2.7653 log2 ('KRCRRFRWLYFRWL')  global_best=2.1244 log2  τ=0.88  β=0.044
Ep 1249/2000  reward=+0.1093 log2  ep_best=2.7699 log2 ('KRCRRFRWLLFRWL')  global_best=2.1244 log2  τ=0.88  β=0.044
Ep 1250/2000  reward=+0.0308 log2  ep_best=2.8483 log2 ('KYCRRFRWLYFRWL')  global_best=2.1244 log2  τ=0.88  β=0.044
Ep 1251/2000  reward=+0.1139 log2  ep_best=2.7653 log2 ('KRCRRFRWLYFRWL')  global_best=2.1244 log2  τ=0.87  β=0.044
Ep 1252/2000  reward=+0.0000 log2  ep_best=2.8791 log2 ('KYCRRFRWLTFRWL')  global_best=2.1244 log2  τ=0.87  β=0.044
Ep 1253/2000  reward=+0.0000 log2  ep_best=2.8791 log2 ('KYCRRFRWLTFRWL')  global_best=2.1244 log2  τ=0.87  β=0.044
Ep 1254/2000  reward=+0.0000 log2  ep_best=2.8791 log2 ('KYCRRFRWLTFRWL')  global_best=2.1244 log2  τ=0.87  β=0.044
Ep 1255/2000  reward=+0.0000 log2  ep_best=2.8791 log2 ('KYCRRFRWLTFRWL')  global_best=2.1244 log2  τ=0.87  β=0.044
Ep 1256/2000  reward=+0.0183 log2  ep_best=2.8609 log2 ('KYCRRFRWLHFRWL')  global_best=2.1244 log2  τ=0.87  β=0.043
Ep 1257/2000  reward=+0.0308 log2  ep_best=2.8483 log2 ('KYCRRFRWLYFRWL')  global_best=2.1244 log2  τ=0.87  β=0.043
Ep 1258/2000  reward=+0.0000 log2  ep_best=2.8791 log2 ('KYCRRFRWLTFRWL')  global_best=2.1244 log2  τ=0.87  β=0.043
Ep 1259/2000  reward=+0.0000 log2  ep_best=2.8791 log2 ('KYCRRFRWLTFRWL')  global_best=2.1244 log2  τ=0.87  β=0.043
Ep 1260/2000  reward=+0.1139 log2  ep_best=2.7653 log2 ('KRCRRFRWLYFRWL')  global_best=2.1244 log2  τ=0.87  β=0.043
Ep 1261/2000  reward=+0.1093 log2  ep_best=2.7699 log2 ('KRCRRFRWLLFRWL')  global_best=2.1244 log2  τ=0.87  β=0.043
Ep 1262/2000  reward=+0.0000 log2  ep_best=2.8791 log2 ('KYCRRFRWLTFRWL')  global_best=2.1244 log2  τ=0.86  β=0.043
Ep 1263/2000  reward=+0.0183 log2  ep_best=2.8609 log2 ('KYCRRFRWLHFRWL')  global_best=2.1244 log2  τ=0.86  β=0.043
Ep 1264/2000  reward=+0.0000 log2  ep_best=2.8791 log2 ('KYCRRFRWLTFRWL')  global_best=2.1244 log2  τ=0.86  β=0.043
Ep 1265/2000  reward=+0.1139 log2  ep_best=2.7653 log2 ('KRCRRFRWLYFRWL')  global_best=2.1244 log2  τ=0.86  β=0.043
Ep 1266/2000  reward=+0.0000 log2  ep_best=2.8791 log2 ('KYCRRFRWLTFRWL')  global_best=2.1244 log2  τ=0.86  β=0.043
Ep 1267/2000  reward=+0.0000 log2  ep_best=2.8791 log2 ('KYCRRFRWLTFRWL')  global_best=2.1244 log2  τ=0.86  β=0.043
Ep 1268/2000  reward=+0.0183 log2  ep_best=2.8609 log2 ('KYCRRFRWLHFRWL')  global_best=2.1244 log2  τ=0.86  β=0.043
Ep 1269/2000  reward=+0.2507 log2  ep_best=2.6285 log2 ('KRFRRFRWLLFRWL')  global_best=2.1244 log2  τ=0.86  β=0.043
Ep 1270/2000  reward=+0.0183 log2  ep_best=2.8609 log2 ('KYCRRFRWLHFRWL')  global_best=2.1244 log2  τ=0.86  β=0.043
Ep 1271/2000  reward=+0.0000 log2  ep_best=2.8791 log2 ('KYCRRFRWLTFRWL')  global_best=2.1244 log2  τ=0.86  β=0.043
Ep 1272/2000  reward=+0.0196 log2  ep_best=2.8595 log2 ('KYCRRFRWLFFRWL')  global_best=2.1244 log2  τ=0.86  β=0.043
Ep 1273/2000  reward=+0.0000 log2  ep_best=2.8791 log2 ('KYCRRFRWLTFRWL')  global_best=2.1244 log2  τ=0.85  β=0.043
Ep 1274/2000  reward=+0.0000 log2  ep_best=2.8791 log2 ('KYCRRFRWLTFRWL')  global_best=2.1244 log2  τ=0.85  β=0.043
Ep 1275/2000  reward=+0.7548 log2  ep_best=2.1244 log2 ('KYCRRFRWLKFRWL')  global_best=2.1244 log2  τ=0.85  β=0.043
Ep 1276/2000  reward=+0.0183 log2  ep_best=2.8609 log2 ('KYCRRFRWLHFRWL')  global_best=2.1244 log2  τ=0.85  β=0.043
Ep 1277/2000  reward=+0.0196 log2  ep_best=2.8595 log2 ('KYCRRFRWLFFRWL')  global_best=2.1244 log2  τ=0.85  β=0.043
Ep 1278/2000  reward=+0.0000 log2  ep_best=2.8791 log2 ('KYCRRFRWLTFRWL')  global_best=2.1244 log2  τ=0.85  β=0.043
Ep 1279/2000  reward=+0.0000 log2  ep_best=2.8791 log2 ('KYCRRFRWLTFRWL')  global_best=2.1244 log2  τ=0.85  β=0.042
Ep 1280/2000  reward=+0.0000 log2  ep_best=2.8791 log2 ('KYCRRFRWLTFRWL')  global_best=2.1244 log2  τ=0.85  β=0.042
Ep 1281/2000  reward=+0.0000 log2  ep_best=2.8791 log2 ('KYCRRFRWLTFRWL')  global_best=2.1244 log2  τ=0.85  β=0.042
Ep 1282/2000  reward=+0.0000 log2  ep_best=2.8791 log2 ('KYCRRFRWLTFRWL')  global_best=2.1244 log2  τ=0.85  β=0.042
Ep 1283/2000  reward=+0.0290 log2  ep_best=2.8502 log2 ('WRCRRFRWKWVRWL')  global_best=2.1244 log2  τ=0.85  β=0.042
Ep 1284/2000  reward=+0.0000 log2  ep_best=2.8791 log2 ('KYCRRFRWLTFRWL')  global_best=2.1244 log2  τ=0.84  β=0.042
Ep 1285/2000  reward=+0.0183 log2  ep_best=2.8609 log2 ('KYCRRFRWLHFRWL')  global_best=2.1244 log2  τ=0.84  β=0.042
Ep 1286/2000  reward=+0.0000 log2  ep_best=2.8791 log2 ('KYCRRFRWLTFRWL')  global_best=2.1244 log2  τ=0.84  β=0.042
Ep 1287/2000  reward=+0.0000 log2  ep_best=2.8791 log2 ('KYCRRFRWLTFRWL')  global_best=2.1244 log2  τ=0.84  β=0.042
Ep 1288/2000  reward=+0.0308 log2  ep_best=2.8483 log2 ('KYCRRFRWLYFRWL')  global_best=2.1244 log2  τ=0.84  β=0.042
Ep 1289/2000  reward=+0.0712 log2  ep_best=2.8079 log2 ('WRCRRFRWKYVRWL')  global_best=2.1244 log2  τ=0.84  β=0.042
Ep 1290/2000  reward=+0.0000 log2  ep_best=2.8791 log2 ('KYCRRFRWLTFRWL')  global_best=2.1244 log2  τ=0.84  β=0.042
Ep 1291/2000  reward=+0.0000 log2  ep_best=2.8791 log2 ('KYCRRFRWLTFRWL')  global_best=2.1244 log2  τ=0.84  β=0.042
Ep 1292/2000  reward=+0.1139 log2  ep_best=2.7653 log2 ('KRCRRFRWLYFRWL')  global_best=2.1244 log2  τ=0.84  β=0.042
Ep 1293/2000  reward=+0.1139 log2  ep_best=2.7653 log2 ('KRCRRFRWLYFRWL')  global_best=2.1244 log2  τ=0.84  β=0.042
Ep 1294/2000  reward=+0.0000 log2  ep_best=2.8791 log2 ('KYCRRFRWLTFRWL')  global_best=2.1244 log2  τ=0.84  β=0.042
Ep 1295/2000  reward=+0.0000 log2  ep_best=2.8791 log2 ('KYCRRFRWLTFRWL')  global_best=2.1244 log2  τ=0.83  β=0.042
Ep 1296/2000  reward=+0.0308 log2  ep_best=2.8483 log2 ('KYCRRFRWLYFRWL')  global_best=2.1244 log2  τ=0.83  β=0.042
Ep 1297/2000  reward=+0.1139 log2  ep_best=2.7653 log2 ('KRCRRFRWLYFRWL')  global_best=2.1244 log2  τ=0.83  β=0.042
Ep 1298/2000  reward=+0.0000 log2  ep_best=2.8791 log2 ('KYCRRFRWLTFRWL')  global_best=2.1244 log2  τ=0.83  β=0.042
Ep 1299/2000  reward=+0.1595 log2  ep_best=2.7197 log2 ('WRCRRFRWLKFRWL')  global_best=2.1244 log2  τ=0.83  β=0.042
Ep 1300/2000  reward=+0.0183 log2  ep_best=2.8609 log2 ('KYCRRFRWLHFRWL')  global_best=2.1244 log2  τ=0.83  β=0.042
Ep 1301/2000  reward=+0.0000 log2  ep_best=2.8791 log2 ('KYCRRFRWLTFRWL')  global_best=2.1244 log2  τ=0.83  β=0.041
Ep 1302/2000  reward=+0.0183 log2  ep_best=2.8609 log2 ('KYCRRFRWLHFRWL')  global_best=2.1244 log2  τ=0.83  β=0.041
Ep 1303/2000  reward=+0.0183 log2  ep_best=2.8609 log2 ('KYCRRFRWLHFRWL')  global_best=2.1244 log2  τ=0.83  β=0.041
Ep 1304/2000  reward=+0.0000 log2  ep_best=2.8791 log2 ('KYCRRFRWLTFRWL')  global_best=2.1244 log2  τ=0.83  β=0.041
Ep 1305/2000  reward=+0.0196 log2  ep_best=2.8595 log2 ('KYCRRFRWLFFRWL')  global_best=2.1244 log2  τ=0.83  β=0.041
Ep 1306/2000  reward=+0.0000 log2  ep_best=2.8791 log2 ('KYCRRFRWLTFRWL')  global_best=2.1244 log2  τ=0.82  β=0.041
Ep 1307/2000  reward=+0.0000 log2  ep_best=2.8791 log2 ('KYCRRFRWLTFRWL')  global_best=2.1244 log2  τ=0.82  β=0.041
Ep 1308/2000  reward=+0.0000 log2  ep_best=2.8791 log2 ('KYCRRFRWLTFRWL')  global_best=2.1244 log2  τ=0.82  β=0.041
Ep 1309/2000  reward=+0.0000 log2  ep_best=2.8791 log2 ('KYCRRFRWLTFRWL')  global_best=2.1244 log2  τ=0.82  β=0.041
Ep 1310/2000  reward=+0.0183 log2  ep_best=2.8609 log2 ('KYCRRFRWLHFRWL')  global_best=2.1244 log2  τ=0.82  β=0.041
Ep 1311/2000  reward=+0.0000 log2  ep_best=2.8791 log2 ('KYCRRFRWLTFRWL')  global_best=2.1244 log2  τ=0.82  β=0.041
Ep 1312/2000  reward=+0.0000 log2  ep_best=2.8791 log2 ('KYCRRFRWLTFRWL')  global_best=2.1244 log2  τ=0.82  β=0.041
Ep 1313/2000  reward=+0.0000 log2  ep_best=2.8791 log2 ('KYCRRFRWLTFRWL')  global_best=2.1244 log2  τ=0.82  β=0.041
Ep 1314/2000  reward=+0.0000 log2  ep_best=2.8791 log2 ('KYCRRFRWLTFRWL')  global_best=2.1244 log2  τ=0.82  β=0.041
Ep 1315/2000  reward=+0.0000 log2  ep_best=2.8791 log2 ('KYCRRFRWLTFRWL')  global_best=2.1244 log2  τ=0.82  β=0.041
Ep 1316/2000  reward=+0.2755 log2  ep_best=2.6037 log2 ('KYCRRFRWLRFRWL')  global_best=2.1244 log2  τ=0.82  β=0.041
Ep 1317/2000  reward=+0.4363 log2  ep_best=2.4429 log2 ('KRFRRFRWLKFRWL')  global_best=2.1244 log2  τ=0.82  β=0.041
Ep 1318/2000  reward=+0.0000 log2  ep_best=2.8791 log2 ('KYCRRFRWLTFRWL')  global_best=2.1244 log2  τ=0.81  β=0.041
Ep 1319/2000  reward=+0.0000 log2  ep_best=2.8791 log2 ('KYCRRFRWLTFRWL')  global_best=2.1244 log2  τ=0.81  β=0.041
Ep 1320/2000  reward=+0.0712 log2  ep_best=2.8079 log2 ('WRCRRFRWKYVRWL')  global_best=2.1244 log2  τ=0.81  β=0.041
Ep 1321/2000  reward=+0.0000 log2  ep_best=2.8791 log2 ('KYCRRFRWLTFRWL')  global_best=2.1244 log2  τ=0.81  β=0.041
Ep 1322/2000  reward=+0.0196 log2  ep_best=2.8595 log2 ('KYCRRFRWLFFRWL')  global_best=2.1244 log2  τ=0.81  β=0.041
Ep 1323/2000  reward=+0.2873 log2  ep_best=2.5919 log2 ('KRYRRFRWKWVRWL')  global_best=2.1244 log2  τ=0.81  β=0.040
Ep 1324/2000  reward=+0.0000 log2  ep_best=2.8791 log2 ('KYCRRFRWLTFRWL')  global_best=2.1244 log2  τ=0.81  β=0.040
Ep 1325/2000  reward=+0.0183 log2  ep_best=2.8609 log2 ('KYCRRFRWLHFRWL')  global_best=2.1244 log2  τ=0.81  β=0.040
Ep 1326/2000  reward=+0.0712 log2  ep_best=2.8079 log2 ('WRCRRFRWKYVRWL')  global_best=2.1244 log2  τ=0.81  β=0.040
Ep 1327/2000  reward=+0.0000 log2  ep_best=2.8791 log2 ('KYCRRFRWLTFRWL')  global_best=2.1244 log2  τ=0.81  β=0.040
Ep 1328/2000  reward=+0.0000 log2  ep_best=2.8791 log2 ('KYCRRFRWLTFRWL')  global_best=2.1244 log2  τ=0.81  β=0.040
Ep 1329/2000  reward=+0.0000 log2  ep_best=2.8791 log2 ('KYCRRFRWLTFRWL')  global_best=2.1244 log2  τ=0.80  β=0.040
Ep 1330/2000  reward=+0.0000 log2  ep_best=2.8791 log2 ('KYCRRFRWLTFRWL')  global_best=2.1244 log2  τ=0.80  β=0.040
Ep 1331/2000  reward=+0.0308 log2  ep_best=2.8483 log2 ('KYCRRFRWLYFRWL')  global_best=2.1244 log2  τ=0.80  β=0.040
Ep 1332/2000  reward=+0.0712 log2  ep_best=2.8079 log2 ('WRCRRFRWKYVRWL')  global_best=2.1244 log2  τ=0.80  β=0.040
Ep 1333/2000  reward=+0.0000 log2  ep_best=2.8791 log2 ('KYCRRFRWLTFRWL')  global_best=2.1244 log2  τ=0.80  β=0.040
Ep 1334/2000  reward=+0.1797 log2  ep_best=2.6994 log2 ('KYCRRFRWLWFRWL')  global_best=2.1244 log2  τ=0.80  β=0.040
Ep 1335/2000  reward=+0.0000 log2  ep_best=2.8791 log2 ('KYCRRFRWLTFRWL')  global_best=2.1244 log2  τ=0.80  β=0.040
Ep 1336/2000  reward=+0.0196 log2  ep_best=2.8595 log2 ('KYCRRFRWLFFRWL')  global_best=2.1244 log2  τ=0.80  β=0.040
Ep 1337/2000  reward=+0.7548 log2  ep_best=2.1244 log2 ('KYCRRFRWLKFRWL')  global_best=2.1244 log2  τ=0.80  β=0.040
Ep 1338/2000  reward=+0.7548 log2  ep_best=2.1244 log2 ('KYCRRFRWLKFRWL')  global_best=2.1244 log2  τ=0.80  β=0.040
Ep 1339/2000  reward=+0.0000 log2  ep_best=2.8791 log2 ('KYCRRFRWLTFRWL')  global_best=2.1244 log2  τ=0.80  β=0.040
Ep 1340/2000  reward=+0.0000 log2  ep_best=2.8791 log2 ('KYCRRFRWLTFRWL')  global_best=2.1244 log2  τ=0.79  β=0.040
Ep 1341/2000  reward=+0.0196 log2  ep_best=2.8595 log2 ('KYCRRFRWLFFRWL')  global_best=2.1244 log2  τ=0.79  β=0.040
Ep 1342/2000  reward=+0.0000 log2  ep_best=2.8791 log2 ('KYCRRFRWLTFRWL')  global_best=2.1244 log2  τ=0.79  β=0.040
Ep 1343/2000  reward=+0.0000 log2  ep_best=2.8791 log2 ('KYCRRFRWLTFRWL')  global_best=2.1244 log2  τ=0.79  β=0.040
Ep 1344/2000  reward=+0.4363 log2  ep_best=2.4429 log2 ('KRFRRFRWLKFRWL')  global_best=2.1244 log2  τ=0.79  β=0.040
Ep 1345/2000  reward=+0.0000 log2  ep_best=2.8791 log2 ('KYCRRFRWLTFRWL')  global_best=2.1244 log2  τ=0.79  β=0.039
Ep 1346/2000  reward=+0.0000 log2  ep_best=2.8791 log2 ('KYCRRFRWLTFRWL')  global_best=2.1244 log2  τ=0.79  β=0.039
Ep 1347/2000  reward=+0.0000 log2  ep_best=2.8791 log2 ('KYCRRFRWLTFRWL')  global_best=2.1244 log2  τ=0.79  β=0.039
Ep 1348/2000  reward=+0.0000 log2  ep_best=2.8791 log2 ('KYCRRFRWLTFRWL')  global_best=2.1244 log2  τ=0.79  β=0.039
Ep 1349/2000  reward=+0.0000 log2  ep_best=2.8791 log2 ('KYCRRFRWLTFRWL')  global_best=2.1244 log2  τ=0.79  β=0.039
Ep 1350/2000  reward=+0.0000 log2  ep_best=2.8791 log2 ('KYCRRFRWLTFRWL')  global_best=2.1244 log2  τ=0.79  β=0.039
Ep 1351/2000  reward=+0.0000 log2  ep_best=2.8791 log2 ('KYCRRFRWLTFRWL')  global_best=2.1244 log2  τ=0.78  β=0.039
Ep 1352/2000  reward=+0.0000 log2  ep_best=2.8791 log2 ('KYCRRFRWLTFRWL')  global_best=2.1244 log2  τ=0.78  β=0.039
Ep 1353/2000  reward=+0.0000 log2  ep_best=2.8791 log2 ('KYCRRFRWLTFRWL')  global_best=2.1244 log2  τ=0.78  β=0.039
Ep 1354/2000  reward=+0.0000 log2  ep_best=2.8791 log2 ('KYCRRFRWLTFRWL')  global_best=2.1244 log2  τ=0.78  β=0.039
Ep 1355/2000  reward=+0.0000 log2  ep_best=2.8791 log2 ('KYCRRFRWLTFRWL')  global_best=2.1244 log2  τ=0.78  β=0.039
Ep 1356/2000  reward=+0.1093 log2  ep_best=2.7699 log2 ('KRCRRFRWLLFRWL')  global_best=2.1244 log2  τ=0.78  β=0.039
Ep 1357/2000  reward=+0.0000 log2  ep_best=2.8791 log2 ('KYCRRFRWLTFRWL')  global_best=2.1244 log2  τ=0.78  β=0.039
Ep 1358/2000  reward=+0.0712 log2  ep_best=2.8079 log2 ('WRCRRFRWKYVRWL')  global_best=2.1244 log2  τ=0.78  β=0.039
Ep 1359/2000  reward=+0.0183 log2  ep_best=2.8609 log2 ('KYCRRFRWLHFRWL')  global_best=2.1244 log2  τ=0.78  β=0.039
Ep 1360/2000  reward=+0.0183 log2  ep_best=2.8609 log2 ('KYCRRFRWLHFRWL')  global_best=2.1244 log2  τ=0.78  β=0.039
Ep 1361/2000  reward=+0.0000 log2  ep_best=2.8791 log2 ('KYCRRFRWLTFRWL')  global_best=2.1244 log2  τ=0.78  β=0.039
Ep 1362/2000  reward=+0.0196 log2  ep_best=2.8595 log2 ('KYCRRFRWLFFRWL')  global_best=2.1244 log2  τ=0.77  β=0.039
Ep 1363/2000  reward=+0.2351 log2  ep_best=2.6440 log2 ('WYCRRFRWLKFRWL')  global_best=2.1244 log2  τ=0.77  β=0.039
Ep 1364/2000  reward=+0.0183 log2  ep_best=2.8609 log2 ('KYCRRFRWLHFRWL')  global_best=2.1244 log2  τ=0.77  β=0.039
Ep 1365/2000  reward=+0.0308 log2  ep_best=2.8483 log2 ('KYCRRFRWLYFRWL')  global_best=2.1244 log2  τ=0.77  β=0.039
Ep 1366/2000  reward=+0.0712 log2  ep_best=2.8079 log2 ('WRCRRFRWKYVRWL')  global_best=2.1244 log2  τ=0.77  β=0.039
Ep 1367/2000  reward=+0.0308 log2  ep_best=2.8483 log2 ('KYCRRFRWLYFRWL')  global_best=2.1244 log2  τ=0.77  β=0.038
Ep 1368/2000  reward=+0.0000 log2  ep_best=2.8791 log2 ('KYCRRFRWLTFRWL')  global_best=2.1244 log2  τ=0.77  β=0.038
Ep 1369/2000  reward=+0.0183 log2  ep_best=2.8609 log2 ('KYCRRFRWLHFRWL')  global_best=2.1244 log2  τ=0.77  β=0.038
Ep 1370/2000  reward=+0.0000 log2  ep_best=2.8791 log2 ('KYCRRFRWLTFRWL')  global_best=2.1244 log2  τ=0.77  β=0.038
Ep 1371/2000  reward=+0.0196 log2  ep_best=2.8595 log2 ('KYCRRFRWLFFRWL')  global_best=2.1244 log2  τ=0.77  β=0.038
Ep 1372/2000  reward=+0.0000 log2  ep_best=2.8791 log2 ('KYCRRFRWLTFRWL')  global_best=2.1244 log2  τ=0.77  β=0.038
Ep 1373/2000  reward=+0.0308 log2  ep_best=2.8483 log2 ('KYCRRFRWLYFRWL')  global_best=2.1244 log2  τ=0.76  β=0.038
Ep 1374/2000  reward=+0.0000 log2  ep_best=2.8791 log2 ('KYCRRFRWLTFRWL')  global_best=2.1244 log2  τ=0.76  β=0.038
Ep 1375/2000  reward=+0.0196 log2  ep_best=2.8595 log2 ('KYCRRFRWLFFRWL')  global_best=2.1244 log2  τ=0.76  β=0.038
Ep 1376/2000  reward=+0.0000 log2  ep_best=2.8791 log2 ('KYCRRFRWLTFRWL')  global_best=2.1244 log2  τ=0.76  β=0.038
Ep 1377/2000  reward=+0.4363 log2  ep_best=2.4429 log2 ('KRFRRFRWLKFRWL')  global_best=2.1244 log2  τ=0.76  β=0.038
Ep 1378/2000  reward=+0.0000 log2  ep_best=2.8791 log2 ('KYCRRFRWLTFRWL')  global_best=2.1244 log2  τ=0.76  β=0.038
Ep 1379/2000  reward=+0.2230 log2  ep_best=2.6562 log2 ('KRCRRFRWLKFRWL')  global_best=2.1244 log2  τ=0.76  β=0.038
Ep 1380/2000  reward=+0.0000 log2  ep_best=2.8791 log2 ('KYCRRFRWLTFRWL')  global_best=2.1244 log2  τ=0.76  β=0.038
Ep 1381/2000  reward=+0.0000 log2  ep_best=2.8791 log2 ('KYCRRFRWLTFRWL')  global_best=2.1244 log2  τ=0.76  β=0.038
Ep 1382/2000  reward=+0.4363 log2  ep_best=2.4429 log2 ('KRFRRFRWLKFRWL')  global_best=2.1244 log2  τ=0.76  β=0.038
Ep 1383/2000  reward=+0.0000 log2  ep_best=2.8791 log2 ('KYCRRFRWLTFRWL')  global_best=2.1244 log2  τ=0.76  β=0.038
Ep 1384/2000  reward=+0.0000 log2  ep_best=2.8791 log2 ('KYCRRFRWLTFRWL')  global_best=2.1244 log2  τ=0.75  β=0.038
Ep 1385/2000  reward=+0.1139 log2  ep_best=2.7653 log2 ('KRCRRFRWLYFRWL')  global_best=2.1244 log2  τ=0.75  β=0.038
Ep 1386/2000  reward=+0.0000 log2  ep_best=2.8791 log2 ('KYCRRFRWLTFRWL')  global_best=2.1244 log2  τ=0.75  β=0.038
Ep 1387/2000  reward=+0.0000 log2  ep_best=2.8791 log2 ('KYCRRFRWLTFRWL')  global_best=2.1244 log2  τ=0.75  β=0.038
Ep 1388/2000  reward=+0.2755 log2  ep_best=2.6037 log2 ('KYCRRFRWLRFRWL')  global_best=2.1244 log2  τ=0.75  β=0.038
Ep 1389/2000  reward=+0.0196 log2  ep_best=2.8595 log2 ('KYCRRFRWLFFRWL')  global_best=2.1244 log2  τ=0.75  β=0.038
Ep 1390/2000  reward=+0.0000 log2  ep_best=2.8791 log2 ('KYCRRFRWLTFRWL')  global_best=2.1244 log2  τ=0.75  β=0.037
Ep 1391/2000  reward=+0.0000 log2  ep_best=2.8791 log2 ('KYCRRFRWLTFRWL')  global_best=2.1244 log2  τ=0.75  β=0.037
Ep 1392/2000  reward=+0.0000 log2  ep_best=2.8791 log2 ('KYCRRFRWLTFRWL')  global_best=2.1244 log2  τ=0.75  β=0.037
Ep 1393/2000  reward=+0.0308 log2  ep_best=2.8483 log2 ('KYCRRFRWLYFRWL')  global_best=2.1244 log2  τ=0.75  β=0.037
Ep 1394/2000  reward=+0.0196 log2  ep_best=2.8595 log2 ('KYCRRFRWLFFRWL')  global_best=2.1244 log2  τ=0.75  β=0.037
Ep 1395/2000  reward=+0.0000 log2  ep_best=2.8791 log2 ('KYCRRFRWLTFRWL')  global_best=2.1244 log2  τ=0.74  β=0.037
Ep 1396/2000  reward=+0.0000 log2  ep_best=2.8791 log2 ('KYCRRFRWLTFRWL')  global_best=2.1244 log2  τ=0.74  β=0.037
Ep 1397/2000  reward=+0.0000 log2  ep_best=2.8791 log2 ('KYCRRFRWLTFRWL')  global_best=2.1244 log2  τ=0.74  β=0.037
Ep 1398/2000  reward=+0.0000 log2  ep_best=2.8791 log2 ('KYCRRFRWLTFRWL')  global_best=2.1244 log2  τ=0.74  β=0.037
Ep 1399/2000  reward=+0.0712 log2  ep_best=2.8079 log2 ('WRCRRFRWKYVRWL')  global_best=2.1244 log2  τ=0.74  β=0.037
Ep 1400/2000  reward=+0.0000 log2  ep_best=2.8791 log2 ('KYCRRFRWLTFRWL')  global_best=2.1244 log2  τ=0.74  β=0.037
Ep 1401/2000  reward=+0.0000 log2  ep_best=2.8791 log2 ('KYCRRFRWLTFRWL')  global_best=2.1244 log2  τ=0.74  β=0.037
Ep 1402/2000  reward=+0.0000 log2  ep_best=2.8791 log2 ('KYCRRFRWLTFRWL')  global_best=2.1244 log2  τ=0.74  β=0.037
Ep 1403/2000  reward=+0.0196 log2  ep_best=2.8595 log2 ('KYCRRFRWLFFRWL')  global_best=2.1244 log2  τ=0.74  β=0.037
Ep 1404/2000  reward=+0.0000 log2  ep_best=2.8791 log2 ('KYCRRFRWLTFRWL')  global_best=2.1244 log2  τ=0.74  β=0.037
Ep 1405/2000  reward=+0.0183 log2  ep_best=2.8609 log2 ('KYCRRFRWLHFRWL')  global_best=2.1244 log2  τ=0.74  β=0.037
Ep 1406/2000  reward=+0.0183 log2  ep_best=2.8609 log2 ('KYCRRFRWLHFRWL')  global_best=2.1244 log2  τ=0.73  β=0.037
Ep 1407/2000  reward=+0.0000 log2  ep_best=2.8791 log2 ('KYCRRFRWLTFRWL')  global_best=2.1244 log2  τ=0.73  β=0.037
Ep 1408/2000  reward=+0.0183 log2  ep_best=2.8609 log2 ('KYCRRFRWLHFRWL')  global_best=2.1244 log2  τ=0.73  β=0.037
Ep 1409/2000  reward=+0.0183 log2  ep_best=2.8609 log2 ('KYCRRFRWLHFRWL')  global_best=2.1244 log2  τ=0.73  β=0.037
Ep 1410/2000  reward=+0.1139 log2  ep_best=2.7653 log2 ('KRCRRFRWLYFRWL')  global_best=2.1244 log2  τ=0.73  β=0.037
Ep 1411/2000  reward=+0.0000 log2  ep_best=2.8791 log2 ('KYCRRFRWLTFRWL')  global_best=2.1244 log2  τ=0.73  β=0.037
Ep 1412/2000  reward=+0.4363 log2  ep_best=2.4429 log2 ('KRFRRFRWLKFRWL')  global_best=2.1244 log2  τ=0.73  β=0.036
Ep 1413/2000  reward=+0.0000 log2  ep_best=2.8791 log2 ('KYCRRFRWLTFRWL')  global_best=2.1244 log2  τ=0.73  β=0.036
Ep 1414/2000  reward=+0.0196 log2  ep_best=2.8595 log2 ('KYCRRFRWLFFRWL')  global_best=2.1244 log2  τ=0.73  β=0.036
Ep 1415/2000  reward=+0.0196 log2  ep_best=2.8595 log2 ('KYCRRFRWLFFRWL')  global_best=2.1244 log2  τ=0.73  β=0.036
Ep 1416/2000  reward=+0.0183 log2  ep_best=2.8609 log2 ('KYCRRFRWLHFRWL')  global_best=2.1244 log2  τ=0.73  β=0.036
Ep 1417/2000  reward=+0.0000 log2  ep_best=2.8791 log2 ('KYCRRFRWLTFRWL')  global_best=2.1244 log2  τ=0.72  β=0.036
Ep 1418/2000  reward=+0.0712 log2  ep_best=2.8079 log2 ('WRCRRFRWKYVRWL')  global_best=2.1244 log2  τ=0.72  β=0.036
Ep 1419/2000  reward=+0.0000 log2  ep_best=2.8791 log2 ('KYCRRFRWLTFRWL')  global_best=2.1244 log2  τ=0.72  β=0.036
Ep 1420/2000  reward=+0.0196 log2  ep_best=2.8595 log2 ('KYCRRFRWLFFRWL')  global_best=2.1244 log2  τ=0.72  β=0.036
Ep 1421/2000  reward=+0.0000 log2  ep_best=2.8791 log2 ('KYCRRFRWLTFRWL')  global_best=2.1244 log2  τ=0.72  β=0.036
Ep 1422/2000  reward=+0.0000 log2  ep_best=2.8791 log2 ('KYCRRFRWLTFRWL')  global_best=2.1244 log2  τ=0.72  β=0.036
Ep 1423/2000  reward=+0.0183 log2  ep_best=2.8609 log2 ('KYCRRFRWLHFRWL')  global_best=2.1244 log2  τ=0.72  β=0.036
Ep 1424/2000  reward=+0.0000 log2  ep_best=2.8791 log2 ('KYCRRFRWLTFRWL')  global_best=2.1244 log2  τ=0.72  β=0.036
Ep 1425/2000  reward=+0.1139 log2  ep_best=2.7653 log2 ('KRCRRFRWLYFRWL')  global_best=2.1244 log2  τ=0.72  β=0.036
Ep 1426/2000  reward=+0.0000 log2  ep_best=2.8791 log2 ('KYCRRFRWLTFRWL')  global_best=2.1244 log2  τ=0.72  β=0.036
Ep 1427/2000  reward=+0.0308 log2  ep_best=2.8483 log2 ('KYCRRFRWLYFRWL')  global_best=2.1244 log2  τ=0.72  β=0.036
Ep 1428/2000  reward=+0.5108 log2  ep_best=2.3683 log2 ('WRFRRFRWWKVRWL')  global_best=2.1244 log2  τ=0.72  β=0.036
Ep 1429/2000  reward=+0.0308 log2  ep_best=2.8483 log2 ('KYCRRFRWLYFRWL')  global_best=2.1244 log2  τ=0.71  β=0.036
Ep 1430/2000  reward=+0.0000 log2  ep_best=2.8791 log2 ('KYCRRFRWLTFRWL')  global_best=2.1244 log2  τ=0.71  β=0.036
Ep 1431/2000  reward=+0.0000 log2  ep_best=2.8791 log2 ('KYCRRFRWLTFRWL')  global_best=2.1244 log2  τ=0.71  β=0.036
Ep 1432/2000  reward=+0.1139 log2  ep_best=2.7653 log2 ('KRCRRFRWLYFRWL')  global_best=2.1244 log2  τ=0.71  β=0.036
Ep 1433/2000  reward=+0.0000 log2  ep_best=2.8791 log2 ('KYCRRFRWLTFRWL')  global_best=2.1244 log2  τ=0.71  β=0.036
Ep 1434/2000  reward=+0.0000 log2  ep_best=2.8791 log2 ('KYCRRFRWLTFRWL')  global_best=2.1244 log2  τ=0.71  β=0.035
Ep 1435/2000  reward=+0.2507 log2  ep_best=2.6285 log2 ('KRFRRFRWLLFRWL')  global_best=2.1244 log2  τ=0.71  β=0.035
Ep 1436/2000  reward=+0.0000 log2  ep_best=2.8791 log2 ('KYCRRFRWLTFRWL')  global_best=2.1244 log2  τ=0.71  β=0.035
Ep 1437/2000  reward=+0.0000 log2  ep_best=2.8791 log2 ('KYCRRFRWLTFRWL')  global_best=2.1244 log2  τ=0.71  β=0.035
Ep 1438/2000  reward=+0.1139 log2  ep_best=2.7653 log2 ('KRCRRFRWLYFRWL')  global_best=2.1244 log2  τ=0.71  β=0.035
Ep 1439/2000  reward=+0.1595 log2  ep_best=2.7197 log2 ('WRCRRFRWLKFRWL')  global_best=2.1244 log2  τ=0.71  β=0.035
Ep 1440/2000  reward=+0.0000 log2  ep_best=2.8791 log2 ('KYCRRFRWLTFRWL')  global_best=2.1244 log2  τ=0.70  β=0.035
Ep 1441/2000  reward=+0.0000 log2  ep_best=2.8791 log2 ('KYCRRFRWLTFRWL')  global_best=2.1244 log2  τ=0.70  β=0.035
Ep 1442/2000  reward=+0.0000 log2  ep_best=2.8791 log2 ('KYCRRFRWLTFRWL')  global_best=2.1244 log2  τ=0.70  β=0.035
Ep 1443/2000  reward=+0.0183 log2  ep_best=2.8609 log2 ('KYCRRFRWLHFRWL')  global_best=2.1244 log2  τ=0.70  β=0.035
Ep 1444/2000  reward=+0.0000 log2  ep_best=2.8791 log2 ('KYCRRFRWLTFRWL')  global_best=2.1244 log2  τ=0.70  β=0.035
Ep 1445/2000  reward=+0.0712 log2  ep_best=2.8079 log2 ('WRCRRFRWKYVRWL')  global_best=2.1244 log2  τ=0.70  β=0.035
Ep 1446/2000  reward=+0.0000 log2  ep_best=2.8791 log2 ('KYCRRFRWLTFRWL')  global_best=2.1244 log2  τ=0.70  β=0.035
Ep 1447/2000  reward=+0.0000 log2  ep_best=2.8791 log2 ('KYCRRFRWLTFRWL')  global_best=2.1244 log2  τ=0.70  β=0.035
Ep 1448/2000  reward=+0.0308 log2  ep_best=2.8483 log2 ('KYCRRFRWLYFRWL')  global_best=2.1244 log2  τ=0.70  β=0.035
Ep 1449/2000  reward=+0.0712 log2  ep_best=2.8079 log2 ('WRCRRFRWKYVRWL')  global_best=2.1244 log2  τ=0.70  β=0.035
Ep 1450/2000  reward=+0.0000 log2  ep_best=2.8791 log2 ('KYCRRFRWLTFRWL')  global_best=2.1244 log2  τ=0.70  β=0.035
Ep 1451/2000  reward=+0.0712 log2  ep_best=2.8079 log2 ('WRCRRFRWKYVRWL')  global_best=2.1244 log2  τ=0.69  β=0.035
Ep 1452/2000  reward=+0.0000 log2  ep_best=2.8791 log2 ('KYCRRFRWLTFRWL')  global_best=2.1244 log2  τ=0.69  β=0.035
Ep 1453/2000  reward=+0.0308 log2  ep_best=2.8483 log2 ('KYCRRFRWLYFRWL')  global_best=2.1244 log2  τ=0.69  β=0.035
Ep 1454/2000  reward=+0.0000 log2  ep_best=2.8791 log2 ('KYCRRFRWLTFRWL')  global_best=2.1244 log2  τ=0.69  β=0.035
Ep 1455/2000  reward=+0.0183 log2  ep_best=2.8609 log2 ('KYCRRFRWLHFRWL')  global_best=2.1244 log2  τ=0.69  β=0.035
Ep 1456/2000  reward=+0.0000 log2  ep_best=2.8791 log2 ('KYCRRFRWLTFRWL')  global_best=2.1244 log2  τ=0.69  β=0.034
Ep 1457/2000  reward=+0.0183 log2  ep_best=2.8609 log2 ('KYCRRFRWLHFRWL')  global_best=2.1244 log2  τ=0.69  β=0.034
Ep 1458/2000  reward=+0.1139 log2  ep_best=2.7653 log2 ('KRCRRFRWLYFRWL')  global_best=2.1244 log2  τ=0.69  β=0.034
Ep 1459/2000  reward=+0.0183 log2  ep_best=2.8609 log2 ('KYCRRFRWLHFRWL')  global_best=2.1244 log2  τ=0.69  β=0.034
Ep 1460/2000  reward=+0.0000 log2  ep_best=2.8791 log2 ('KYCRRFRWLTFRWL')  global_best=2.1244 log2  τ=0.69  β=0.034
Ep 1461/2000  reward=+0.0000 log2  ep_best=2.8791 log2 ('KYCRRFRWLTFRWL')  global_best=2.1244 log2  τ=0.69  β=0.034
Ep 1462/2000  reward=+0.0000 log2  ep_best=2.8791 log2 ('KYCRRFRWLTFRWL')  global_best=2.1244 log2  τ=0.68  β=0.034
Ep 1463/2000  reward=+0.0183 log2  ep_best=2.8609 log2 ('KYCRRFRWLHFRWL')  global_best=2.1244 log2  τ=0.68  β=0.034
Ep 1464/2000  reward=+0.0000 log2  ep_best=2.8791 log2 ('KYCRRFRWLTFRWL')  global_best=2.1244 log2  τ=0.68  β=0.034
Ep 1465/2000  reward=+0.0000 log2  ep_best=2.8791 log2 ('KYCRRFRWLTFRWL')  global_best=2.1244 log2  τ=0.68  β=0.034
Ep 1466/2000  reward=+0.2351 log2  ep_best=2.6440 log2 ('WYCRRFRWLKFRWL')  global_best=2.1244 log2  τ=0.68  β=0.034
Ep 1467/2000  reward=+0.0000 log2  ep_best=2.8791 log2 ('KYCRRFRWLTFRWL')  global_best=2.1244 log2  τ=0.68  β=0.034
Ep 1468/2000  reward=+0.0000 log2  ep_best=2.8791 log2 ('KYCRRFRWLTFRWL')  global_best=2.1244 log2  τ=0.68  β=0.034
Ep 1469/2000  reward=+0.0196 log2  ep_best=2.8595 log2 ('KYCRRFRWLFFRWL')  global_best=2.1244 log2  τ=0.68  β=0.034
Ep 1470/2000  reward=+0.0000 log2  ep_best=2.8791 log2 ('KYCRRFRWLTFRWL')  global_best=2.1244 log2  τ=0.68  β=0.034
Ep 1471/2000  reward=+0.0000 log2  ep_best=2.8791 log2 ('KYCRRFRWLTFRWL')  global_best=2.1244 log2  τ=0.68  β=0.034
Ep 1472/2000  reward=+0.1093 log2  ep_best=2.7699 log2 ('KRCRRFRWLLFRWL')  global_best=2.1244 log2  τ=0.68  β=0.034
Ep 1473/2000  reward=+0.0000 log2  ep_best=2.8791 log2 ('KYCRRFRWLTFRWL')  global_best=2.1244 log2  τ=0.67  β=0.034
Ep 1474/2000  reward=+0.0000 log2  ep_best=2.8791 log2 ('KYCRRFRWLTFRWL')  global_best=2.1244 log2  τ=0.67  β=0.034
Ep 1475/2000  reward=+0.0000 log2  ep_best=2.8791 log2 ('KYCRRFRWLTFRWL')  global_best=2.1244 log2  τ=0.67  β=0.034
Ep 1476/2000  reward=+0.0000 log2  ep_best=2.8791 log2 ('KYCRRFRWLTFRWL')  global_best=2.1244 log2  τ=0.67  β=0.034
Ep 1477/2000  reward=+0.0000 log2  ep_best=2.8791 log2 ('KYCRRFRWLTFRWL')  global_best=2.1244 log2  τ=0.67  β=0.034
Ep 1478/2000  reward=+0.0183 log2  ep_best=2.8609 log2 ('KYCRRFRWLHFRWL')  global_best=2.1244 log2  τ=0.67  β=0.034
Ep 1479/2000  reward=+0.2351 log2  ep_best=2.6440 log2 ('WYCRRFRWLKFRWL')  global_best=2.1244 log2  τ=0.67  β=0.033
Ep 1480/2000  reward=+0.0196 log2  ep_best=2.8595 log2 ('KYCRRFRWLFFRWL')  global_best=2.1244 log2  τ=0.67  β=0.033
Ep 1481/2000  reward=+0.0183 log2  ep_best=2.8609 log2 ('KYCRRFRWLHFRWL')  global_best=2.1244 log2  τ=0.67  β=0.033
Ep 1482/2000  reward=+0.0000 log2  ep_best=2.8791 log2 ('KYCRRFRWLTFRWL')  global_best=2.1244 log2  τ=0.67  β=0.033
Ep 1483/2000  reward=+0.0000 log2  ep_best=2.8791 log2 ('KYCRRFRWLTFRWL')  global_best=2.1244 log2  τ=0.67  β=0.033
Ep 1484/2000  reward=+0.0000 log2  ep_best=2.8791 log2 ('KYCRRFRWLTFRWL')  global_best=2.1244 log2  τ=0.66  β=0.033
Ep 1485/2000  reward=+0.0000 log2  ep_best=2.8791 log2 ('KYCRRFRWLTFRWL')  global_best=2.1244 log2  τ=0.66  β=0.033
Ep 1486/2000  reward=+0.0308 log2  ep_best=2.8483 log2 ('KYCRRFRWLYFRWL')  global_best=2.1244 log2  τ=0.66  β=0.033
Ep 1487/2000  reward=+0.0712 log2  ep_best=2.8079 log2 ('WRCRRFRWKYVRWL')  global_best=2.1244 log2  τ=0.66  β=0.033
Ep 1488/2000  reward=+0.0000 log2  ep_best=2.8791 log2 ('KYCRRFRWLTFRWL')  global_best=2.1244 log2  τ=0.66  β=0.033
Ep 1489/2000  reward=+0.0000 log2  ep_best=2.8791 log2 ('KYCRRFRWLTFRWL')  global_best=2.1244 log2  τ=0.66  β=0.033
Ep 1490/2000  reward=+0.0712 log2  ep_best=2.8079 log2 ('WRCRRFRWKYVRWL')  global_best=2.1244 log2  τ=0.66  β=0.033
Ep 1491/2000  reward=+0.0308 log2  ep_best=2.8483 log2 ('KYCRRFRWLYFRWL')  global_best=2.1244 log2  τ=0.66  β=0.033
Ep 1492/2000  reward=+0.1139 log2  ep_best=2.7653 log2 ('KRCRRFRWLYFRWL')  global_best=2.1244 log2  τ=0.66  β=0.033
Ep 1493/2000  reward=+0.0000 log2  ep_best=2.8791 log2 ('KYCRRFRWLTFRWL')  global_best=2.1244 log2  τ=0.66  β=0.033
Ep 1494/2000  reward=+0.0000 log2  ep_best=2.8791 log2 ('KYCRRFRWLTFRWL')  global_best=2.1244 log2  τ=0.66  β=0.033
Ep 1495/2000  reward=+0.0196 log2  ep_best=2.8595 log2 ('KYCRRFRWLFFRWL')  global_best=2.1244 log2  τ=0.65  β=0.033
Ep 1496/2000  reward=+0.0000 log2  ep_best=2.8791 log2 ('KYCRRFRWLTFRWL')  global_best=2.1244 log2  τ=0.65  β=0.033
Ep 1497/2000  reward=+0.1139 log2  ep_best=2.7653 log2 ('KRCRRFRWLYFRWL')  global_best=2.1244 log2  τ=0.65  β=0.033
Ep 1498/2000  reward=+0.0000 log2  ep_best=2.8791 log2 ('KYCRRFRWLTFRWL')  global_best=2.1244 log2  τ=0.65  β=0.033
Ep 1499/2000  reward=+0.0000 log2  ep_best=2.8791 log2 ('KYCRRFRWLTFRWL')  global_best=2.1244 log2  τ=0.65  β=0.033
Ep 1500/2000  reward=+0.0000 log2  ep_best=2.8791 log2 ('KYCRRFRWLTFRWL')  global_best=2.1244 log2  τ=0.65  β=0.033
Ep 1501/2000  reward=+0.0000 log2  ep_best=2.8791 log2 ('KYCRRFRWLTFRWL')  global_best=2.1244 log2  τ=0.65  β=0.032
Ep 1502/2000  reward=+0.0000 log2  ep_best=2.8791 log2 ('KYCRRFRWLTFRWL')  global_best=2.1244 log2  τ=0.65  β=0.032
Ep 1503/2000  reward=+0.0000 log2  ep_best=2.8791 log2 ('KYCRRFRWLTFRWL')  global_best=2.1244 log2  τ=0.65  β=0.032
Ep 1504/2000  reward=+0.0183 log2  ep_best=2.8609 log2 ('KYCRRFRWLHFRWL')  global_best=2.1244 log2  τ=0.65  β=0.032
Ep 1505/2000  reward=+0.0000 log2  ep_best=2.8791 log2 ('KYCRRFRWLTFRWL')  global_best=2.1244 log2  τ=0.65  β=0.032
Ep 1506/2000  reward=+0.0000 log2  ep_best=2.8791 log2 ('KYCRRFRWLTFRWL')  global_best=2.1244 log2  τ=0.64  β=0.032
Ep 1507/2000  reward=+0.0196 log2  ep_best=2.8595 log2 ('KYCRRFRWLFFRWL')  global_best=2.1244 log2  τ=0.64  β=0.032
Ep 1508/2000  reward=+0.0183 log2  ep_best=2.8609 log2 ('KYCRRFRWLHFRWL')  global_best=2.1244 log2  τ=0.64  β=0.032
Ep 1509/2000  reward=+0.0000 log2  ep_best=2.8791 log2 ('KYCRRFRWLTFRWL')  global_best=2.1244 log2  τ=0.64  β=0.032
Ep 1510/2000  reward=+0.0000 log2  ep_best=2.8791 log2 ('KYCRRFRWLTFRWL')  global_best=2.1244 log2  τ=0.64  β=0.032
Ep 1511/2000  reward=+0.0183 log2  ep_best=2.8609 log2 ('KYCRRFRWLHFRWL')  global_best=2.1244 log2  τ=0.64  β=0.032
Ep 1512/2000  reward=+0.0183 log2  ep_best=2.8609 log2 ('KYCRRFRWLHFRWL')  global_best=2.1244 log2  τ=0.64  β=0.032
Ep 1513/2000  reward=+0.1093 log2  ep_best=2.7699 log2 ('KRCRRFRWLLFRWL')  global_best=2.1244 log2  τ=0.64  β=0.032
Ep 1514/2000  reward=+0.0000 log2  ep_best=2.8791 log2 ('KYCRRFRWLTFRWL')  global_best=2.1244 log2  τ=0.64  β=0.032
Ep 1515/2000  reward=+0.0000 log2  ep_best=2.8791 log2 ('KYCRRFRWLTFRWL')  global_best=2.1244 log2  τ=0.64  β=0.032
Ep 1516/2000  reward=+0.0000 log2  ep_best=2.8791 log2 ('KYCRRFRWLTFRWL')  global_best=2.1244 log2  τ=0.64  β=0.032
Ep 1517/2000  reward=+0.0196 log2  ep_best=2.8595 log2 ('KYCRRFRWLFFRWL')  global_best=2.1244 log2  τ=0.63  β=0.032
Ep 1518/2000  reward=+0.0000 log2  ep_best=2.8791 log2 ('KYCRRFRWLTFRWL')  global_best=2.1244 log2  τ=0.63  β=0.032
Ep 1519/2000  reward=+0.0000 log2  ep_best=2.8791 log2 ('KYCRRFRWLTFRWL')  global_best=2.1244 log2  τ=0.63  β=0.032
Ep 1520/2000  reward=+0.0000 log2  ep_best=2.8791 log2 ('KYCRRFRWLTFRWL')  global_best=2.1244 log2  τ=0.63  β=0.032
Ep 1521/2000  reward=+0.0196 log2  ep_best=2.8595 log2 ('KYCRRFRWLFFRWL')  global_best=2.1244 log2  τ=0.63  β=0.032
Ep 1522/2000  reward=+0.1139 log2  ep_best=2.7653 log2 ('KRCRRFRWLYFRWL')  global_best=2.1244 log2  τ=0.63  β=0.032
Ep 1523/2000  reward=+0.0000 log2  ep_best=2.8791 log2 ('KYCRRFRWLTFRWL')  global_best=2.1244 log2  τ=0.63  β=0.031
Ep 1524/2000  reward=+0.1139 log2  ep_best=2.7653 log2 ('KRCRRFRWLYFRWL')  global_best=2.1244 log2  τ=0.63  β=0.031
Ep 1525/2000  reward=+0.0000 log2  ep_best=2.8791 log2 ('KYCRRFRWLTFRWL')  global_best=2.1244 log2  τ=0.63  β=0.031
Ep 1526/2000  reward=+0.0000 log2  ep_best=2.8791 log2 ('KYCRRFRWLTFRWL')  global_best=2.1244 log2  τ=0.63  β=0.031
Ep 1527/2000  reward=+0.0000 log2  ep_best=2.8791 log2 ('KYCRRFRWLTFRWL')  global_best=2.1244 log2  τ=0.63  β=0.031
Ep 1528/2000  reward=+0.0000 log2  ep_best=2.8791 log2 ('KYCRRFRWLTFRWL')  global_best=2.1244 log2  τ=0.63  β=0.031
Ep 1529/2000  reward=+0.0196 log2  ep_best=2.8595 log2 ('KYCRRFRWLFFRWL')  global_best=2.1244 log2  τ=0.62  β=0.031
Ep 1530/2000  reward=+0.0000 log2  ep_best=2.8791 log2 ('KYCRRFRWLTFRWL')  global_best=2.1244 log2  τ=0.62  β=0.031
Ep 1531/2000  reward=+0.1139 log2  ep_best=2.7653 log2 ('KRCRRFRWLYFRWL')  global_best=2.1244 log2  τ=0.62  β=0.031
Ep 1532/2000  reward=+0.0000 log2  ep_best=2.8791 log2 ('KYCRRFRWLTFRWL')  global_best=2.1244 log2  τ=0.62  β=0.031
Ep 1533/2000  reward=+0.0000 log2  ep_best=2.8791 log2 ('KYCRRFRWLTFRWL')  global_best=2.1244 log2  τ=0.62  β=0.031
Ep 1534/2000  reward=+0.0000 log2  ep_best=2.8791 log2 ('KYCRRFRWLTFRWL')  global_best=2.1244 log2  τ=0.62  β=0.031
Ep 1535/2000  reward=+0.0000 log2  ep_best=2.8791 log2 ('KYCRRFRWLTFRWL')  global_best=2.1244 log2  τ=0.62  β=0.031
Ep 1536/2000  reward=+0.0000 log2  ep_best=2.8791 log2 ('KYCRRFRWLTFRWL')  global_best=2.1244 log2  τ=0.62  β=0.031
Ep 1537/2000  reward=+0.7548 log2  ep_best=2.1244 log2 ('KYCRRFRWLKFRWL')  global_best=2.1244 log2  τ=0.62  β=0.031
Ep 1538/2000  reward=+0.0000 log2  ep_best=2.8791 log2 ('KYCRRFRWLTFRWL')  global_best=2.1244 log2  τ=0.62  β=0.031
Ep 1539/2000  reward=+0.0000 log2  ep_best=2.8791 log2 ('KYCRRFRWLTFRWL')  global_best=2.1244 log2  τ=0.62  β=0.031
Ep 1540/2000  reward=+0.0000 log2  ep_best=2.8791 log2 ('KYCRRFRWLTFRWL')  global_best=2.1244 log2  τ=0.61  β=0.031
Ep 1541/2000  reward=+0.0196 log2  ep_best=2.8595 log2 ('KYCRRFRWLFFRWL')  global_best=2.1244 log2  τ=0.61  β=0.031
Ep 1542/2000  reward=+0.0000 log2  ep_best=2.8791 log2 ('KYCRRFRWLTFRWL')  global_best=2.1244 log2  τ=0.61  β=0.031
Ep 1543/2000  reward=+0.0000 log2  ep_best=2.8791 log2 ('KYCRRFRWLTFRWL')  global_best=2.1244 log2  τ=0.61  β=0.031
Ep 1544/2000  reward=+0.0000 log2  ep_best=2.8791 log2 ('KYCRRFRWLTFRWL')  global_best=2.1244 log2  τ=0.61  β=0.031
Ep 1545/2000  reward=+0.0196 log2  ep_best=2.8595 log2 ('KYCRRFRWLFFRWL')  global_best=2.1244 log2  τ=0.61  β=0.030
Ep 1546/2000  reward=+0.2351 log2  ep_best=2.6440 log2 ('WYCRRFRWLKFRWL')  global_best=2.1244 log2  τ=0.61  β=0.030
Ep 1547/2000  reward=+0.0308 log2  ep_best=2.8483 log2 ('KYCRRFRWLYFRWL')  global_best=2.1244 log2  τ=0.61  β=0.030
Ep 1548/2000  reward=+0.0000 log2  ep_best=2.8791 log2 ('KYCRRFRWLTFRWL')  global_best=2.1244 log2  τ=0.61  β=0.030
Ep 1549/2000  reward=+0.0000 log2  ep_best=2.8791 log2 ('KYCRRFRWLTFRWL')  global_best=2.1244 log2  τ=0.61  β=0.030
Ep 1550/2000  reward=+0.0183 log2  ep_best=2.8609 log2 ('KYCRRFRWLHFRWL')  global_best=2.1244 log2  τ=0.61  β=0.030
Ep 1551/2000  reward=+0.0308 log2  ep_best=2.8483 log2 ('KYCRRFRWLYFRWL')  global_best=2.1244 log2  τ=0.60  β=0.030
Ep 1552/2000  reward=+0.0000 log2  ep_best=2.8791 log2 ('KYCRRFRWLTFRWL')  global_best=2.1244 log2  τ=0.60  β=0.030
Ep 1553/2000  reward=+0.0000 log2  ep_best=2.8791 log2 ('KYCRRFRWLTFRWL')  global_best=2.1244 log2  τ=0.60  β=0.030
Ep 1554/2000  reward=+0.2230 log2  ep_best=2.6562 log2 ('KRCRRFRWLKFRWL')  global_best=2.1244 log2  τ=0.60  β=0.030
Ep 1555/2000  reward=+0.0000 log2  ep_best=2.8791 log2 ('KYCRRFRWLTFRWL')  global_best=2.1244 log2  τ=0.60  β=0.030
Ep 1556/2000  reward=+0.0000 log2  ep_best=2.8791 log2 ('KYCRRFRWLTFRWL')  global_best=2.1244 log2  τ=0.60  β=0.030
Ep 1557/2000  reward=+0.0000 log2  ep_best=2.8791 log2 ('KYCRRFRWLTFRWL')  global_best=2.1244 log2  τ=0.60  β=0.030
Ep 1558/2000  reward=+0.0000 log2  ep_best=2.8791 log2 ('KYCRRFRWLTFRWL')  global_best=2.1244 log2  τ=0.60  β=0.030
Ep 1559/2000  reward=+0.2755 log2  ep_best=2.6037 log2 ('KYCRRFRWLRFRWL')  global_best=2.1244 log2  τ=0.60  β=0.030
Ep 1560/2000  reward=+0.0000 log2  ep_best=2.8791 log2 ('KYCRRFRWLTFRWL')  global_best=2.1244 log2  τ=0.60  β=0.030
Ep 1561/2000  reward=+0.0196 log2  ep_best=2.8595 log2 ('KYCRRFRWLFFRWL')  global_best=2.1244 log2  τ=0.60  β=0.030
Ep 1562/2000  reward=+0.0196 log2  ep_best=2.8595 log2 ('KYCRRFRWLFFRWL')  global_best=2.1244 log2  τ=0.59  β=0.030
Ep 1563/2000  reward=+0.0000 log2  ep_best=2.8791 log2 ('KYCRRFRWLTFRWL')  global_best=2.1244 log2  τ=0.59  β=0.030
Ep 1564/2000  reward=+0.2230 log2  ep_best=2.6562 log2 ('KRCRRFRWLKFRWL')  global_best=2.1244 log2  τ=0.59  β=0.030
Ep 1565/2000  reward=+0.0183 log2  ep_best=2.8609 log2 ('KYCRRFRWLHFRWL')  global_best=2.1244 log2  τ=0.59  β=0.030
Ep 1566/2000  reward=+0.0183 log2  ep_best=2.8609 log2 ('KYCRRFRWLHFRWL')  global_best=2.1244 log2  τ=0.59  β=0.030
Ep 1567/2000  reward=+0.1595 log2  ep_best=2.7197 log2 ('WRCRRFRWLKFRWL')  global_best=2.1244 log2  τ=0.59  β=0.029
Ep 1568/2000  reward=+0.0000 log2  ep_best=2.8791 log2 ('KYCRRFRWLTFRWL')  global_best=2.1244 log2  τ=0.59  β=0.029
Ep 1569/2000  reward=+0.0000 log2  ep_best=2.8791 log2 ('KYCRRFRWLTFRWL')  global_best=2.1244 log2  τ=0.59  β=0.029
Ep 1570/2000  reward=+0.0183 log2  ep_best=2.8609 log2 ('KYCRRFRWLHFRWL')  global_best=2.1244 log2  τ=0.59  β=0.029
Ep 1571/2000  reward=+0.0183 log2  ep_best=2.8609 log2 ('KYCRRFRWLHFRWL')  global_best=2.1244 log2  τ=0.59  β=0.029
Ep 1572/2000  reward=+0.0000 log2  ep_best=2.8791 log2 ('KYCRRFRWLTFRWL')  global_best=2.1244 log2  τ=0.59  β=0.029
Ep 1573/2000  reward=+0.0000 log2  ep_best=2.8791 log2 ('KYCRRFRWLTFRWL')  global_best=2.1244 log2  τ=0.58  β=0.029
Ep 1574/2000  reward=+0.0000 log2  ep_best=2.8791 log2 ('KYCRRFRWLTFRWL')  global_best=2.1244 log2  τ=0.58  β=0.029
Ep 1575/2000  reward=+0.0000 log2  ep_best=2.8791 log2 ('KYCRRFRWLTFRWL')  global_best=2.1244 log2  τ=0.58  β=0.029
Ep 1576/2000  reward=+0.0000 log2  ep_best=2.8791 log2 ('KYCRRFRWLTFRWL')  global_best=2.1244 log2  τ=0.58  β=0.029
Ep 1577/2000  reward=+0.0000 log2  ep_best=2.8791 log2 ('KYCRRFRWLTFRWL')  global_best=2.1244 log2  τ=0.58  β=0.029
Ep 1578/2000  reward=+0.0000 log2  ep_best=2.8791 log2 ('KYCRRFRWLTFRWL')  global_best=2.1244 log2  τ=0.58  β=0.029
Ep 1579/2000  reward=+0.0000 log2  ep_best=2.8791 log2 ('KYCRRFRWLTFRWL')  global_best=2.1244 log2  τ=0.58  β=0.029
Ep 1580/2000  reward=+0.2351 log2  ep_best=2.6440 log2 ('WYCRRFRWLKFRWL')  global_best=2.1244 log2  τ=0.58  β=0.029
Ep 1581/2000  reward=+0.0183 log2  ep_best=2.8609 log2 ('KYCRRFRWLHFRWL')  global_best=2.1244 log2  τ=0.58  β=0.029
Ep 1582/2000  reward=+0.0183 log2  ep_best=2.8609 log2 ('KYCRRFRWLHFRWL')  global_best=2.1244 log2  τ=0.58  β=0.029
Ep 1583/2000  reward=+0.0000 log2  ep_best=2.8791 log2 ('KYCRRFRWLTFRWL')  global_best=2.1244 log2  τ=0.58  β=0.029
Ep 1584/2000  reward=+0.0000 log2  ep_best=2.8791 log2 ('KYCRRFRWLTFRWL')  global_best=2.1244 log2  τ=0.57  β=0.029
Ep 1585/2000  reward=+0.0000 log2  ep_best=2.8791 log2 ('KYCRRFRWLTFRWL')  global_best=2.1244 log2  τ=0.57  β=0.029
Ep 1586/2000  reward=+0.0000 log2  ep_best=2.8791 log2 ('KYCRRFRWLTFRWL')  global_best=2.1244 log2  τ=0.57  β=0.029
Ep 1587/2000  reward=+0.0000 log2  ep_best=2.8791 log2 ('KYCRRFRWLTFRWL')  global_best=2.1244 log2  τ=0.57  β=0.029
Ep 1588/2000  reward=+0.0712 log2  ep_best=2.8079 log2 ('WRCRRFRWKYVRWL')  global_best=2.1244 log2  τ=0.57  β=0.029
Ep 1589/2000  reward=+0.0000 log2  ep_best=2.8791 log2 ('KYCRRFRWLTFRWL')  global_best=2.1244 log2  τ=0.57  β=0.029
Ep 1590/2000  reward=+0.0000 log2  ep_best=2.8791 log2 ('KYCRRFRWLTFRWL')  global_best=2.1244 log2  τ=0.57  β=0.028
Ep 1591/2000  reward=+0.0183 log2  ep_best=2.8609 log2 ('KYCRRFRWLHFRWL')  global_best=2.1244 log2  τ=0.57  β=0.028
Ep 1592/2000  reward=+0.0308 log2  ep_best=2.8483 log2 ('KYCRRFRWLYFRWL')  global_best=2.1244 log2  τ=0.57  β=0.028
Ep 1593/2000  reward=+0.0000 log2  ep_best=2.8791 log2 ('KYCRRFRWLTFRWL')  global_best=2.1244 log2  τ=0.57  β=0.028
Ep 1594/2000  reward=+0.0712 log2  ep_best=2.8079 log2 ('WRCRRFRWKYVRWL')  global_best=2.1244 log2  τ=0.57  β=0.028
Ep 1595/2000  reward=+0.1595 log2  ep_best=2.7197 log2 ('WRCRRFRWLKFRWL')  global_best=2.1244 log2  τ=0.56  β=0.028
Ep 1596/2000  reward=+0.0183 log2  ep_best=2.8609 log2 ('KYCRRFRWLHFRWL')  global_best=2.1244 log2  τ=0.56  β=0.028
Ep 1597/2000  reward=+0.0000 log2  ep_best=2.8791 log2 ('KYCRRFRWLTFRWL')  global_best=2.1244 log2  τ=0.56  β=0.028
Ep 1598/2000  reward=+0.0000 log2  ep_best=2.8791 log2 ('KYCRRFRWLTFRWL')  global_best=2.1244 log2  τ=0.56  β=0.028
Ep 1599/2000  reward=+0.0000 log2  ep_best=2.8791 log2 ('KYCRRFRWLTFRWL')  global_best=2.1244 log2  τ=0.56  β=0.028
Ep 1600/2000  reward=+0.7548 log2  ep_best=2.1244 log2 ('KYCRRFRWLKFRWL')  global_best=2.1244 log2  τ=0.56  β=0.028
Ep 1601/2000  reward=+0.2230 log2  ep_best=2.6562 log2 ('KRCRRFRWLKFRWL')  global_best=2.1244 log2  τ=0.56  β=0.028
Ep 1602/2000  reward=+0.0712 log2  ep_best=2.8079 log2 ('WRCRRFRWKYVRWL')  global_best=2.1244 log2  τ=0.56  β=0.028
Ep 1603/2000  reward=+0.0183 log2  ep_best=2.8609 log2 ('KYCRRFRWLHFRWL')  global_best=2.1244 log2  τ=0.56  β=0.028
Ep 1604/2000  reward=+0.4363 log2  ep_best=2.4429 log2 ('KRFRRFRWLKFRWL')  global_best=2.1244 log2  τ=0.56  β=0.028
Ep 1605/2000  reward=+0.0183 log2  ep_best=2.8609 log2 ('KYCRRFRWLHFRWL')  global_best=2.1244 log2  τ=0.56  β=0.028
Ep 1606/2000  reward=+0.0000 log2  ep_best=2.8791 log2 ('KYCRRFRWLTFRWL')  global_best=2.1244 log2  τ=0.55  β=0.028
Ep 1607/2000  reward=+0.0000 log2  ep_best=2.8791 log2 ('KYCRRFRWLTFRWL')  global_best=2.1244 log2  τ=0.55  β=0.028
Ep 1608/2000  reward=+0.0000 log2  ep_best=2.8791 log2 ('KYCRRFRWLTFRWL')  global_best=2.1244 log2  τ=0.55  β=0.028
Ep 1609/2000  reward=+0.0196 log2  ep_best=2.8595 log2 ('KYCRRFRWLFFRWL')  global_best=2.1244 log2  τ=0.55  β=0.028
Ep 1610/2000  reward=+0.2230 log2  ep_best=2.6562 log2 ('KRCRRFRWLKFRWL')  global_best=2.1244 log2  τ=0.55  β=0.028
Ep 1611/2000  reward=+0.0000 log2  ep_best=2.8791 log2 ('KYCRRFRWLTFRWL')  global_best=2.1244 log2  τ=0.55  β=0.028
Ep 1612/2000  reward=+0.0000 log2  ep_best=2.8791 log2 ('KYCRRFRWLTFRWL')  global_best=2.1244 log2  τ=0.55  β=0.027
Ep 1613/2000  reward=+0.0000 log2  ep_best=2.8791 log2 ('KYCRRFRWLTFRWL')  global_best=2.1244 log2  τ=0.55  β=0.027
Ep 1614/2000  reward=+0.0000 log2  ep_best=2.8791 log2 ('KYCRRFRWLTFRWL')  global_best=2.1244 log2  τ=0.55  β=0.027
Ep 1615/2000  reward=+0.0000 log2  ep_best=2.8791 log2 ('KYCRRFRWLTFRWL')  global_best=2.1244 log2  τ=0.55  β=0.027
Ep 1616/2000  reward=+0.0196 log2  ep_best=2.8595 log2 ('KYCRRFRWLFFRWL')  global_best=2.1244 log2  τ=0.55  β=0.027
Ep 1617/2000  reward=+0.0000 log2  ep_best=2.8791 log2 ('KYCRRFRWLTFRWL')  global_best=2.1244 log2  τ=0.54  β=0.027
Ep 1618/2000  reward=+0.1093 log2  ep_best=2.7699 log2 ('KRCRRFRWLLFRWL')  global_best=2.1244 log2  τ=0.54  β=0.027
Ep 1619/2000  reward=+0.0196 log2  ep_best=2.8595 log2 ('KYCRRFRWLFFRWL')  global_best=2.1244 log2  τ=0.54  β=0.027
Ep 1620/2000  reward=+0.0000 log2  ep_best=2.8791 log2 ('KYCRRFRWLTFRWL')  global_best=2.1244 log2  τ=0.54  β=0.027
Ep 1621/2000  reward=+0.0712 log2  ep_best=2.8079 log2 ('WRCRRFRWKYVRWL')  global_best=2.1244 log2  τ=0.54  β=0.027
Ep 1622/2000  reward=+0.0000 log2  ep_best=2.8791 log2 ('KYCRRFRWLTFRWL')  global_best=2.1244 log2  τ=0.54  β=0.027
Ep 1623/2000  reward=+0.0000 log2  ep_best=2.8791 log2 ('KYCRRFRWLTFRWL')  global_best=2.1244 log2  τ=0.54  β=0.027
Ep 1624/2000  reward=+0.0000 log2  ep_best=2.8791 log2 ('KYCRRFRWLTFRWL')  global_best=2.1244 log2  τ=0.54  β=0.027
Ep 1625/2000  reward=+0.0308 log2  ep_best=2.8483 log2 ('KYCRRFRWLYFRWL')  global_best=2.1244 log2  τ=0.54  β=0.027
Ep 1626/2000  reward=+0.0000 log2  ep_best=2.8791 log2 ('KYCRRFRWLTFRWL')  global_best=2.1244 log2  τ=0.54  β=0.027
Ep 1627/2000  reward=+0.0000 log2  ep_best=2.8791 log2 ('KYCRRFRWLTFRWL')  global_best=2.1244 log2  τ=0.54  β=0.027
Ep 1628/2000  reward=+0.0196 log2  ep_best=2.8595 log2 ('KYCRRFRWLFFRWL')  global_best=2.1244 log2  τ=0.53  β=0.027
Ep 1629/2000  reward=+0.0183 log2  ep_best=2.8609 log2 ('KYCRRFRWLHFRWL')  global_best=2.1244 log2  τ=0.53  β=0.027
Ep 1630/2000  reward=+0.0183 log2  ep_best=2.8609 log2 ('KYCRRFRWLHFRWL')  global_best=2.1244 log2  τ=0.53  β=0.027
Ep 1631/2000  reward=+0.0000 log2  ep_best=2.8791 log2 ('KYCRRFRWLTFRWL')  global_best=2.1244 log2  τ=0.53  β=0.027
Ep 1632/2000  reward=+0.0712 log2  ep_best=2.8079 log2 ('WRCRRFRWKYVRWL')  global_best=2.1244 log2  τ=0.53  β=0.027
Ep 1633/2000  reward=+0.0000 log2  ep_best=2.8791 log2 ('KYCRRFRWLTFRWL')  global_best=2.1244 log2  τ=0.53  β=0.027
Ep 1634/2000  reward=+0.0183 log2  ep_best=2.8609 log2 ('KYCRRFRWLHFRWL')  global_best=2.1244 log2  τ=0.53  β=0.026
Ep 1635/2000  reward=+0.0000 log2  ep_best=2.8791 log2 ('KYCRRFRWLTFRWL')  global_best=2.1244 log2  τ=0.53  β=0.026
Ep 1636/2000  reward=+0.0000 log2  ep_best=2.8791 log2 ('KYCRRFRWLTFRWL')  global_best=2.1244 log2  τ=0.53  β=0.026
Ep 1637/2000  reward=+0.0196 log2  ep_best=2.8595 log2 ('KYCRRFRWLFFRWL')  global_best=2.1244 log2  τ=0.53  β=0.026
Ep 1638/2000  reward=+0.0000 log2  ep_best=2.8791 log2 ('KYCRRFRWLTFRWL')  global_best=2.1244 log2  τ=0.53  β=0.026
Ep 1639/2000  reward=+0.0000 log2  ep_best=2.8791 log2 ('KYCRRFRWLTFRWL')  global_best=2.1244 log2  τ=0.53  β=0.026
Ep 1640/2000  reward=+0.0000 log2  ep_best=2.8791 log2 ('KYCRRFRWLTFRWL')  global_best=2.1244 log2  τ=0.52  β=0.026
Ep 1641/2000  reward=+0.0196 log2  ep_best=2.8595 log2 ('KYCRRFRWLFFRWL')  global_best=2.1244 log2  τ=0.52  β=0.026
Ep 1642/2000  reward=+0.0000 log2  ep_best=2.8791 log2 ('KYCRRFRWLTFRWL')  global_best=2.1244 log2  τ=0.52  β=0.026
Ep 1643/2000  reward=+0.0000 log2  ep_best=2.8791 log2 ('KYCRRFRWLTFRWL')  global_best=2.1244 log2  τ=0.52  β=0.026
Ep 1644/2000  reward=+0.0000 log2  ep_best=2.8791 log2 ('KYCRRFRWLTFRWL')  global_best=2.1244 log2  τ=0.52  β=0.026
Ep 1645/2000  reward=+0.0196 log2  ep_best=2.8595 log2 ('KYCRRFRWLFFRWL')  global_best=2.1244 log2  τ=0.52  β=0.026
Ep 1646/2000  reward=+0.0000 log2  ep_best=2.8791 log2 ('KYCRRFRWLTFRWL')  global_best=2.1244 log2  τ=0.52  β=0.026
Ep 1647/2000  reward=+0.0183 log2  ep_best=2.8609 log2 ('KYCRRFRWLHFRWL')  global_best=2.1244 log2  τ=0.52  β=0.026
Ep 1648/2000  reward=+0.0000 log2  ep_best=2.8791 log2 ('KYCRRFRWLTFRWL')  global_best=2.1244 log2  τ=0.52  β=0.026
Ep 1649/2000  reward=+0.0000 log2  ep_best=2.8791 log2 ('KYCRRFRWLTFRWL')  global_best=2.1244 log2  τ=0.52  β=0.026
Ep 1650/2000  reward=+0.0000 log2  ep_best=2.8791 log2 ('KYCRRFRWLTFRWL')  global_best=2.1244 log2  τ=0.52  β=0.026
Ep 1651/2000  reward=+0.0000 log2  ep_best=2.8791 log2 ('KYCRRFRWLTFRWL')  global_best=2.1244 log2  τ=0.51  β=0.026
Ep 1652/2000  reward=+0.0712 log2  ep_best=2.8079 log2 ('WRCRRFRWKYVRWL')  global_best=2.1244 log2  τ=0.51  β=0.026
Ep 1653/2000  reward=+0.0000 log2  ep_best=2.8791 log2 ('KYCRRFRWLTFRWL')  global_best=2.1244 log2  τ=0.51  β=0.026
Ep 1654/2000  reward=+0.0000 log2  ep_best=2.8791 log2 ('KYCRRFRWLTFRWL')  global_best=2.1244 log2  τ=0.51  β=0.026
Ep 1655/2000  reward=+0.0712 log2  ep_best=2.8079 log2 ('WRCRRFRWKYVRWL')  global_best=2.1244 log2  τ=0.51  β=0.026
Ep 1656/2000  reward=+0.0183 log2  ep_best=2.8609 log2 ('KYCRRFRWLHFRWL')  global_best=2.1244 log2  τ=0.51  β=0.025
Ep 1657/2000  reward=+0.0000 log2  ep_best=2.8791 log2 ('KYCRRFRWLTFRWL')  global_best=2.1244 log2  τ=0.51  β=0.025
Ep 1658/2000  reward=+0.1139 log2  ep_best=2.7653 log2 ('KRCRRFRWLYFRWL')  global_best=2.1244 log2  τ=0.51  β=0.025
Ep 1659/2000  reward=+0.0000 log2  ep_best=2.8791 log2 ('KYCRRFRWLTFRWL')  global_best=2.1244 log2  τ=0.51  β=0.025
Ep 1660/2000  reward=+0.0196 log2  ep_best=2.8595 log2 ('KYCRRFRWLFFRWL')  global_best=2.1244 log2  τ=0.51  β=0.025
Ep 1661/2000  reward=+0.1797 log2  ep_best=2.6994 log2 ('KYCRRFRWLWFRWL')  global_best=2.1244 log2  τ=0.51  β=0.025
Ep 1662/2000  reward=+0.0308 log2  ep_best=2.8483 log2 ('KYCRRFRWLYFRWL')  global_best=2.1244 log2  τ=0.50  β=0.025
Ep 1663/2000  reward=+0.0000 log2  ep_best=2.8791 log2 ('KYCRRFRWLTFRWL')  global_best=2.1244 log2  τ=0.50  β=0.025
Ep 1664/2000  reward=+0.0000 log2  ep_best=2.8791 log2 ('KYCRRFRWLTFRWL')  global_best=2.1244 log2  τ=0.50  β=0.025
Ep 1665/2000  reward=+0.0000 log2  ep_best=2.8791 log2 ('KYCRRFRWLTFRWL')  global_best=2.1244 log2  τ=0.50  β=0.025
Ep 1666/2000  reward=+0.0183 log2  ep_best=2.8609 log2 ('KYCRRFRWLHFRWL')  global_best=2.1244 log2  τ=0.50  β=0.025
Ep 1667/2000  reward=+0.0196 log2  ep_best=2.8595 log2 ('KYCRRFRWLFFRWL')  global_best=2.1244 log2  τ=0.50  β=0.025
Ep 1668/2000  reward=+0.0000 log2  ep_best=2.8791 log2 ('KYCRRFRWLTFRWL')  global_best=2.1244 log2  τ=0.50  β=0.025
Ep 1669/2000  reward=+0.1093 log2  ep_best=2.7699 log2 ('KRCRRFRWLLFRWL')  global_best=2.1244 log2  τ=0.50  β=0.025
Ep 1670/2000  reward=+0.0183 log2  ep_best=2.8609 log2 ('KYCRRFRWLHFRWL')  global_best=2.1244 log2  τ=0.50  β=0.025
Ep 1671/2000  reward=+0.0000 log2  ep_best=2.8791 log2 ('KYCRRFRWLTFRWL')  global_best=2.1244 log2  τ=0.50  β=0.025
Ep 1672/2000  reward=+0.0290 log2  ep_best=2.8502 log2 ('WRCRRFRWKWVRWL')  global_best=2.1244 log2  τ=0.50  β=0.025
Ep 1673/2000  reward=+0.0000 log2  ep_best=2.8791 log2 ('KYCRRFRWLTFRWL')  global_best=2.1244 log2  τ=0.49  β=0.025
Ep 1674/2000  reward=+0.0196 log2  ep_best=2.8595 log2 ('KYCRRFRWLFFRWL')  global_best=2.1244 log2  τ=0.49  β=0.025
Ep 1675/2000  reward=+0.0290 log2  ep_best=2.8502 log2 ('WRCRRFRWKWVRWL')  global_best=2.1244 log2  τ=0.49  β=0.025
Ep 1676/2000  reward=+0.0000 log2  ep_best=2.8791 log2 ('KYCRRFRWLTFRWL')  global_best=2.1244 log2  τ=0.49  β=0.025
Ep 1677/2000  reward=+0.0000 log2  ep_best=2.8791 log2 ('KYCRRFRWLTFRWL')  global_best=2.1244 log2  τ=0.49  β=0.025
Ep 1678/2000  reward=+0.0000 log2  ep_best=2.8791 log2 ('KYCRRFRWLTFRWL')  global_best=2.1244 log2  τ=0.49  β=0.024
Ep 1679/2000  reward=+0.0000 log2  ep_best=2.8791 log2 ('KYCRRFRWLTFRWL')  global_best=2.1244 log2  τ=0.49  β=0.024
Ep 1680/2000  reward=+0.1139 log2  ep_best=2.7653 log2 ('KRCRRFRWLYFRWL')  global_best=2.1244 log2  τ=0.49  β=0.024
Ep 1681/2000  reward=+0.0000 log2  ep_best=2.8791 log2 ('KYCRRFRWLTFRWL')  global_best=2.1244 log2  τ=0.49  β=0.024
Ep 1682/2000  reward=+0.1139 log2  ep_best=2.7653 log2 ('KRCRRFRWLYFRWL')  global_best=2.1244 log2  τ=0.49  β=0.024
Ep 1683/2000  reward=+0.0000 log2  ep_best=2.8791 log2 ('KYCRRFRWLTFRWL')  global_best=2.1244 log2  τ=0.49  β=0.024
Ep 1684/2000  reward=+0.0000 log2  ep_best=2.8791 log2 ('KYCRRFRWLTFRWL')  global_best=2.1244 log2  τ=0.48  β=0.024
Ep 1685/2000  reward=+0.0196 log2  ep_best=2.8595 log2 ('KYCRRFRWLFFRWL')  global_best=2.1244 log2  τ=0.48  β=0.024
Ep 1686/2000  reward=+0.0183 log2  ep_best=2.8609 log2 ('KYCRRFRWLHFRWL')  global_best=2.1244 log2  τ=0.48  β=0.024
Ep 1687/2000  reward=+0.0000 log2  ep_best=2.8791 log2 ('KYCRRFRWLTFRWL')  global_best=2.1244 log2  τ=0.48  β=0.024
Ep 1688/2000  reward=+0.1139 log2  ep_best=2.7653 log2 ('KRCRRFRWLYFRWL')  global_best=2.1244 log2  τ=0.48  β=0.024
Ep 1689/2000  reward=+0.7548 log2  ep_best=2.1244 log2 ('KYCRRFRWLKFRWL')  global_best=2.1244 log2  τ=0.48  β=0.024
Ep 1690/2000  reward=+0.0196 log2  ep_best=2.8595 log2 ('KYCRRFRWLFFRWL')  global_best=2.1244 log2  τ=0.48  β=0.024
Ep 1691/2000  reward=+0.0000 log2  ep_best=2.8791 log2 ('KYCRRFRWLTFRWL')  global_best=2.1244 log2  τ=0.48  β=0.024
Ep 1692/2000  reward=+0.0000 log2  ep_best=2.8791 log2 ('KYCRRFRWLTFRWL')  global_best=2.1244 log2  τ=0.48  β=0.024
Ep 1693/2000  reward=+0.1797 log2  ep_best=2.6994 log2 ('KYCRRFRWLWFRWL')  global_best=2.1244 log2  τ=0.48  β=0.024
Ep 1694/2000  reward=+0.0000 log2  ep_best=2.8791 log2 ('KYCRRFRWLTFRWL')  global_best=2.1244 log2  τ=0.48  β=0.024
Ep 1695/2000  reward=+0.0183 log2  ep_best=2.8609 log2 ('KYCRRFRWLHFRWL')  global_best=2.1244 log2  τ=0.47  β=0.024
Ep 1696/2000  reward=+0.0183 log2  ep_best=2.8609 log2 ('KYCRRFRWLHFRWL')  global_best=2.1244 log2  τ=0.47  β=0.024
Ep 1697/2000  reward=+0.0000 log2  ep_best=2.8791 log2 ('KYCRRFRWLTFRWL')  global_best=2.1244 log2  τ=0.47  β=0.024
Ep 1698/2000  reward=+0.3978 log2  ep_best=2.4813 log2 ('KYCRRFRWKWVRWL')  global_best=2.1244 log2  τ=0.47  β=0.024
Ep 1699/2000  reward=+0.0000 log2  ep_best=2.8791 log2 ('KYCRRFRWLTFRWL')  global_best=2.1244 log2  τ=0.47  β=0.024
Ep 1700/2000  reward=+0.0196 log2  ep_best=2.8595 log2 ('KYCRRFRWLFFRWL')  global_best=2.1244 log2  τ=0.47  β=0.024
Ep 1701/2000  reward=+0.0000 log2  ep_best=2.8791 log2 ('KYCRRFRWLTFRWL')  global_best=2.1244 log2  τ=0.47  β=0.023
Ep 1702/2000  reward=+0.0000 log2  ep_best=2.8791 log2 ('KYCRRFRWLTFRWL')  global_best=2.1244 log2  τ=0.47  β=0.023
Ep 1703/2000  reward=+0.1139 log2  ep_best=2.7653 log2 ('KRCRRFRWLYFRWL')  global_best=2.1244 log2  τ=0.47  β=0.023
Ep 1704/2000  reward=+0.0000 log2  ep_best=2.8791 log2 ('KYCRRFRWLTFRWL')  global_best=2.1244 log2  τ=0.47  β=0.023
Ep 1705/2000  reward=+0.0000 log2  ep_best=2.8791 log2 ('KYCRRFRWLTFRWL')  global_best=2.1244 log2  τ=0.47  β=0.023
Ep 1706/2000  reward=+0.0000 log2  ep_best=2.8791 log2 ('KYCRRFRWLTFRWL')  global_best=2.1244 log2  τ=0.46  β=0.023
Ep 1707/2000  reward=+0.0000 log2  ep_best=2.8791 log2 ('KYCRRFRWLTFRWL')  global_best=2.1244 log2  τ=0.46  β=0.023
Ep 1708/2000  reward=+0.1319 log2  ep_best=2.7473 log2 ('KRFRRFRWKWVRWL')  global_best=2.1244 log2  τ=0.46  β=0.023
Ep 1709/2000  reward=+0.0000 log2  ep_best=2.8791 log2 ('KYCRRFRWLTFRWL')  global_best=2.1244 log2  τ=0.46  β=0.023
Ep 1710/2000  reward=+0.0000 log2  ep_best=2.8791 log2 ('KYCRRFRWLTFRWL')  global_best=2.1244 log2  τ=0.46  β=0.023
Ep 1711/2000  reward=+0.0183 log2  ep_best=2.8609 log2 ('KYCRRFRWLHFRWL')  global_best=2.1244 log2  τ=0.46  β=0.023
Ep 1712/2000  reward=+0.1139 log2  ep_best=2.7653 log2 ('KRCRRFRWLYFRWL')  global_best=2.1244 log2  τ=0.46  β=0.023
Ep 1713/2000  reward=+0.2230 log2  ep_best=2.6562 log2 ('KRCRRFRWLKFRWL')  global_best=2.1244 log2  τ=0.46  β=0.023
Ep 1714/2000  reward=+0.0000 log2  ep_best=2.8791 log2 ('KYCRRFRWLTFRWL')  global_best=2.1244 log2  τ=0.46  β=0.023
Ep 1715/2000  reward=+0.0000 log2  ep_best=2.8791 log2 ('KYCRRFRWLTFRWL')  global_best=2.1244 log2  τ=0.46  β=0.023
Ep 1716/2000  reward=+0.0183 log2  ep_best=2.8609 log2 ('KYCRRFRWLHFRWL')  global_best=2.1244 log2  τ=0.46  β=0.023
Ep 1717/2000  reward=+0.0712 log2  ep_best=2.8079 log2 ('WRCRRFRWKYVRWL')  global_best=2.1244 log2  τ=0.45  β=0.023
Ep 1718/2000  reward=+0.1139 log2  ep_best=2.7653 log2 ('KRCRRFRWLYFRWL')  global_best=2.1244 log2  τ=0.45  β=0.023
Ep 1719/2000  reward=+0.0000 log2  ep_best=2.8791 log2 ('KYCRRFRWLTFRWL')  global_best=2.1244 log2  τ=0.45  β=0.023
Ep 1720/2000  reward=+0.0000 log2  ep_best=2.8791 log2 ('KYCRRFRWLTFRWL')  global_best=2.1244 log2  τ=0.45  β=0.023
Ep 1721/2000  reward=+0.0000 log2  ep_best=2.8791 log2 ('KYCRRFRWLTFRWL')  global_best=2.1244 log2  τ=0.45  β=0.023
Ep 1722/2000  reward=+0.0183 log2  ep_best=2.8609 log2 ('KYCRRFRWLHFRWL')  global_best=2.1244 log2  τ=0.45  β=0.023
Ep 1723/2000  reward=+0.0712 log2  ep_best=2.8079 log2 ('WRCRRFRWKYVRWL')  global_best=2.1244 log2  τ=0.45  β=0.022
Ep 1724/2000  reward=+0.0000 log2  ep_best=2.8791 log2 ('KYCRRFRWLTFRWL')  global_best=2.1244 log2  τ=0.45  β=0.022
Ep 1725/2000  reward=+0.0196 log2  ep_best=2.8595 log2 ('KYCRRFRWLFFRWL')  global_best=2.1244 log2  τ=0.45  β=0.022
Ep 1726/2000  reward=+0.0000 log2  ep_best=2.8791 log2 ('KYCRRFRWLTFRWL')  global_best=2.1244 log2  τ=0.45  β=0.022
Ep 1727/2000  reward=+0.0000 log2  ep_best=2.8791 log2 ('KYCRRFRWLTFRWL')  global_best=2.1244 log2  τ=0.45  β=0.022
Ep 1728/2000  reward=+0.0000 log2  ep_best=2.8791 log2 ('KYCRRFRWLTFRWL')  global_best=2.1244 log2  τ=0.44  β=0.022
Ep 1729/2000  reward=+0.0000 log2  ep_best=2.8791 log2 ('KYCRRFRWLTFRWL')  global_best=2.1244 log2  τ=0.44  β=0.022
Ep 1730/2000  reward=+0.0000 log2  ep_best=2.8791 log2 ('KYCRRFRWLTFRWL')  global_best=2.1244 log2  τ=0.44  β=0.022
Ep 1731/2000  reward=+0.0000 log2  ep_best=2.8791 log2 ('KYCRRFRWLTFRWL')  global_best=2.1244 log2  τ=0.44  β=0.022
Ep 1732/2000  reward=+0.0183 log2  ep_best=2.8609 log2 ('KYCRRFRWLHFRWL')  global_best=2.1244 log2  τ=0.44  β=0.022
Ep 1733/2000  reward=+0.0000 log2  ep_best=2.8791 log2 ('KYCRRFRWLTFRWL')  global_best=2.1244 log2  τ=0.44  β=0.022
Ep 1734/2000  reward=+0.0183 log2  ep_best=2.8609 log2 ('KYCRRFRWLHFRWL')  global_best=2.1244 log2  τ=0.44  β=0.022
Ep 1735/2000  reward=+0.0000 log2  ep_best=2.8791 log2 ('KYCRRFRWLTFRWL')  global_best=2.1244 log2  τ=0.44  β=0.022
Ep 1736/2000  reward=+0.0000 log2  ep_best=2.8791 log2 ('KYCRRFRWLTFRWL')  global_best=2.1244 log2  τ=0.44  β=0.022
Ep 1737/2000  reward=+0.0000 log2  ep_best=2.8791 log2 ('KYCRRFRWLTFRWL')  global_best=2.1244 log2  τ=0.44  β=0.022
Ep 1738/2000  reward=+0.0000 log2  ep_best=2.8791 log2 ('KYCRRFRWLTFRWL')  global_best=2.1244 log2  τ=0.44  β=0.022
Ep 1739/2000  reward=+0.0000 log2  ep_best=2.8791 log2 ('KYCRRFRWLTFRWL')  global_best=2.1244 log2  τ=0.44  β=0.022
Ep 1740/2000  reward=+0.0183 log2  ep_best=2.8609 log2 ('KYCRRFRWLHFRWL')  global_best=2.1244 log2  τ=0.43  β=0.022
Ep 1741/2000  reward=+0.0000 log2  ep_best=2.8791 log2 ('KYCRRFRWLTFRWL')  global_best=2.1244 log2  τ=0.43  β=0.022
Ep 1742/2000  reward=+0.1139 log2  ep_best=2.7653 log2 ('KRCRRFRWLYFRWL')  global_best=2.1244 log2  τ=0.43  β=0.022
Ep 1743/2000  reward=+0.0000 log2  ep_best=2.8791 log2 ('KYCRRFRWLTFRWL')  global_best=2.1244 log2  τ=0.43  β=0.022
Ep 1744/2000  reward=+0.0712 log2  ep_best=2.8079 log2 ('WRCRRFRWKYVRWL')  global_best=2.1244 log2  τ=0.43  β=0.022
Ep 1745/2000  reward=+0.0183 log2  ep_best=2.8609 log2 ('KYCRRFRWLHFRWL')  global_best=2.1244 log2  τ=0.43  β=0.021
Ep 1746/2000  reward=+0.0196 log2  ep_best=2.8595 log2 ('KYCRRFRWLFFRWL')  global_best=2.1244 log2  τ=0.43  β=0.021
Ep 1747/2000  reward=+0.0000 log2  ep_best=2.8791 log2 ('KYCRRFRWLTFRWL')  global_best=2.1244 log2  τ=0.43  β=0.021
Ep 1748/2000  reward=+0.0712 log2  ep_best=2.8079 log2 ('WRCRRFRWKYVRWL')  global_best=2.1244 log2  τ=0.43  β=0.021
Ep 1749/2000  reward=+0.0000 log2  ep_best=2.8791 log2 ('KYCRRFRWLTFRWL')  global_best=2.1244 log2  τ=0.43  β=0.021
Ep 1750/2000  reward=+0.0000 log2  ep_best=2.8791 log2 ('KYCRRFRWLTFRWL')  global_best=2.1244 log2  τ=0.43  β=0.021
Ep 1751/2000  reward=+0.0000 log2  ep_best=2.8791 log2 ('KYCRRFRWLTFRWL')  global_best=2.1244 log2  τ=0.42  β=0.021
Ep 1752/2000  reward=+0.0000 log2  ep_best=2.8791 log2 ('KYCRRFRWLTFRWL')  global_best=2.1244 log2  τ=0.42  β=0.021
Ep 1753/2000  reward=+0.0000 log2  ep_best=2.8791 log2 ('KYCRRFRWLTFRWL')  global_best=2.1244 log2  τ=0.42  β=0.021
Ep 1754/2000  reward=+0.0000 log2  ep_best=2.8791 log2 ('KYCRRFRWLTFRWL')  global_best=2.1244 log2  τ=0.42  β=0.021
Ep 1755/2000  reward=+0.0000 log2  ep_best=2.8791 log2 ('KYCRRFRWLTFRWL')  global_best=2.1244 log2  τ=0.42  β=0.021
Ep 1756/2000  reward=+0.1797 log2  ep_best=2.6994 log2 ('KYCRRFRWLWFRWL')  global_best=2.1244 log2  τ=0.42  β=0.021
Ep 1757/2000  reward=+0.0000 log2  ep_best=2.8791 log2 ('KYCRRFRWLTFRWL')  global_best=2.1244 log2  τ=0.42  β=0.021
Ep 1758/2000  reward=+0.0000 log2  ep_best=2.8791 log2 ('KYCRRFRWLTFRWL')  global_best=2.1244 log2  τ=0.42  β=0.021
Ep 1759/2000  reward=+0.0183 log2  ep_best=2.8609 log2 ('KYCRRFRWLHFRWL')  global_best=2.1244 log2  τ=0.42  β=0.021
Ep 1760/2000  reward=+0.0000 log2  ep_best=2.8791 log2 ('KYCRRFRWLTFRWL')  global_best=2.1244 log2  τ=0.42  β=0.021
Ep 1761/2000  reward=+0.0183 log2  ep_best=2.8609 log2 ('KYCRRFRWLHFRWL')  global_best=2.1244 log2  τ=0.42  β=0.021
Ep 1762/2000  reward=+0.0000 log2  ep_best=2.8791 log2 ('KYCRRFRWLTFRWL')  global_best=2.1244 log2  τ=0.41  β=0.021
Ep 1763/2000  reward=+0.0000 log2  ep_best=2.8791 log2 ('KYCRRFRWLTFRWL')  global_best=2.1244 log2  τ=0.41  β=0.021
Ep 1764/2000  reward=+0.0000 log2  ep_best=2.8791 log2 ('KYCRRFRWLTFRWL')  global_best=2.1244 log2  τ=0.41  β=0.021
Ep 1765/2000  reward=+0.7548 log2  ep_best=2.1244 log2 ('KYCRRFRWLKFRWL')  global_best=2.1244 log2  τ=0.41  β=0.021
Ep 1766/2000  reward=+0.0183 log2  ep_best=2.8609 log2 ('KYCRRFRWLHFRWL')  global_best=2.1244 log2  τ=0.41  β=0.021
Ep 1767/2000  reward=+0.0000 log2  ep_best=2.8791 log2 ('KYCRRFRWLTFRWL')  global_best=2.1244 log2  τ=0.41  β=0.020
Ep 1768/2000  reward=+0.1139 log2  ep_best=2.7653 log2 ('KRCRRFRWLYFRWL')  global_best=2.1244 log2  τ=0.41  β=0.020
Ep 1769/2000  reward=+0.0000 log2  ep_best=2.8791 log2 ('KYCRRFRWLTFRWL')  global_best=2.1244 log2  τ=0.41  β=0.020
Ep 1770/2000  reward=+0.0183 log2  ep_best=2.8609 log2 ('KYCRRFRWLHFRWL')  global_best=2.1244 log2  τ=0.41  β=0.020
Ep 1771/2000  reward=+0.1093 log2  ep_best=2.7699 log2 ('KRCRRFRWLLFRWL')  global_best=2.1244 log2  τ=0.41  β=0.020
Ep 1772/2000  reward=+0.0000 log2  ep_best=2.8791 log2 ('KYCRRFRWLTFRWL')  global_best=2.1244 log2  τ=0.41  β=0.020
Ep 1773/2000  reward=+0.0000 log2  ep_best=2.8791 log2 ('KYCRRFRWLTFRWL')  global_best=2.1244 log2  τ=0.40  β=0.020
Ep 1774/2000  reward=+0.0712 log2  ep_best=2.8079 log2 ('WRCRRFRWKYVRWL')  global_best=2.1244 log2  τ=0.40  β=0.020
Ep 1775/2000  reward=+0.0000 log2  ep_best=2.8791 log2 ('KYCRRFRWLTFRWL')  global_best=2.1244 log2  τ=0.40  β=0.020
Ep 1776/2000  reward=+0.1093 log2  ep_best=2.7699 log2 ('KRCRRFRWLLFRWL')  global_best=2.1244 log2  τ=0.40  β=0.020
Ep 1777/2000  reward=+0.0000 log2  ep_best=2.8791 log2 ('KYCRRFRWLTFRWL')  global_best=2.1244 log2  τ=0.40  β=0.020
Ep 1778/2000  reward=+0.0000 log2  ep_best=2.8791 log2 ('KYCRRFRWLTFRWL')  global_best=2.1244 log2  τ=0.40  β=0.020
Ep 1779/2000  reward=+0.0000 log2  ep_best=2.8791 log2 ('KYCRRFRWLTFRWL')  global_best=2.1244 log2  τ=0.40  β=0.020
Ep 1780/2000  reward=+0.0000 log2  ep_best=2.8791 log2 ('KYCRRFRWLTFRWL')  global_best=2.1244 log2  τ=0.40  β=0.020
Ep 1781/2000  reward=+0.0000 log2  ep_best=2.8791 log2 ('KYCRRFRWLTFRWL')  global_best=2.1244 log2  τ=0.40  β=0.020
Ep 1782/2000  reward=+0.1139 log2  ep_best=2.7653 log2 ('KRCRRFRWLYFRWL')  global_best=2.1244 log2  τ=0.40  β=0.020
Ep 1783/2000  reward=+0.0000 log2  ep_best=2.8791 log2 ('KYCRRFRWLTFRWL')  global_best=2.1244 log2  τ=0.40  β=0.020
Ep 1784/2000  reward=+0.0712 log2  ep_best=2.8079 log2 ('WRCRRFRWKYVRWL')  global_best=2.1244 log2  τ=0.39  β=0.020
Ep 1785/2000  reward=+0.0000 log2  ep_best=2.8791 log2 ('KYCRRFRWLTFRWL')  global_best=2.1244 log2  τ=0.39  β=0.020
Ep 1786/2000  reward=+0.0000 log2  ep_best=2.8791 log2 ('KYCRRFRWLTFRWL')  global_best=2.1244 log2  τ=0.39  β=0.020
Ep 1787/2000  reward=+0.0000 log2  ep_best=2.8791 log2 ('KYCRRFRWLTFRWL')  global_best=2.1244 log2  τ=0.39  β=0.020
Ep 1788/2000  reward=+0.7548 log2  ep_best=2.1244 log2 ('KYCRRFRWLKFRWL')  global_best=2.1244 log2  τ=0.39  β=0.020
Ep 1789/2000  reward=+0.0000 log2  ep_best=2.8791 log2 ('KYCRRFRWLTFRWL')  global_best=2.1244 log2  τ=0.39  β=0.019
Ep 1790/2000  reward=+0.0000 log2  ep_best=2.8791 log2 ('KYCRRFRWLTFRWL')  global_best=2.1244 log2  τ=0.39  β=0.019
Ep 1791/2000  reward=+0.0196 log2  ep_best=2.8595 log2 ('KYCRRFRWLFFRWL')  global_best=2.1244 log2  τ=0.39  β=0.019
Ep 1792/2000  reward=+0.0000 log2  ep_best=2.8791 log2 ('KYCRRFRWLTFRWL')  global_best=2.1244 log2  τ=0.39  β=0.019
Ep 1793/2000  reward=+0.0000 log2  ep_best=2.8791 log2 ('KYCRRFRWLTFRWL')  global_best=2.1244 log2  τ=0.39  β=0.019
Ep 1794/2000  reward=+0.0000 log2  ep_best=2.8791 log2 ('KYCRRFRWLTFRWL')  global_best=2.1244 log2  τ=0.39  β=0.019
Ep 1795/2000  reward=+0.0000 log2  ep_best=2.8791 log2 ('KYCRRFRWLTFRWL')  global_best=2.1244 log2  τ=0.38  β=0.019
Ep 1796/2000  reward=+0.1139 log2  ep_best=2.7653 log2 ('KRCRRFRWLYFRWL')  global_best=2.1244 log2  τ=0.38  β=0.019
Ep 1797/2000  reward=+0.0000 log2  ep_best=2.8791 log2 ('KYCRRFRWLTFRWL')  global_best=2.1244 log2  τ=0.38  β=0.019
Ep 1798/2000  reward=+0.1797 log2  ep_best=2.6994 log2 ('KYCRRFRWLWFRWL')  global_best=2.1244 log2  τ=0.38  β=0.019
Ep 1799/2000  reward=+0.0000 log2  ep_best=2.8791 log2 ('KYCRRFRWLTFRWL')  global_best=2.1244 log2  τ=0.38  β=0.019
Ep 1800/2000  reward=+0.1093 log2  ep_best=2.7699 log2 ('KRCRRFRWLLFRWL')  global_best=2.1244 log2  τ=0.38  β=0.019
Ep 1801/2000  reward=+0.0183 log2  ep_best=2.8609 log2 ('KYCRRFRWLHFRWL')  global_best=2.1244 log2  τ=0.38  β=0.019
Ep 1802/2000  reward=+0.0000 log2  ep_best=2.8791 log2 ('KYCRRFRWLTFRWL')  global_best=2.1244 log2  τ=0.38  β=0.019
Ep 1803/2000  reward=+0.0000 log2  ep_best=2.8791 log2 ('KYCRRFRWLTFRWL')  global_best=2.1244 log2  τ=0.38  β=0.019
Ep 1804/2000  reward=+0.0000 log2  ep_best=2.8791 log2 ('KYCRRFRWLTFRWL')  global_best=2.1244 log2  τ=0.38  β=0.019
Ep 1805/2000  reward=+0.0000 log2  ep_best=2.8791 log2 ('KYCRRFRWLTFRWL')  global_best=2.1244 log2  τ=0.38  β=0.019
Ep 1806/2000  reward=+0.0000 log2  ep_best=2.8791 log2 ('KYCRRFRWLTFRWL')  global_best=2.1244 log2  τ=0.37  β=0.019
Ep 1807/2000  reward=+0.0000 log2  ep_best=2.8791 log2 ('KYCRRFRWLTFRWL')  global_best=2.1244 log2  τ=0.37  β=0.019
Ep 1808/2000  reward=+0.0308 log2  ep_best=2.8483 log2 ('KYCRRFRWLYFRWL')  global_best=2.1244 log2  τ=0.37  β=0.019
Ep 1809/2000  reward=+0.0183 log2  ep_best=2.8609 log2 ('KYCRRFRWLHFRWL')  global_best=2.1244 log2  τ=0.37  β=0.019
Ep 1810/2000  reward=+0.0000 log2  ep_best=2.8791 log2 ('KYCRRFRWLTFRWL')  global_best=2.1244 log2  τ=0.37  β=0.019
Ep 1811/2000  reward=+0.0000 log2  ep_best=2.8791 log2 ('KYCRRFRWLTFRWL')  global_best=2.1244 log2  τ=0.37  β=0.019
Ep 1812/2000  reward=+0.0000 log2  ep_best=2.8791 log2 ('KYCRRFRWLTFRWL')  global_best=2.1244 log2  τ=0.37  β=0.018
Ep 1813/2000  reward=+0.0000 log2  ep_best=2.8791 log2 ('KYCRRFRWLTFRWL')  global_best=2.1244 log2  τ=0.37  β=0.018
Ep 1814/2000  reward=+0.0183 log2  ep_best=2.8609 log2 ('KYCRRFRWLHFRWL')  global_best=2.1244 log2  τ=0.37  β=0.018
Ep 1815/2000  reward=+0.0308 log2  ep_best=2.8483 log2 ('KYCRRFRWLYFRWL')  global_best=2.1244 log2  τ=0.37  β=0.018
Ep 1816/2000  reward=+0.0000 log2  ep_best=2.8791 log2 ('KYCRRFRWLTFRWL')  global_best=2.1244 log2  τ=0.37  β=0.018
Ep 1817/2000  reward=+0.2755 log2  ep_best=2.6037 log2 ('KYCRRFRWLRFRWL')  global_best=2.1244 log2  τ=0.36  β=0.018
Ep 1818/2000  reward=+0.0000 log2  ep_best=2.8791 log2 ('KYCRRFRWLTFRWL')  global_best=2.1244 log2  τ=0.36  β=0.018
Ep 1819/2000  reward=+0.0183 log2  ep_best=2.8609 log2 ('KYCRRFRWLHFRWL')  global_best=2.1244 log2  τ=0.36  β=0.018
Ep 1820/2000  reward=+0.0000 log2  ep_best=2.8791 log2 ('KYCRRFRWLTFRWL')  global_best=2.1244 log2  τ=0.36  β=0.018
Ep 1821/2000  reward=+0.0000 log2  ep_best=2.8791 log2 ('KYCRRFRWLTFRWL')  global_best=2.1244 log2  τ=0.36  β=0.018
Ep 1822/2000  reward=+0.0000 log2  ep_best=2.8791 log2 ('KYCRRFRWLTFRWL')  global_best=2.1244 log2  τ=0.36  β=0.018
Ep 1823/2000  reward=+0.0183 log2  ep_best=2.8609 log2 ('KYCRRFRWLHFRWL')  global_best=2.1244 log2  τ=0.36  β=0.018
Ep 1824/2000  reward=+0.0183 log2  ep_best=2.8609 log2 ('KYCRRFRWLHFRWL')  global_best=2.1244 log2  τ=0.36  β=0.018
Ep 1825/2000  reward=+0.0000 log2  ep_best=2.8791 log2 ('KYCRRFRWLTFRWL')  global_best=2.1244 log2  τ=0.36  β=0.018
Ep 1826/2000  reward=+0.0183 log2  ep_best=2.8609 log2 ('KYCRRFRWLHFRWL')  global_best=2.1244 log2  τ=0.36  β=0.018
Ep 1827/2000  reward=+0.0196 log2  ep_best=2.8595 log2 ('KYCRRFRWLFFRWL')  global_best=2.1244 log2  τ=0.36  β=0.018
Ep 1828/2000  reward=+0.0000 log2  ep_best=2.8791 log2 ('KYCRRFRWLTFRWL')  global_best=2.1244 log2  τ=0.35  β=0.018
Ep 1829/2000  reward=+0.1139 log2  ep_best=2.7653 log2 ('KRCRRFRWLYFRWL')  global_best=2.1244 log2  τ=0.35  β=0.018
Ep 1830/2000  reward=+0.0000 log2  ep_best=2.8791 log2 ('KYCRRFRWLTFRWL')  global_best=2.1244 log2  τ=0.35  β=0.018
Ep 1831/2000  reward=+0.0308 log2  ep_best=2.8483 log2 ('KYCRRFRWLYFRWL')  global_best=2.1244 log2  τ=0.35  β=0.018
Ep 1832/2000  reward=+0.0196 log2  ep_best=2.8595 log2 ('KYCRRFRWLFFRWL')  global_best=2.1244 log2  τ=0.35  β=0.018
Ep 1833/2000  reward=+0.0000 log2  ep_best=2.8791 log2 ('KYCRRFRWLTFRWL')  global_best=2.1244 log2  τ=0.35  β=0.018
Ep 1834/2000  reward=+0.0000 log2  ep_best=2.8791 log2 ('KYCRRFRWLTFRWL')  global_best=2.1244 log2  τ=0.35  β=0.017
Ep 1835/2000  reward=+0.0000 log2  ep_best=2.8791 log2 ('KYCRRFRWLTFRWL')  global_best=2.1244 log2  τ=0.35  β=0.017
Ep 1836/2000  reward=+0.0000 log2  ep_best=2.8791 log2 ('KYCRRFRWLTFRWL')  global_best=2.1244 log2  τ=0.35  β=0.017
Ep 1837/2000  reward=+0.0000 log2  ep_best=2.8791 log2 ('KYCRRFRWLTFRWL')  global_best=2.1244 log2  τ=0.35  β=0.017
Ep 1838/2000  reward=+0.0000 log2  ep_best=2.8791 log2 ('KYCRRFRWLTFRWL')  global_best=2.1244 log2  τ=0.35  β=0.017
Ep 1839/2000  reward=+0.0196 log2  ep_best=2.8595 log2 ('KYCRRFRWLFFRWL')  global_best=2.1244 log2  τ=0.34  β=0.017
Ep 1840/2000  reward=+0.0000 log2  ep_best=2.8791 log2 ('KYCRRFRWLTFRWL')  global_best=2.1244 log2  τ=0.34  β=0.017
Ep 1841/2000  reward=+0.0000 log2  ep_best=2.8791 log2 ('KYCRRFRWLTFRWL')  global_best=2.1244 log2  τ=0.34  β=0.017
Ep 1842/2000  reward=+0.2230 log2  ep_best=2.6562 log2 ('KRCRRFRWLKFRWL')  global_best=2.1244 log2  τ=0.34  β=0.017
Ep 1843/2000  reward=+0.2230 log2  ep_best=2.6562 log2 ('KRCRRFRWLKFRWL')  global_best=2.1244 log2  τ=0.34  β=0.017
Ep 1844/2000  reward=+0.0183 log2  ep_best=2.8609 log2 ('KYCRRFRWLHFRWL')  global_best=2.1244 log2  τ=0.34  β=0.017
Ep 1845/2000  reward=+0.0000 log2  ep_best=2.8791 log2 ('KYCRRFRWLTFRWL')  global_best=2.1244 log2  τ=0.34  β=0.017
Ep 1846/2000  reward=+0.0183 log2  ep_best=2.8609 log2 ('KYCRRFRWLHFRWL')  global_best=2.1244 log2  τ=0.34  β=0.017
Ep 1847/2000  reward=+0.0000 log2  ep_best=2.8791 log2 ('KYCRRFRWLTFRWL')  global_best=2.1244 log2  τ=0.34  β=0.017
Ep 1848/2000  reward=+0.2154 log2  ep_best=2.6637 log2 ('KRFRRFRWWKFWWL')  global_best=2.1244 log2  τ=0.34  β=0.017
Ep 1849/2000  reward=+0.4011 log2  ep_best=2.4780 log2 ('WRFRRFRWKWVRWL')  global_best=2.1244 log2  τ=0.34  β=0.017
Ep 1850/2000  reward=+0.0712 log2  ep_best=2.8079 log2 ('WRCRRFRWKYVRWL')  global_best=2.1244 log2  τ=0.34  β=0.017
Ep 1851/2000  reward=+0.0000 log2  ep_best=2.8791 log2 ('KYCRRFRWLTFRWL')  global_best=2.1244 log2  τ=0.33  β=0.017
Ep 1852/2000  reward=+0.0000 log2  ep_best=2.8791 log2 ('KYCRRFRWLTFRWL')  global_best=2.1244 log2  τ=0.33  β=0.017
Ep 1853/2000  reward=+0.0000 log2  ep_best=2.8791 log2 ('KYCRRFRWLTFRWL')  global_best=2.1244 log2  τ=0.33  β=0.017
Ep 1854/2000  reward=+0.7548 log2  ep_best=2.1244 log2 ('KYCRRFRWLKFRWL')  global_best=2.1244 log2  τ=0.33  β=0.017
Ep 1855/2000  reward=+0.0308 log2  ep_best=2.8483 log2 ('KYCRRFRWLYFRWL')  global_best=2.1244 log2  τ=0.33  β=0.017
Ep 1856/2000  reward=+0.0000 log2  ep_best=2.8791 log2 ('KYCRRFRWLTFRWL')  global_best=2.1244 log2  τ=0.33  β=0.016
Ep 1857/2000  reward=+0.0196 log2  ep_best=2.8595 log2 ('KYCRRFRWLFFRWL')  global_best=2.1244 log2  τ=0.33  β=0.016
Ep 1858/2000  reward=+0.0000 log2  ep_best=2.8791 log2 ('KYCRRFRWLTFRWL')  global_best=2.1244 log2  τ=0.33  β=0.016
Ep 1859/2000  reward=+0.0183 log2  ep_best=2.8609 log2 ('KYCRRFRWLHFRWL')  global_best=2.1244 log2  τ=0.33  β=0.016
Ep 1860/2000  reward=+0.0183 log2  ep_best=2.8609 log2 ('KYCRRFRWLHFRWL')  global_best=2.1244 log2  τ=0.33  β=0.016
Ep 1861/2000  reward=+0.0183 log2  ep_best=2.8609 log2 ('KYCRRFRWLHFRWL')  global_best=2.1244 log2  τ=0.33  β=0.016
Ep 1862/2000  reward=+0.7548 log2  ep_best=2.1244 log2 ('KYCRRFRWLKFRWL')  global_best=2.1244 log2  τ=0.32  β=0.016
Ep 1863/2000  reward=+0.0000 log2  ep_best=2.8791 log2 ('KYCRRFRWLTFRWL')  global_best=2.1244 log2  τ=0.32  β=0.016
Ep 1864/2000  reward=+0.1139 log2  ep_best=2.7653 log2 ('KRCRRFRWLYFRWL')  global_best=2.1244 log2  τ=0.32  β=0.016
Ep 1865/2000  reward=+0.0000 log2  ep_best=2.8791 log2 ('KYCRRFRWLTFRWL')  global_best=2.1244 log2  τ=0.32  β=0.016
Ep 1866/2000  reward=+0.0183 log2  ep_best=2.8609 log2 ('KYCRRFRWLHFRWL')  global_best=2.1244 log2  τ=0.32  β=0.016
Ep 1867/2000  reward=+0.0000 log2  ep_best=2.8791 log2 ('KYCRRFRWLTFRWL')  global_best=2.1244 log2  τ=0.32  β=0.016
Ep 1868/2000  reward=+0.0000 log2  ep_best=2.8791 log2 ('KYCRRFRWLTFRWL')  global_best=2.1244 log2  τ=0.32  β=0.016
Ep 1869/2000  reward=+0.0712 log2  ep_best=2.8079 log2 ('WRCRRFRWKYVRWL')  global_best=2.1244 log2  τ=0.32  β=0.016
Ep 1870/2000  reward=+0.0000 log2  ep_best=2.8791 log2 ('KYCRRFRWLTFRWL')  global_best=2.1244 log2  τ=0.32  β=0.016
Ep 1871/2000  reward=+0.0000 log2  ep_best=2.8791 log2 ('KYCRRFRWLTFRWL')  global_best=2.1244 log2  τ=0.32  β=0.016
Ep 1872/2000  reward=+0.0000 log2  ep_best=2.8791 log2 ('KYCRRFRWLTFRWL')  global_best=2.1244 log2  τ=0.32  β=0.016
Ep 1873/2000  reward=+0.1595 log2  ep_best=2.7197 log2 ('WRCRRFRWLKFRWL')  global_best=2.1244 log2  τ=0.31  β=0.016
Ep 1874/2000  reward=+0.0000 log2  ep_best=2.8791 log2 ('KYCRRFRWLTFRWL')  global_best=2.1244 log2  τ=0.31  β=0.016
Ep 1875/2000  reward=+0.0000 log2  ep_best=2.8791 log2 ('KYCRRFRWLTFRWL')  global_best=2.1244 log2  τ=0.31  β=0.016
Ep 1876/2000  reward=+0.0000 log2  ep_best=2.8791 log2 ('KYCRRFRWLTFRWL')  global_best=2.1244 log2  τ=0.31  β=0.016
Ep 1877/2000  reward=+0.0000 log2  ep_best=2.8791 log2 ('KYCRRFRWLTFRWL')  global_best=2.1244 log2  τ=0.31  β=0.016
Ep 1878/2000  reward=+0.0000 log2  ep_best=2.8791 log2 ('KYCRRFRWLTFRWL')  global_best=2.1244 log2  τ=0.31  β=0.015
Ep 1879/2000  reward=+0.0183 log2  ep_best=2.8609 log2 ('KYCRRFRWLHFRWL')  global_best=2.1244 log2  τ=0.31  β=0.015
Ep 1880/2000  reward=+0.1139 log2  ep_best=2.7653 log2 ('KRCRRFRWLYFRWL')  global_best=2.1244 log2  τ=0.31  β=0.015
Ep 1881/2000  reward=+0.0000 log2  ep_best=2.8791 log2 ('KYCRRFRWLTFRWL')  global_best=2.1244 log2  τ=0.31  β=0.015
Ep 1882/2000  reward=+0.0000 log2  ep_best=2.8791 log2 ('KYCRRFRWLTFRWL')  global_best=2.1244 log2  τ=0.31  β=0.015
Ep 1883/2000  reward=+0.0000 log2  ep_best=2.8791 log2 ('KYCRRFRWLTFRWL')  global_best=2.1244 log2  τ=0.31  β=0.015
Ep 1884/2000  reward=+0.0712 log2  ep_best=2.8079 log2 ('WRCRRFRWKYVRWL')  global_best=2.1244 log2  τ=0.30  β=0.015
Ep 1885/2000  reward=+0.0000 log2  ep_best=2.8791 log2 ('KYCRRFRWLTFRWL')  global_best=2.1244 log2  τ=0.30  β=0.015
Ep 1886/2000  reward=+0.0000 log2  ep_best=2.8791 log2 ('KYCRRFRWLTFRWL')  global_best=2.1244 log2  τ=0.30  β=0.015
Ep 1887/2000  reward=+0.1595 log2  ep_best=2.7197 log2 ('WRCRRFRWLKFRWL')  global_best=2.1244 log2  τ=0.30  β=0.015
Ep 1888/2000  reward=+0.0000 log2  ep_best=2.8791 log2 ('KYCRRFRWLTFRWL')  global_best=2.1244 log2  τ=0.30  β=0.015
Ep 1889/2000  reward=+0.0000 log2  ep_best=2.8791 log2 ('KYCRRFRWLTFRWL')  global_best=2.1244 log2  τ=0.30  β=0.015
Ep 1890/2000  reward=+0.0000 log2  ep_best=2.8791 log2 ('KYCRRFRWLTFRWL')  global_best=2.1244 log2  τ=0.30  β=0.015
Ep 1891/2000  reward=+0.0712 log2  ep_best=2.8079 log2 ('WRCRRFRWKYVRWL')  global_best=2.1244 log2  τ=0.30  β=0.015
Ep 1892/2000  reward=+0.0000 log2  ep_best=2.8791 log2 ('KYCRRFRWLTFRWL')  global_best=2.1244 log2  τ=0.30  β=0.015
Ep 1893/2000  reward=+0.0183 log2  ep_best=2.8609 log2 ('KYCRRFRWLHFRWL')  global_best=2.1244 log2  τ=0.30  β=0.015
Ep 1894/2000  reward=+0.0000 log2  ep_best=2.8791 log2 ('KYCRRFRWLTFRWL')  global_best=2.1244 log2  τ=0.30  β=0.015
Ep 1895/2000  reward=+0.0000 log2  ep_best=2.8791 log2 ('KYCRRFRWLTFRWL')  global_best=2.1244 log2  τ=0.29  β=0.015
Ep 1896/2000  reward=+0.2230 log2  ep_best=2.6562 log2 ('KRCRRFRWLKFRWL')  global_best=2.1244 log2  τ=0.29  β=0.015
Ep 1897/2000  reward=+0.0000 log2  ep_best=2.8791 log2 ('KYCRRFRWLTFRWL')  global_best=2.1244 log2  τ=0.29  β=0.015
Ep 1898/2000  reward=+0.0000 log2  ep_best=2.8791 log2 ('KYCRRFRWLTFRWL')  global_best=2.1244 log2  τ=0.29  β=0.015
Ep 1899/2000  reward=+0.0308 log2  ep_best=2.8483 log2 ('KYCRRFRWLYFRWL')  global_best=2.1244 log2  τ=0.29  β=0.015
Ep 1900/2000  reward=+0.0000 log2  ep_best=2.8791 log2 ('KYCRRFRWLTFRWL')  global_best=2.1244 log2  τ=0.29  β=0.015
Ep 1901/2000  reward=+0.0183 log2  ep_best=2.8609 log2 ('KYCRRFRWLHFRWL')  global_best=2.1244 log2  τ=0.29  β=0.014
Ep 1902/2000  reward=+0.0000 log2  ep_best=2.8791 log2 ('KYCRRFRWLTFRWL')  global_best=2.1244 log2  τ=0.29  β=0.014
Ep 1903/2000  reward=+0.0000 log2  ep_best=2.8791 log2 ('KYCRRFRWLTFRWL')  global_best=2.1244 log2  τ=0.29  β=0.014
Ep 1904/2000  reward=+0.0000 log2  ep_best=2.8791 log2 ('KYCRRFRWLTFRWL')  global_best=2.1244 log2  τ=0.29  β=0.014
Ep 1905/2000  reward=+0.0183 log2  ep_best=2.8609 log2 ('KYCRRFRWLHFRWL')  global_best=2.1244 log2  τ=0.29  β=0.014
Ep 1906/2000  reward=+0.2507 log2  ep_best=2.6285 log2 ('KRFRRFRWLLFRWL')  global_best=2.1244 log2  τ=0.28  β=0.014
Ep 1907/2000  reward=+0.0000 log2  ep_best=2.8791 log2 ('KYCRRFRWLTFRWL')  global_best=2.1244 log2  τ=0.28  β=0.014
Ep 1908/2000  reward=+0.2351 log2  ep_best=2.6440 log2 ('WYCRRFRWLKFRWL')  global_best=2.1244 log2  τ=0.28  β=0.014
Ep 1909/2000  reward=+0.0000 log2  ep_best=2.8791 log2 ('KYCRRFRWLTFRWL')  global_best=2.1244 log2  τ=0.28  β=0.014
Ep 1910/2000  reward=+0.0000 log2  ep_best=2.8791 log2 ('KYCRRFRWLTFRWL')  global_best=2.1244 log2  τ=0.28  β=0.014
Ep 1911/2000  reward=+0.0000 log2  ep_best=2.8791 log2 ('KYCRRFRWLTFRWL')  global_best=2.1244 log2  τ=0.28  β=0.014
Ep 1912/2000  reward=+0.0183 log2  ep_best=2.8609 log2 ('KYCRRFRWLHFRWL')  global_best=2.1244 log2  τ=0.28  β=0.014
Ep 1913/2000  reward=+0.0000 log2  ep_best=2.8791 log2 ('KYCRRFRWLTFRWL')  global_best=2.1244 log2  τ=0.28  β=0.014
Ep 1914/2000  reward=+0.0000 log2  ep_best=2.8791 log2 ('KYCRRFRWLTFRWL')  global_best=2.1244 log2  τ=0.28  β=0.014
Ep 1915/2000  reward=+0.0000 log2  ep_best=2.8791 log2 ('KYCRRFRWLTFRWL')  global_best=2.1244 log2  τ=0.28  β=0.014
Ep 1916/2000  reward=+0.0196 log2  ep_best=2.8595 log2 ('KYCRRFRWLFFRWL')  global_best=2.1244 log2  τ=0.28  β=0.014
Ep 1917/2000  reward=+0.0308 log2  ep_best=2.8483 log2 ('KYCRRFRWLYFRWL')  global_best=2.1244 log2  τ=0.27  β=0.014
Ep 1918/2000  reward=+0.0308 log2  ep_best=2.8483 log2 ('KYCRRFRWLYFRWL')  global_best=2.1244 log2  τ=0.27  β=0.014
Ep 1919/2000  reward=+0.0000 log2  ep_best=2.8791 log2 ('KYCRRFRWLTFRWL')  global_best=2.1244 log2  τ=0.27  β=0.014
Ep 1920/2000  reward=+0.0000 log2  ep_best=2.8791 log2 ('KYCRRFRWLTFRWL')  global_best=2.1244 log2  τ=0.27  β=0.014
Ep 1921/2000  reward=+0.0000 log2  ep_best=2.8791 log2 ('KYCRRFRWLTFRWL')  global_best=2.1244 log2  τ=0.27  β=0.014
Ep 1922/2000  reward=+0.0000 log2  ep_best=2.8791 log2 ('KYCRRFRWLTFRWL')  global_best=2.1244 log2  τ=0.27  β=0.014
Ep 1923/2000  reward=+0.0183 log2  ep_best=2.8609 log2 ('KYCRRFRWLHFRWL')  global_best=2.1244 log2  τ=0.27  β=0.013
Ep 1924/2000  reward=+0.0000 log2  ep_best=2.8791 log2 ('KYCRRFRWLTFRWL')  global_best=2.1244 log2  τ=0.27  β=0.013
Ep 1925/2000  reward=+0.0000 log2  ep_best=2.8791 log2 ('KYCRRFRWLTFRWL')  global_best=2.1244 log2  τ=0.27  β=0.013
Ep 1926/2000  reward=+0.0712 log2  ep_best=2.8079 log2 ('WRCRRFRWKYVRWL')  global_best=2.1244 log2  τ=0.27  β=0.013
Ep 1927/2000  reward=+0.0712 log2  ep_best=2.8079 log2 ('WRCRRFRWKYVRWL')  global_best=2.1244 log2  τ=0.27  β=0.013
Ep 1928/2000  reward=+0.0183 log2  ep_best=2.8609 log2 ('KYCRRFRWLHFRWL')  global_best=2.1244 log2  τ=0.26  β=0.013
Ep 1929/2000  reward=+0.0712 log2  ep_best=2.8079 log2 ('WRCRRFRWKYVRWL')  global_best=2.1244 log2  τ=0.26  β=0.013
Ep 1930/2000  reward=+0.0712 log2  ep_best=2.8079 log2 ('WRCRRFRWKYVRWL')  global_best=2.1244 log2  τ=0.26  β=0.013
Ep 1931/2000  reward=+0.0000 log2  ep_best=2.8791 log2 ('KYCRRFRWLTFRWL')  global_best=2.1244 log2  τ=0.26  β=0.013
Ep 1932/2000  reward=+0.0000 log2  ep_best=2.8791 log2 ('KYCRRFRWLTFRWL')  global_best=2.1244 log2  τ=0.26  β=0.013
Ep 1933/2000  reward=+0.0000 log2  ep_best=2.8791 log2 ('KYCRRFRWLTFRWL')  global_best=2.1244 log2  τ=0.26  β=0.013
Ep 1934/2000  reward=+0.0000 log2  ep_best=2.8791 log2 ('KYCRRFRWLTFRWL')  global_best=2.1244 log2  τ=0.26  β=0.013
Ep 1935/2000  reward=+0.0000 log2  ep_best=2.8791 log2 ('KYCRRFRWLTFRWL')  global_best=2.1244 log2  τ=0.26  β=0.013
Ep 1936/2000  reward=+0.0183 log2  ep_best=2.8609 log2 ('KYCRRFRWLHFRWL')  global_best=2.1244 log2  τ=0.26  β=0.013
Ep 1937/2000  reward=+0.2507 log2  ep_best=2.6285 log2 ('KRFRRFRWLLFRWL')  global_best=2.1244 log2  τ=0.26  β=0.013
Ep 1938/2000  reward=+0.0000 log2  ep_best=2.8791 log2 ('KYCRRFRWLTFRWL')  global_best=2.1244 log2  τ=0.26  β=0.013
Ep 1939/2000  reward=+0.1139 log2  ep_best=2.7653 log2 ('KRCRRFRWLYFRWL')  global_best=2.1244 log2  τ=0.25  β=0.013
Ep 1940/2000  reward=+0.0000 log2  ep_best=2.8791 log2 ('KYCRRFRWLTFRWL')  global_best=2.1244 log2  τ=0.25  β=0.013
Ep 1941/2000  reward=+0.1436 log2  ep_best=2.7356 log2 ('KRFRRFRWLWFRWL')  global_best=2.1244 log2  τ=0.25  β=0.013
Ep 1942/2000  reward=+0.2351 log2  ep_best=2.6440 log2 ('WYCRRFRWLKFRWL')  global_best=2.1244 log2  τ=0.25  β=0.013
Ep 1943/2000  reward=+0.0000 log2  ep_best=2.8791 log2 ('KYCRRFRWLTFRWL')  global_best=2.1244 log2  τ=0.25  β=0.013
Ep 1944/2000  reward=+0.1595 log2  ep_best=2.7197 log2 ('WRCRRFRWLKFRWL')  global_best=2.1244 log2  τ=0.25  β=0.013
Ep 1945/2000  reward=+0.0308 log2  ep_best=2.8483 log2 ('KYCRRFRWLYFRWL')  global_best=2.1244 log2  τ=0.25  β=0.012
Ep 1946/2000  reward=+0.0000 log2  ep_best=2.8791 log2 ('KYCRRFRWLTFRWL')  global_best=2.1244 log2  τ=0.25  β=0.012
Ep 1947/2000  reward=+0.0000 log2  ep_best=2.8791 log2 ('KYCRRFRWLTFRWL')  global_best=2.1244 log2  τ=0.25  β=0.012
Ep 1948/2000  reward=+0.0000 log2  ep_best=2.8791 log2 ('KYCRRFRWLTFRWL')  global_best=2.1244 log2  τ=0.25  β=0.012
Ep 1949/2000  reward=+0.0000 log2  ep_best=2.8791 log2 ('KYCRRFRWLTFRWL')  global_best=2.1244 log2  τ=0.25  β=0.012
Ep 1950/2000  reward=+0.0000 log2  ep_best=2.8791 log2 ('KYCRRFRWLTFRWL')  global_best=2.1244 log2  τ=0.25  β=0.012
Ep 1951/2000  reward=+0.0000 log2  ep_best=2.8791 log2 ('KYCRRFRWLTFRWL')  global_best=2.1244 log2  τ=0.24  β=0.012
Ep 1952/2000  reward=+0.0000 log2  ep_best=2.8791 log2 ('KYCRRFRWLTFRWL')  global_best=2.1244 log2  τ=0.24  β=0.012
Ep 1953/2000  reward=+0.0308 log2  ep_best=2.8483 log2 ('KYCRRFRWLYFRWL')  global_best=2.1244 log2  τ=0.24  β=0.012
Ep 1954/2000  reward=+0.0000 log2  ep_best=2.8791 log2 ('KYCRRFRWLTFRWL')  global_best=2.1244 log2  τ=0.24  β=0.012
Ep 1955/2000  reward=+0.0000 log2  ep_best=2.8791 log2 ('KYCRRFRWLTFRWL')  global_best=2.1244 log2  τ=0.24  β=0.012
Ep 1956/2000  reward=+0.0000 log2  ep_best=2.8791 log2 ('KYCRRFRWLTFRWL')  global_best=2.1244 log2  τ=0.24  β=0.012
Ep 1957/2000  reward=+0.0000 log2  ep_best=2.8791 log2 ('KYCRRFRWLTFRWL')  global_best=2.1244 log2  τ=0.24  β=0.012
Ep 1958/2000  reward=+0.0000 log2  ep_best=2.8791 log2 ('KYCRRFRWLTFRWL')  global_best=2.1244 log2  τ=0.24  β=0.012
Ep 1959/2000  reward=+0.0183 log2  ep_best=2.8609 log2 ('KYCRRFRWLHFRWL')  global_best=2.1244 log2  τ=0.24  β=0.012
Ep 1960/2000  reward=+0.0000 log2  ep_best=2.8791 log2 ('KYCRRFRWLTFRWL')  global_best=2.1244 log2  τ=0.24  β=0.012
Ep 1961/2000  reward=+0.0000 log2  ep_best=2.8791 log2 ('KYCRRFRWLTFRWL')  global_best=2.1244 log2  τ=0.24  β=0.012
Ep 1962/2000  reward=+0.0000 log2  ep_best=2.8791 log2 ('KYCRRFRWLTFRWL')  global_best=2.1244 log2  τ=0.23  β=0.012
Ep 1963/2000  reward=+0.0000 log2  ep_best=2.8791 log2 ('KYCRRFRWLTFRWL')  global_best=2.1244 log2  τ=0.23  β=0.012
Ep 1964/2000  reward=+0.0000 log2  ep_best=2.8791 log2 ('KYCRRFRWLTFRWL')  global_best=2.1244 log2  τ=0.23  β=0.012
Ep 1965/2000  reward=+0.0000 log2  ep_best=2.8791 log2 ('KYCRRFRWLTFRWL')  global_best=2.1244 log2  τ=0.23  β=0.012
Ep 1966/2000  reward=+0.0000 log2  ep_best=2.8791 log2 ('KYCRRFRWLTFRWL')  global_best=2.1244 log2  τ=0.23  β=0.012
Ep 1967/2000  reward=+0.0000 log2  ep_best=2.8791 log2 ('KYCRRFRWLTFRWL')  global_best=2.1244 log2  τ=0.23  β=0.011
Ep 1968/2000  reward=+0.0000 log2  ep_best=2.8791 log2 ('KYCRRFRWLTFRWL')  global_best=2.1244 log2  τ=0.23  β=0.011
Ep 1969/2000  reward=+0.0000 log2  ep_best=2.8791 log2 ('KYCRRFRWLTFRWL')  global_best=2.1244 log2  τ=0.23  β=0.011
Ep 1970/2000  reward=+0.0308 log2  ep_best=2.8483 log2 ('KYCRRFRWLYFRWL')  global_best=2.1244 log2  τ=0.23  β=0.011
Ep 1971/2000  reward=+0.0000 log2  ep_best=2.8791 log2 ('KYCRRFRWLTFRWL')  global_best=2.1244 log2  τ=0.23  β=0.011
Ep 1972/2000  reward=+0.0712 log2  ep_best=2.8079 log2 ('WRCRRFRWKYVRWL')  global_best=2.1244 log2  τ=0.23  β=0.011
Ep 1973/2000  reward=+0.0000 log2  ep_best=2.8791 log2 ('KYCRRFRWLTFRWL')  global_best=2.1244 log2  τ=0.22  β=0.011
Ep 1974/2000  reward=+0.0183 log2  ep_best=2.8609 log2 ('KYCRRFRWLHFRWL')  global_best=2.1244 log2  τ=0.22  β=0.011
Ep 1975/2000  reward=+0.0000 log2  ep_best=2.8791 log2 ('KYCRRFRWLTFRWL')  global_best=2.1244 log2  τ=0.22  β=0.011
Ep 1976/2000  reward=+0.0183 log2  ep_best=2.8609 log2 ('KYCRRFRWLHFRWL')  global_best=2.1244 log2  τ=0.22  β=0.011
Ep 1977/2000  reward=+0.0183 log2  ep_best=2.8609 log2 ('KYCRRFRWLHFRWL')  global_best=2.1244 log2  τ=0.22  β=0.011
Ep 1978/2000  reward=+0.0712 log2  ep_best=2.8079 log2 ('WRCRRFRWKYVRWL')  global_best=2.1244 log2  τ=0.22  β=0.011
Ep 1979/2000  reward=+0.0000 log2  ep_best=2.8791 log2 ('KYCRRFRWLTFRWL')  global_best=2.1244 log2  τ=0.22  β=0.011
Ep 1980/2000  reward=+0.0000 log2  ep_best=2.8791 log2 ('KYCRRFRWLTFRWL')  global_best=2.1244 log2  τ=0.22  β=0.011
Ep 1981/2000  reward=+0.0000 log2  ep_best=2.8791 log2 ('KYCRRFRWLTFRWL')  global_best=2.1244 log2  τ=0.22  β=0.011
Ep 1982/2000  reward=+0.0000 log2  ep_best=2.8791 log2 ('KYCRRFRWLTFRWL')  global_best=2.1244 log2  τ=0.22  β=0.011
Ep 1983/2000  reward=+0.0000 log2  ep_best=2.8791 log2 ('KYCRRFRWLTFRWL')  global_best=2.1244 log2  τ=0.22  β=0.011
Ep 1984/2000  reward=+0.0290 log2  ep_best=2.8502 log2 ('WRCRRFRWKWVRWL')  global_best=2.1244 log2  τ=0.21  β=0.011
Ep 1985/2000  reward=+0.0000 log2  ep_best=2.8791 log2 ('KYCRRFRWLTFRWL')  global_best=2.1244 log2  τ=0.21  β=0.011
Ep 1986/2000  reward=+0.1139 log2  ep_best=2.7653 log2 ('KRCRRFRWLYFRWL')  global_best=2.1244 log2  τ=0.21  β=0.011
Ep 1987/2000  reward=+0.0000 log2  ep_best=2.8791 log2 ('KYCRRFRWLTFRWL')  global_best=2.1244 log2  τ=0.21  β=0.011
Ep 1988/2000  reward=+0.0183 log2  ep_best=2.8609 log2 ('KYCRRFRWLHFRWL')  global_best=2.1244 log2  τ=0.21  β=0.011
Ep 1989/2000  reward=+0.0000 log2  ep_best=2.8791 log2 ('KYCRRFRWLTFRWL')  global_best=2.1244 log2  τ=0.21  β=0.010
Ep 1990/2000  reward=+0.0000 log2  ep_best=2.8791 log2 ('KYCRRFRWLTFRWL')  global_best=2.1244 log2  τ=0.21  β=0.010
Ep 1991/2000  reward=+0.0000 log2  ep_best=2.8791 log2 ('KYCRRFRWLTFRWL')  global_best=2.1244 log2  τ=0.21  β=0.010
Ep 1992/2000  reward=+0.0000 log2  ep_best=2.8791 log2 ('KYCRRFRWLTFRWL')  global_best=2.1244 log2  τ=0.21  β=0.010
Ep 1993/2000  reward=+0.0000 log2  ep_best=2.8791 log2 ('KYCRRFRWLTFRWL')  global_best=2.1244 log2  τ=0.21  β=0.010
Ep 1994/2000  reward=+0.0000 log2  ep_best=2.8791 log2 ('KYCRRFRWLTFRWL')  global_best=2.1244 log2  τ=0.21  β=0.010
Ep 1995/2000  reward=+0.0183 log2  ep_best=2.8609 log2 ('KYCRRFRWLHFRWL')  global_best=2.1244 log2  τ=0.20  β=0.010
Ep 1996/2000  reward=+0.1093 log2  ep_best=2.7699 log2 ('KRCRRFRWLLFRWL')  global_best=2.1244 log2  τ=0.20  β=0.010
Ep 1997/2000  reward=+0.0000 log2  ep_best=2.8791 log2 ('KYCRRFRWLTFRWL')  global_best=2.1244 log2  τ=0.20  β=0.010
Ep 1998/2000  reward=+0.0183 log2  ep_best=2.8609 log2 ('KYCRRFRWLHFRWL')  global_best=2.1244 log2  τ=0.20  β=0.010
Ep 1999/2000  reward=+0.0183 log2  ep_best=2.8609 log2 ('KYCRRFRWLHFRWL')  global_best=2.1244 log2  τ=0.20  β=0.010
Ep 2000/2000  reward=+0.0000 log2  ep_best=2.8791 log2 ('KYCRRFRWLTFRWL')  global_best=2.1244 log2  τ=0.20  β=0.010

Optimisation complete.
  Start : 'KYCRRFRWLTFRWL'  2.8791 log2 MIC  (7.4 µM)
  Best  : 'KYCRRFRWLKFRWL'  2.1244 log2 MIC  (4.4 µM)
  Improvement: +0.7548 log2 MIC  (1.7x fold)
  Log saved  : results/jurand-4_a2c_1773336733_log.csv
  JSON saved : results/jurand-4_a2c_1773336733_results.json
  Done: 'jurand-4'
--- Finished peptide: jurand-4 at Thu Mar 12 06:33:49 PM CET 2026 ---
==========================================
ALL DONE: Thu Mar 12 06:33:49 PM CET 2026
==========================================
