==========================================
EXTENDED A2C Training: combo1
Peptides: hydrodamin-2, mammuthusin-3
Host: szary
GPU:  NVIDIA RTX 5000 Ada Generation
Started: Thu Mar 12 05:47:32 PM CET 2026
n_episodes=2000, max_steps=30
==========================================
--- Starting peptide: hydrodamin-2 at Thu Mar 12 05:47:32 PM CET 2026 ---

======================================================================
  SEED: 'hydrodamin-2'  →  'RMARNLVRYVQGLKKKKVI'
======================================================================
Loading models …
Encoding start peptide: 'RMARNLVRYVQGLKKKKVI'
Start score (mean log2 MIC over E.coli): 6.9616
Ep   1/2000  reward=+2.5255 log2  ep_best=4.4361 log2 ('RGGRKLVRYVWGLRRRWCW')  global_best=4.4361 log2  τ=2.00  β=0.100
Ep   2/2000  reward=+3.7354 log2  ep_best=3.2262 log2 ('RVGRKLVRFVKGLWKWWRW')  global_best=3.2262 log2  τ=2.00  β=0.100
Ep   3/2000  reward=+3.9742 log2  ep_best=2.9874 log2 ('RLARKLVRFVKGLKKWWWW')  global_best=2.9874 log2  τ=2.00  β=0.100
Ep   4/2000  reward=+2.9597 log2  ep_best=4.0020 log2 ('RVGRKLVRFVQGLWKKKVW')  global_best=2.9874 log2  τ=2.00  β=0.100
Ep   5/2000  reward=+4.6977 log2  ep_best=2.2640 log2 ('RLARKLVRFLKFAKKWWWW')  global_best=2.2640 log2  τ=2.00  β=0.100
Ep   6/2000  reward=+3.6818 log2  ep_best=3.2799 log2 ('RLGRKKVRRVWGLWRWRVW')  global_best=2.2640 log2  τ=2.00  β=0.100
Ep   7/2000  reward=+4.0429 log2  ep_best=2.9188 log2 ('RLARKLVRFVKVAWWRWWW')  global_best=2.2640 log2  τ=1.99  β=0.100
Ep   8/2000  reward=+3.4041 log2  ep_best=3.5575 log2 ('RLARKLVRFVKGLWKWKRR')  global_best=2.2640 log2  τ=1.99  β=0.100
Ep   9/2000  reward=+4.1040 log2  ep_best=2.8577 log2 ('RLGRKLVRFVKGLKKWKWW')  global_best=2.2640 log2  τ=1.99  β=0.100
Ep  10/2000  reward=+3.9611 log2  ep_best=3.0006 log2 ('RGARKLVRYVKGLKKWKVW')  global_best=2.2640 log2  τ=1.99  β=0.100
Ep  11/2000  reward=+3.5401 log2  ep_best=3.4216 log2 ('RLGRKLVRYVKGLKKKKVW')  global_best=2.2640 log2  τ=1.99  β=0.100
Ep  12/2000  reward=+2.7002 log2  ep_best=4.2614 log2 ('RVGRKNVRFVKGLYYWKVK')  global_best=2.2640 log2  τ=1.99  β=0.100
Ep  13/2000  reward=+3.3695 log2  ep_best=3.5922 log2 ('RLARKLVRYVQGLRWKKVW')  global_best=2.2640 log2  τ=1.99  β=0.099
Ep  14/2000  reward=+2.7619 log2  ep_best=4.1998 log2 ('RVGRKLVRYVQGLWKKKVW')  global_best=2.2640 log2  τ=1.99  β=0.099
Ep  15/2000  reward=+2.6037 log2  ep_best=4.3579 log2 ('RVGRKKVRYVKGLYYRRRW')  global_best=2.2640 log2  τ=1.99  β=0.099
Ep  16/2000  reward=+3.8396 log2  ep_best=3.1221 log2 ('RGGRKLVRFVKGLKKWKLK')  global_best=2.2640 log2  τ=1.99  β=0.099
Ep  17/2000  reward=+2.2364 log2  ep_best=4.7252 log2 ('RVGRKKVRYVWGLYRWRCW')  global_best=2.2640 log2  τ=1.99  β=0.099
Ep  18/2000  reward=+4.0407 log2  ep_best=2.9209 log2 ('RLARKLVRYVWGLRRWRYW')  global_best=2.2640 log2  τ=1.98  β=0.099
Ep  19/2000  reward=+3.4229 log2  ep_best=3.5387 log2 ('RLARKLVRFVKGLRKWWWR')  global_best=2.2640 log2  τ=1.98  β=0.099
Ep  20/2000  reward=+3.4492 log2  ep_best=3.5125 log2 ('RVARKKVRYALVAWWRWRR')  global_best=2.2640 log2  τ=1.98  β=0.099
Ep  21/2000  reward=+2.5502 log2  ep_best=4.4114 log2 ('RVGRKLVRFIQGLWKKKRK')  global_best=2.2640 log2  τ=1.98  β=0.099
Ep  22/2000  reward=+3.6391 log2  ep_best=3.3225 log2 ('RLGRKKVRYKWVLRRWRCW')  global_best=2.2640 log2  τ=1.98  β=0.099
Ep  23/2000  reward=+2.7701 log2  ep_best=4.1915 log2 ('RVGRKNVRFVYGLRWWWRR')  global_best=2.2640 log2  τ=1.98  β=0.099
Ep  24/2000  reward=+3.3405 log2  ep_best=3.6212 log2 ('RVGRKNVRFVKGLWKWWRW')  global_best=2.2640 log2  τ=1.98  β=0.099
Ep  25/2000  reward=+2.9115 log2  ep_best=4.0502 log2 ('RVGRKLVRFGKGLWRRWRY')  global_best=2.2640 log2  τ=1.98  β=0.099
Ep  26/2000  reward=+3.9835 log2  ep_best=2.9781 log2 ('RLARKLVRFVKGLWKWKRW')  global_best=2.2640 log2  τ=1.98  β=0.099
Ep  27/2000  reward=+1.1843 log2  ep_best=5.7774 log2 ('RVARNLCRYVKGAWKRKRW')  global_best=2.2640 log2  τ=1.98  β=0.099
Ep  28/2000  reward=+3.8924 log2  ep_best=3.0692 log2 ('RGARKLVRFVKGLKKWKLK')  global_best=2.2640 log2  τ=1.98  β=0.099
Ep  29/2000  reward=+3.4943 log2  ep_best=3.4674 log2 ('RVGRKLVRYVKGLYRKWRW')  global_best=2.2640 log2  τ=1.97  β=0.099
Ep  30/2000  reward=+4.3110 log2  ep_best=2.6507 log2 ('RVARKLVRYVKVAWKRWWW')  global_best=2.2640 log2  τ=1.97  β=0.099
Ep  31/2000  reward=+4.1074 log2  ep_best=2.8543 log2 ('RLGRKLVRYVKGLRKWWRW')  global_best=2.2640 log2  τ=1.97  β=0.099
Ep  32/2000  reward=+2.9488 log2  ep_best=4.0129 log2 ('RVGRKLVRFVKGLKKWKRW')  global_best=2.2640 log2  τ=1.97  β=0.099
Ep  33/2000  reward=+3.6149 log2  ep_best=3.3467 log2 ('RLGRKNVRFVKGLWWWKRW')  global_best=2.2640 log2  τ=1.97  β=0.099
Ep  34/2000  reward=+3.5272 log2  ep_best=3.4344 log2 ('RVGRKNVRYVLGLWKRWRW')  global_best=2.2640 log2  τ=1.97  β=0.099
Ep  35/2000  reward=+3.7354 log2  ep_best=3.2262 log2 ('RVGRKLVRFVKGLWKWWRW')  global_best=2.2640 log2  τ=1.97  β=0.098
Ep  36/2000  reward=+2.7737 log2  ep_best=4.1879 log2 ('RGGRKLVRFVQGLKKWKVK')  global_best=2.2640 log2  τ=1.97  β=0.098
Ep  37/2000  reward=+4.2829 log2  ep_best=2.6787 log2 ('RLARKLVRFVKVAYRKWWW')  global_best=2.2640 log2  τ=1.97  β=0.098
Ep  38/2000  reward=+3.5102 log2  ep_best=3.4514 log2 ('RLARKNVRRVWVARRWWRW')  global_best=2.2640 log2  τ=1.97  β=0.098
Ep  39/2000  reward=+3.2544 log2  ep_best=3.7072 log2 ('RVARKKVRYVLVAWWRWRR')  global_best=2.2640 log2  τ=1.97  β=0.098
Ep  40/2000  reward=+3.4398 log2  ep_best=3.5219 log2 ('RVGRKLVRYVKGLWKRWRR')  global_best=2.2640 log2  τ=1.96  β=0.098
Ep  41/2000  reward=+2.2730 log2  ep_best=4.6887 log2 ('RVGRKLVRYLQGLKKKKVW')  global_best=2.2640 log2  τ=1.96  β=0.098
Ep  42/2000  reward=+4.5303 log2  ep_best=2.4314 log2 ('RLGRKLVRFLKFAKKWKWW')  global_best=2.2640 log2  τ=1.96  β=0.098
Ep  43/2000  reward=+3.2283 log2  ep_best=3.7333 log2 ('RLARKLVRFGKGLKKWWWW')  global_best=2.2640 log2  τ=1.96  β=0.098
Ep  44/2000  reward=+3.8268 log2  ep_best=3.1348 log2 ('RGGRKLVRYVKGLYRKWVK')  global_best=2.2640 log2  τ=1.96  β=0.098
Ep  45/2000  reward=+3.8252 log2  ep_best=3.1365 log2 ('RVARKNVRYVKVAWWRWRW')  global_best=2.2640 log2  τ=1.96  β=0.098
Ep  46/2000  reward=+3.4435 log2  ep_best=3.5181 log2 ('RVGRKLVRFVKGLWKRWRW')  global_best=2.2640 log2  τ=1.96  β=0.098
Ep  47/2000  reward=+4.1040 log2  ep_best=2.8577 log2 ('RLGRKLVRFVKGLKKWKWW')  global_best=2.2640 log2  τ=1.96  β=0.098
Ep  48/2000  reward=+4.1040 log2  ep_best=2.8577 log2 ('RLGRKLVRFVKGLKKWKWW')  global_best=2.2640 log2  τ=1.96  β=0.098
Ep  49/2000  reward=+4.1040 log2  ep_best=2.8577 log2 ('RLGRKLVRFVKGLKKWKWW')  global_best=2.2640 log2  τ=1.96  β=0.098
Ep  50/2000  reward=+1.9723 log2  ep_best=4.9894 log2 ('RVARKLFRRLKGLKKKKVK')  global_best=2.2640 log2  τ=1.96  β=0.098
Ep  51/2000  reward=+3.3405 log2  ep_best=3.6212 log2 ('RVGRKNVRFVKGLWKWWRW')  global_best=2.2640 log2  τ=1.95  β=0.098
Ep  52/2000  reward=+2.9866 log2  ep_best=3.9750 log2 ('RVGRKKVRYVKGLYRWRRW')  global_best=2.2640 log2  τ=1.95  β=0.098
Ep  53/2000  reward=+3.5272 log2  ep_best=3.4344 log2 ('RVGRKNVRYVLGLWKRWRW')  global_best=2.2640 log2  τ=1.95  β=0.098
Ep  54/2000  reward=+3.7523 log2  ep_best=3.2093 log2 ('RGGRKLVRYVKGLRRWKVK')  global_best=2.2640 log2  τ=1.95  β=0.098
Ep  55/2000  reward=+3.4592 log2  ep_best=3.5025 log2 ('RLGRKLVRFVKGLFRKKWK')  global_best=2.2640 log2  τ=1.95  β=0.098
Ep  56/2000  reward=+2.3110 log2  ep_best=4.6506 log2 ('RVGRKNVRYVKGLWKRWCW')  global_best=2.2640 log2  τ=1.95  β=0.098
Ep  57/2000  reward=+3.9878 log2  ep_best=2.9738 log2 ('RLGRKLVRYVKGLYRWKRW')  global_best=2.2640 log2  τ=1.95  β=0.097
Ep  58/2000  reward=+3.4435 log2  ep_best=3.5181 log2 ('RVGRKLVRFVKGLWKRWRW')  global_best=2.2640 log2  τ=1.95  β=0.097
Ep  59/2000  reward=+4.1074 log2  ep_best=2.8543 log2 ('RLGRKLVRYVKGLRKWWRW')  global_best=2.2640 log2  τ=1.95  β=0.097
Ep  60/2000  reward=+3.8252 log2  ep_best=3.1365 log2 ('RVARKNVRYVKVAWWRWRW')  global_best=2.2640 log2  τ=1.95  β=0.097
Ep  61/2000  reward=+3.1799 log2  ep_best=3.7818 log2 ('RLGRKLVRFGKGLKKWWWW')  global_best=2.2640 log2  τ=1.95  β=0.097
Ep  62/2000  reward=+3.8485 log2  ep_best=3.1131 log2 ('RVARKLVRYVKVAWWRWRW')  global_best=2.2640 log2  τ=1.95  β=0.097
Ep  63/2000  reward=+3.7011 log2  ep_best=3.2606 log2 ('RVGRKLVRFVKGLWKWKRW')  global_best=2.2640 log2  τ=1.94  β=0.097
Ep  64/2000  reward=+3.6954 log2  ep_best=3.2663 log2 ('RVGRKLVRFVKGLKKWWRF')  global_best=2.2640 log2  τ=1.94  β=0.097
Ep  65/2000  reward=+2.9340 log2  ep_best=4.0276 log2 ('RVGRKLVRFVKGLKKWKRI')  global_best=2.2640 log2  τ=1.94  β=0.097
Ep  66/2000  reward=+3.1156 log2  ep_best=3.8460 log2 ('RLARKLYRYVKGAWKKKRK')  global_best=2.2640 log2  τ=1.94  β=0.097
Ep  67/2000  reward=+3.9742 log2  ep_best=2.9874 log2 ('RLARKLVRFVKGLKKWWWW')  global_best=2.2640 log2  τ=1.94  β=0.097
Ep  68/2000  reward=+3.7354 log2  ep_best=3.2262 log2 ('RVGRKLVRFVKGLWKWWRW')  global_best=2.2640 log2  τ=1.94  β=0.097
Ep  69/2000  reward=+4.4635 log2  ep_best=2.4981 log2 ('RLARKLVRFVKVAKKWWWW')  global_best=2.2640 log2  τ=1.94  β=0.097
Ep  70/2000  reward=+4.1269 log2  ep_best=2.8347 log2 ('RLARKLVRYVKFAWWWWRW')  global_best=2.2640 log2  τ=1.94  β=0.097
Ep  71/2000  reward=+3.6105 log2  ep_best=3.3511 log2 ('RVGRKLVRFVKGLKKWWWW')  global_best=2.2640 log2  τ=1.94  β=0.097
Ep  72/2000  reward=+3.9529 log2  ep_best=3.0088 log2 ('RGGRKLVRYVKGLKKWKVK')  global_best=2.2640 log2  τ=1.94  β=0.097
Ep  73/2000  reward=+3.8767 log2  ep_best=3.0849 log2 ('RVGRKKVRYVKGLKWRWVW')  global_best=2.2640 log2  τ=1.94  β=0.097
Ep  74/2000  reward=+3.9208 log2  ep_best=3.0408 log2 ('RVGRKLVRYVKGLWKRWRW')  global_best=2.2640 log2  τ=1.93  β=0.097
Ep  75/2000  reward=+3.3677 log2  ep_best=3.5939 log2 ('RLARKLVRFVKGLWWRWRR')  global_best=2.2640 log2  τ=1.93  β=0.097
Ep  76/2000  reward=+2.1512 log2  ep_best=4.8104 log2 ('RMARNLVRFVKGLWWRKYR')  global_best=2.2640 log2  τ=1.93  β=0.097
Ep  77/2000  reward=+2.9340 log2  ep_best=4.0276 log2 ('RVGRKLVRFVKGLKKWKRI')  global_best=2.2640 log2  τ=1.93  β=0.097
Ep  78/2000  reward=+3.6106 log2  ep_best=3.3510 log2 ('RVARKLVRFVKGLWKWKRW')  global_best=2.2640 log2  τ=1.93  β=0.097
Ep  79/2000  reward=+3.3409 log2  ep_best=3.6207 log2 ('RVARKKVRYVKGLWKWWRR')  global_best=2.2640 log2  τ=1.93  β=0.096
Ep  80/2000  reward=+2.2330 log2  ep_best=4.7287 log2 ('RVGRKNVRYVKVAWKRKRW')  global_best=2.2640 log2  τ=1.93  β=0.096
Ep  81/2000  reward=+3.7102 log2  ep_best=3.2515 log2 ('RLGRKKVRFVKGLKWWKFR')  global_best=2.2640 log2  τ=1.93  β=0.096
Ep  82/2000  reward=+3.2039 log2  ep_best=3.7577 log2 ('RGARKLVRFVKGLWWRKYR')  global_best=2.2640 log2  τ=1.93  β=0.096
Ep  83/2000  reward=+2.2202 log2  ep_best=4.7415 log2 ('RGARKLVRFVKGLWKRKRR')  global_best=2.2640 log2  τ=1.93  β=0.096
Ep  84/2000  reward=+3.3176 log2  ep_best=3.6441 log2 ('RMARKLVRYVKGLKKWKYI')  global_best=2.2640 log2  τ=1.93  β=0.096
Ep  85/2000  reward=+3.5474 log2  ep_best=3.4142 log2 ('RGGRKLVRFLKGLWWWKRR')  global_best=2.2640 log2  τ=1.92  β=0.096
Ep  86/2000  reward=+4.0778 log2  ep_best=2.8839 log2 ('RVGRKLVRYVKGLWKWKRW')  global_best=2.2640 log2  τ=1.92  β=0.096
Ep  87/2000  reward=+4.4635 log2  ep_best=2.4981 log2 ('RLARKLVRFVKVAKKWWWW')  global_best=2.2640 log2  τ=1.92  β=0.096
Ep  88/2000  reward=+4.1040 log2  ep_best=2.8577 log2 ('RLGRKLVRFVKGLKKWKWW')  global_best=2.2640 log2  τ=1.92  β=0.096
Ep  89/2000  reward=+4.1963 log2  ep_best=2.7654 log2 ('RLGRKLVRYVKGLYKWKRW')  global_best=2.2640 log2  τ=1.92  β=0.096
Ep  90/2000  reward=+3.4039 log2  ep_best=3.5577 log2 ('RGGRKLVRFVKGLKKWWRW')  global_best=2.2640 log2  τ=1.92  β=0.096
Ep  91/2000  reward=+3.5274 log2  ep_best=3.4343 log2 ('RVGRKLVRYVKGLRYKWWW')  global_best=2.2640 log2  τ=1.92  β=0.096
Ep  92/2000  reward=+3.0168 log2  ep_best=3.9448 log2 ('RLGRKLVRYVQGLRRKWVK')  global_best=2.2640 log2  τ=1.92  β=0.096
Ep  93/2000  reward=+3.2369 log2  ep_best=3.7248 log2 ('RVGRKKVRYVLGLWRRRRW')  global_best=2.2640 log2  τ=1.92  β=0.096
Ep  94/2000  reward=+2.8314 log2  ep_best=4.1302 log2 ('RVARKLVRFVKGLKKKKWK')  global_best=2.2640 log2  τ=1.92  β=0.096
Ep  95/2000  reward=+3.5841 log2  ep_best=3.3775 log2 ('RLARKLVRYVKVARRWWRR')  global_best=2.2640 log2  τ=1.92  β=0.096
Ep  96/2000  reward=+1.3639 log2  ep_best=5.5977 log2 ('RGGRKLVRRKKVAKRKWVW')  global_best=2.2640 log2  τ=1.91  β=0.096
Ep  97/2000  reward=+3.0148 log2  ep_best=3.9469 log2 ('RLARKLVRYVKGLRRRWRR')  global_best=2.2640 log2  τ=1.91  β=0.096
Ep  98/2000  reward=+3.6105 log2  ep_best=3.3511 log2 ('RVGRKLVRFVKGLKKWWWW')  global_best=2.2640 log2  τ=1.91  β=0.096
Ep  99/2000  reward=+2.8621 log2  ep_best=4.0996 log2 ('RVGRKNVRFVLGLKKRWWW')  global_best=2.2640 log2  τ=1.91  β=0.096
Ep 100/2000  reward=+3.1986 log2  ep_best=3.7630 log2 ('RVGRKNVRYVKGLWKRWRW')  global_best=2.2640 log2  τ=1.91  β=0.096
Ep 101/2000  reward=+4.5031 log2  ep_best=2.4585 log2 ('RLGRKLVRYVKGLWKWKRW')  global_best=2.2640 log2  τ=1.91  β=0.095
Ep 102/2000  reward=+1.8134 log2  ep_best=5.1483 log2 ('RGARKLVRFVQGLWKKKYK')  global_best=2.2640 log2  τ=1.91  β=0.095
Ep 103/2000  reward=+3.0473 log2  ep_best=3.9144 log2 ('RGGRKLVRYTKGLKWRKYI')  global_best=2.2640 log2  τ=1.91  β=0.095
Ep 104/2000  reward=+3.2975 log2  ep_best=3.6642 log2 ('RVGRKNVRYVKGLWKWKRW')  global_best=2.2640 log2  τ=1.91  β=0.095
Ep 105/2000  reward=+2.6495 log2  ep_best=4.3121 log2 ('RVGRKKVRYVKVAYRWRRW')  global_best=2.2640 log2  τ=1.91  β=0.095
Ep 106/2000  reward=+3.5272 log2  ep_best=3.4344 log2 ('RVGRKNVRYVLGLWKRWRW')  global_best=2.2640 log2  τ=1.91  β=0.095
Ep 107/2000  reward=+3.7012 log2  ep_best=3.2605 log2 ('RVARNKVRYVKVAWKRWRW')  global_best=2.2640 log2  τ=1.90  β=0.095
Ep 108/2000  reward=+3.2134 log2  ep_best=3.7482 log2 ('RLGRKKVRFVKGLRWWWRR')  global_best=2.2640 log2  τ=1.90  β=0.095
Ep 109/2000  reward=+2.3561 log2  ep_best=4.6056 log2 ('RGGRKKVRYVKVLRRWRCW')  global_best=2.2640 log2  τ=1.90  β=0.095
Ep 110/2000  reward=+3.8235 log2  ep_best=3.1382 log2 ('RVARKLVRFVKGLWKWWWW')  global_best=2.2640 log2  τ=1.90  β=0.095
Ep 111/2000  reward=+2.8109 log2  ep_best=4.1507 log2 ('RVARKLVRYVQGLRKWKVW')  global_best=2.2640 log2  τ=1.90  β=0.095
Ep 112/2000  reward=+4.4635 log2  ep_best=2.4981 log2 ('RLARKLVRFVKVAKKWWWW')  global_best=2.2640 log2  τ=1.90  β=0.095
Ep 113/2000  reward=+2.7272 log2  ep_best=4.2344 log2 ('RKGRWLVRRLKGLKKKKKW')  global_best=2.2640 log2  τ=1.90  β=0.095
Ep 114/2000  reward=+2.8188 log2  ep_best=4.1428 log2 ('RVGRKNVRFVKGLKKWWWW')  global_best=2.2640 log2  τ=1.90  β=0.095
Ep 115/2000  reward=+3.9254 log2  ep_best=3.0363 log2 ('RLARKLVRYVKGLRKWWRW')  global_best=2.2640 log2  τ=1.90  β=0.095
Ep 116/2000  reward=+4.1040 log2  ep_best=2.8577 log2 ('RLGRKLVRFVKGLKKWKWW')  global_best=2.2640 log2  τ=1.90  β=0.095
Ep 117/2000  reward=+4.5031 log2  ep_best=2.4585 log2 ('RLGRKLVRYVKGLWKWKRW')  global_best=2.2640 log2  τ=1.90  β=0.095
Ep 118/2000  reward=+4.0778 log2  ep_best=2.8839 log2 ('RVGRKLVRYVKGLWKWKRW')  global_best=2.2640 log2  τ=1.89  β=0.095
Ep 119/2000  reward=+4.2299 log2  ep_best=2.7317 log2 ('RVGRKLVRYIKGLWKWKRW')  global_best=2.2640 log2  τ=1.89  β=0.095
Ep 120/2000  reward=+3.3886 log2  ep_best=3.5730 log2 ('RLGRKLVRFVQGLKKWWRW')  global_best=2.2640 log2  τ=1.89  β=0.095
Ep 121/2000  reward=+4.1196 log2  ep_best=2.8421 log2 ('RGGRKLVRWKKFVRRLRWW')  global_best=2.2640 log2  τ=1.89  β=0.095
Ep 122/2000  reward=+4.1040 log2  ep_best=2.8577 log2 ('RLGRKLVRFVKGLKKWKWW')  global_best=2.2640 log2  τ=1.89  β=0.095
Ep 123/2000  reward=+3.0294 log2  ep_best=3.9323 log2 ('RVGRKLVRFVKGLWKWKRR')  global_best=2.2640 log2  τ=1.89  β=0.095
Ep 124/2000  reward=+3.3405 log2  ep_best=3.6212 log2 ('RVGRKNVRFVKGLWKWWRW')  global_best=2.2640 log2  τ=1.89  β=0.094
Ep 125/2000  reward=+3.0908 log2  ep_best=3.8708 log2 ('RVARKLVRYVKGLRRWRRW')  global_best=2.2640 log2  τ=1.89  β=0.094
Ep 126/2000  reward=+3.8476 log2  ep_best=3.1141 log2 ('RVGRKLVRYVKGLRKWKVW')  global_best=2.2640 log2  τ=1.89  β=0.094
Ep 127/2000  reward=+3.5540 log2  ep_best=3.4076 log2 ('RGGRKLVRFVKGLKKWWRF')  global_best=2.2640 log2  τ=1.89  β=0.094
Ep 128/2000  reward=+3.2736 log2  ep_best=3.6881 log2 ('RAGRKLVRFVKGLKKWWRI')  global_best=2.2640 log2  τ=1.89  β=0.094
Ep 129/2000  reward=+3.8362 log2  ep_best=3.1254 log2 ('RLARKLVRYVWGLRRWWRR')  global_best=2.2640 log2  τ=1.88  β=0.094
Ep 130/2000  reward=+4.0946 log2  ep_best=2.8671 log2 ('RLGRKLVRFVKGLKKWWWW')  global_best=2.2640 log2  τ=1.88  β=0.094
Ep 131/2000  reward=+4.1074 log2  ep_best=2.8543 log2 ('RLGRKLVRYVKGLRKWWRW')  global_best=2.2640 log2  τ=1.88  β=0.094
Ep 132/2000  reward=+2.8512 log2  ep_best=4.1105 log2 ('RVGRKLCRFLKHACRLWWK')  global_best=2.2640 log2  τ=1.88  β=0.094
Ep 133/2000  reward=+3.0676 log2  ep_best=3.8941 log2 ('RVGRKNVRYVLGLWWRRRW')  global_best=2.2640 log2  τ=1.88  β=0.094
Ep 134/2000  reward=+3.2869 log2  ep_best=3.6747 log2 ('RLGRKLVRFGKGLKKWWWR')  global_best=2.2640 log2  τ=1.88  β=0.094
Ep 135/2000  reward=+4.5031 log2  ep_best=2.4585 log2 ('RLGRKLVRYVKGLWKWKRW')  global_best=2.2640 log2  τ=1.88  β=0.094
Ep 136/2000  reward=+3.2182 log2  ep_best=3.7435 log2 ('RVGRKNVRYVKGLWWRWRW')  global_best=2.2640 log2  τ=1.88  β=0.094
Ep 137/2000  reward=+2.8188 log2  ep_best=4.1428 log2 ('RVGRKNVRFVKGLKKWWWW')  global_best=2.2640 log2  τ=1.88  β=0.094
Ep 138/2000  reward=+3.4858 log2  ep_best=3.4759 log2 ('RLGRKLVRYSKGLRRWWWW')  global_best=2.2640 log2  τ=1.88  β=0.094
Ep 139/2000  reward=+3.6741 log2  ep_best=3.2876 log2 ('RGARKLVRFVKGLWKWWRW')  global_best=2.2640 log2  τ=1.88  β=0.094
Ep 140/2000  reward=+2.5214 log2  ep_best=4.4402 log2 ('RVGRKLVRFVKGLKKRWRW')  global_best=2.2640 log2  τ=1.87  β=0.094
Ep 141/2000  reward=+2.6572 log2  ep_best=4.3045 log2 ('RGARKLVRYVQGLRWKKVW')  global_best=2.2640 log2  τ=1.87  β=0.094
Ep 142/2000  reward=+4.1963 log2  ep_best=2.7654 log2 ('RLGRKLVRYVKGLYKWKRW')  global_best=2.2640 log2  τ=1.87  β=0.094
Ep 143/2000  reward=+1.3061 log2  ep_best=5.6556 log2 ('RGARKLVRYVQGLKKKKFK')  global_best=2.2640 log2  τ=1.87  β=0.094
Ep 144/2000  reward=+3.3013 log2  ep_best=3.6604 log2 ('RVGRKLVRFVKGLWWRRRW')  global_best=2.2640 log2  τ=1.87  β=0.094
Ep 145/2000  reward=+4.4214 log2  ep_best=2.5403 log2 ('RLGRKLVRYVKVAWKWWRW')  global_best=2.2640 log2  τ=1.87  β=0.094
Ep 146/2000  reward=+2.8326 log2  ep_best=4.1290 log2 ('RVARNKVRFVNFMWWWWRR')  global_best=2.2640 log2  τ=1.87  β=0.093
Ep 147/2000  reward=+4.4214 log2  ep_best=2.5403 log2 ('RLGRKLVRYVKVAWKWWRW')  global_best=2.2640 log2  τ=1.87  β=0.093
Ep 148/2000  reward=+2.5519 log2  ep_best=4.4097 log2 ('RVGRKLVRYVQGLRRKWVK')  global_best=2.2640 log2  τ=1.87  β=0.093
Ep 149/2000  reward=+3.6719 log2  ep_best=3.2897 log2 ('RLGRKLVRFVKGLWKWWRR')  global_best=2.2640 log2  τ=1.87  β=0.093
Ep 150/2000  reward=+2.0987 log2  ep_best=4.8630 log2 ('RMGRKLVRYVQGLKKWKVN')  global_best=2.2640 log2  τ=1.87  β=0.093
Ep 151/2000  reward=+3.6105 log2  ep_best=3.3511 log2 ('RVGRKLVRFVKGLKKWWWW')  global_best=2.2640 log2  τ=1.86  β=0.093
Ep 152/2000  reward=+4.4586 log2  ep_best=2.5030 log2 ('RLGRKLVRFVKVAWKWWWW')  global_best=2.2640 log2  τ=1.86  β=0.093
Ep 153/2000  reward=+3.8921 log2  ep_best=3.0695 log2 ('RVGRKLVRYVKGLWKWWRW')  global_best=2.2640 log2  τ=1.86  β=0.093
Ep 154/2000  reward=+3.6954 log2  ep_best=3.2663 log2 ('RVGRKLVRFVKGLKKWWRF')  global_best=2.2640 log2  τ=1.86  β=0.093
Ep 155/2000  reward=+4.2408 log2  ep_best=2.7208 log2 ('RLARKLVRYVKVAWRWWRR')  global_best=2.2640 log2  τ=1.86  β=0.093
Ep 156/2000  reward=+2.4241 log2  ep_best=4.5376 log2 ('RMGRKLVRYTQGLYRKWVK')  global_best=2.2640 log2  τ=1.86  β=0.093
Ep 157/2000  reward=+2.6538 log2  ep_best=4.3079 log2 ('RVARKLVRYGKGLYRKRWW')  global_best=2.2640 log2  τ=1.86  β=0.093
Ep 158/2000  reward=+3.8817 log2  ep_best=3.0799 log2 ('RLSRKLVRFVKGLKKWKWW')  global_best=2.2640 log2  τ=1.86  β=0.093
Ep 159/2000  reward=+3.8252 log2  ep_best=3.1365 log2 ('RVARKNVRYVKVAWWRWRW')  global_best=2.2640 log2  τ=1.86  β=0.093
Ep 160/2000  reward=+2.8000 log2  ep_best=4.1616 log2 ('RVGRKKVRRVWVLRRRRFR')  global_best=2.2640 log2  τ=1.86  β=0.093
Ep 161/2000  reward=+3.3510 log2  ep_best=3.6107 log2 ('RVGRKNVRFVLGLWKRWWW')  global_best=2.2640 log2  τ=1.86  β=0.093
Ep 162/2000  reward=+4.1074 log2  ep_best=2.8543 log2 ('RLGRKLVRYVKGLRKWWRW')  global_best=2.2640 log2  τ=1.86  β=0.093
Ep 163/2000  reward=+2.1443 log2  ep_best=4.8173 log2 ('RVGRKNVRYVNGLWKRWRR')  global_best=2.2640 log2  τ=1.85  β=0.093
Ep 164/2000  reward=+2.7737 log2  ep_best=4.1879 log2 ('RGGRKLVRFVQGLKKWKVK')  global_best=2.2640 log2  τ=1.85  β=0.093
Ep 165/2000  reward=+3.8644 log2  ep_best=3.0972 log2 ('RLGRKLVRYVKVARKWWRW')  global_best=2.2640 log2  τ=1.85  β=0.093
Ep 166/2000  reward=+3.7460 log2  ep_best=3.2156 log2 ('RVARNKVRYVNVAWWRKRW')  global_best=2.2640 log2  τ=1.85  β=0.093
Ep 167/2000  reward=+3.9702 log2  ep_best=2.9914 log2 ('RLGRKLVRFLKGLKKWWWR')  global_best=2.2640 log2  τ=1.85  β=0.093
Ep 168/2000  reward=+2.1744 log2  ep_best=4.7872 log2 ('RVARNKFRRGKVAWWRWRW')  global_best=2.2640 log2  τ=1.85  β=0.092
Ep 169/2000  reward=+3.9742 log2  ep_best=2.9874 log2 ('RLARKLVRFVKGLKKWWWW')  global_best=2.2640 log2  τ=1.85  β=0.092
Ep 170/2000  reward=+2.4986 log2  ep_best=4.4630 log2 ('RLARKLYRRGKGAWWRWRW')  global_best=2.2640 log2  τ=1.85  β=0.092
Ep 171/2000  reward=+4.2566 log2  ep_best=2.7050 log2 ('RLARKLVRYVKVAYRKWRW')  global_best=2.2640 log2  τ=1.85  β=0.092
Ep 172/2000  reward=+4.0778 log2  ep_best=2.8839 log2 ('RVGRKLVRYVKGLWKWKRW')  global_best=2.2640 log2  τ=1.85  β=0.092
Ep 173/2000  reward=+3.2736 log2  ep_best=3.6881 log2 ('RAGRKLVRFVKGLKKWWRI')  global_best=2.2640 log2  τ=1.85  β=0.092
Ep 174/2000  reward=+3.6073 log2  ep_best=3.3543 log2 ('RLGRKLVRYLRGLRKKKWK')  global_best=2.2640 log2  τ=1.84  β=0.092
Ep 175/2000  reward=+3.8855 log2  ep_best=3.0762 log2 ('RLARKLVRYVKGLWRKRRW')  global_best=2.2640 log2  τ=1.84  β=0.092
Ep 176/2000  reward=+1.9053 log2  ep_best=5.0564 log2 ('RVARKLCRRLKGMRRKWWK')  global_best=2.2640 log2  τ=1.84  β=0.092
Ep 177/2000  reward=+3.6193 log2  ep_best=3.3424 log2 ('RVARKLVRFVKGLWKKKYK')  global_best=2.2640 log2  τ=1.84  β=0.092
Ep 178/2000  reward=+4.1021 log2  ep_best=2.8595 log2 ('RLGRKLVRFVKGLWKWKRW')  global_best=2.2640 log2  τ=1.84  β=0.092
Ep 179/2000  reward=+3.7872 log2  ep_best=3.1744 log2 ('RLGRKLVRFLKGLKKWKWR')  global_best=2.2640 log2  τ=1.84  β=0.092
Ep 180/2000  reward=+2.5757 log2  ep_best=4.3860 log2 ('RLARKKVRYVWGARRRRYW')  global_best=2.2640 log2  τ=1.84  β=0.092
Ep 181/2000  reward=+3.6105 log2  ep_best=3.3511 log2 ('RVGRKLVRFVKGLKKWWWW')  global_best=2.2640 log2  τ=1.84  β=0.092
Ep 182/2000  reward=+4.2474 log2  ep_best=2.7143 log2 ('RLARKLVRYVKVAWWRWRW')  global_best=2.2640 log2  τ=1.84  β=0.092
Ep 183/2000  reward=+2.5547 log2  ep_best=4.4070 log2 ('RVGRKNVRYGLGLKKRWWW')  global_best=2.2640 log2  τ=1.84  β=0.092
Ep 184/2000  reward=+3.7354 log2  ep_best=3.2262 log2 ('RVGRKLVRFVKGLWKWWRW')  global_best=2.2640 log2  τ=1.84  β=0.092
Ep 185/2000  reward=+3.1281 log2  ep_best=3.8335 log2 ('RVGRKLVRFVQGLKKWKVK')  global_best=2.2640 log2  τ=1.83  β=0.092
Ep 186/2000  reward=+3.7043 log2  ep_best=3.2574 log2 ('RKGRKLVRRIKVAWRKWVW')  global_best=2.2640 log2  τ=1.83  β=0.092
Ep 187/2000  reward=+3.8817 log2  ep_best=3.0799 log2 ('RLSRKLVRFVKGLKKWKWW')  global_best=2.2640 log2  τ=1.83  β=0.092
Ep 188/2000  reward=+2.7784 log2  ep_best=4.1833 log2 ('RVGRKNVRYIQGLWRKRVW')  global_best=2.2640 log2  τ=1.83  β=0.092
Ep 189/2000  reward=+4.1074 log2  ep_best=2.8543 log2 ('RLGRKLVRYVKGLRKWWRW')  global_best=2.2640 log2  τ=1.83  β=0.092
Ep 190/2000  reward=+2.4826 log2  ep_best=4.4791 log2 ('RMGRKLVRYLQGLRRKWVK')  global_best=2.2640 log2  τ=1.83  β=0.091
Ep 191/2000  reward=+1.8648 log2  ep_best=5.0969 log2 ('RMGRKLVRFVQGLKKWKVN')  global_best=2.2640 log2  τ=1.83  β=0.091
Ep 192/2000  reward=+3.9208 log2  ep_best=3.0408 log2 ('RVGRKLVRYVKGLWKRWRW')  global_best=2.2640 log2  τ=1.83  β=0.091
Ep 193/2000  reward=+3.6097 log2  ep_best=3.3519 log2 ('RLGRKLVRFVKGLKKWKRW')  global_best=2.2640 log2  τ=1.83  β=0.091
Ep 194/2000  reward=+3.3561 log2  ep_best=3.6055 log2 ('RGGRKLVRFVKGLWKRWRW')  global_best=2.2640 log2  τ=1.83  β=0.091
Ep 195/2000  reward=+4.0429 log2  ep_best=2.9188 log2 ('RLARKLVRFVKVAWWRWWW')  global_best=2.2640 log2  τ=1.83  β=0.091
Ep 196/2000  reward=+3.4435 log2  ep_best=3.5181 log2 ('RVGRKLVRFVKGLWKRWRW')  global_best=2.2640 log2  τ=1.82  β=0.091
Ep 197/2000  reward=+3.9323 log2  ep_best=3.0294 log2 ('RVARKLVRYVKVARYKWWW')  global_best=2.2640 log2  τ=1.82  β=0.091
Ep 198/2000  reward=+3.1329 log2  ep_best=3.8287 log2 ('RSGRKLVRFVKGLKWWWYR')  global_best=2.2640 log2  τ=1.82  β=0.091
Ep 199/2000  reward=+3.6635 log2  ep_best=3.2981 log2 ('RVARNKVRYVLVAWWRKRW')  global_best=2.2640 log2  τ=1.82  β=0.091
Ep 200/2000  reward=+3.0904 log2  ep_best=3.8713 log2 ('RVARKNVRFVKGLWKWKRW')  global_best=2.2640 log2  τ=1.82  β=0.091
Ep 201/2000  reward=+3.4595 log2  ep_best=3.5022 log2 ('RVARKLVRYVKGLRRWWWW')  global_best=2.2640 log2  τ=1.82  β=0.091
Ep 202/2000  reward=+3.2283 log2  ep_best=3.7333 log2 ('RLARKLVRFGKGLKKWWWW')  global_best=2.2640 log2  τ=1.82  β=0.091
Ep 203/2000  reward=+4.0778 log2  ep_best=2.8839 log2 ('RVGRKLVRYVKGLWKWKRW')  global_best=2.2640 log2  τ=1.82  β=0.091
Ep 204/2000  reward=+2.6514 log2  ep_best=4.3103 log2 ('RVARNLVRFVKGLWWRKRR')  global_best=2.2640 log2  τ=1.82  β=0.091
Ep 205/2000  reward=+2.3980 log2  ep_best=4.5637 log2 ('RGARKLVRYVQGLRKWKVK')  global_best=2.2640 log2  τ=1.82  β=0.091
Ep 206/2000  reward=+3.3636 log2  ep_best=3.5980 log2 ('RVARNNVRFVKVAWKRWRW')  global_best=2.2640 log2  τ=1.82  β=0.091
Ep 207/2000  reward=+2.6538 log2  ep_best=4.3078 log2 ('RVGRKLVRYVQGLRKWKVW')  global_best=2.2640 log2  τ=1.81  β=0.091
Ep 208/2000  reward=+4.0778 log2  ep_best=2.8839 log2 ('RVGRKLVRYVKGLWKWKRW')  global_best=2.2640 log2  τ=1.81  β=0.091
Ep 209/2000  reward=+4.1040 log2  ep_best=2.8577 log2 ('RLGRKLVRFVKGLKKWKWW')  global_best=2.2640 log2  τ=1.81  β=0.091
Ep 210/2000  reward=+3.3824 log2  ep_best=3.5793 log2 ('RLGRKLVRRVQGLWRKRVW')  global_best=2.2640 log2  τ=1.81  β=0.091
Ep 211/2000  reward=+3.7354 log2  ep_best=3.2262 log2 ('RVGRKLVRFVKGLWKWWRW')  global_best=2.2640 log2  τ=1.81  β=0.091
Ep 212/2000  reward=+3.5122 log2  ep_best=3.4494 log2 ('RVARKKVRYVNVAWWRWRR')  global_best=2.2640 log2  τ=1.81  β=0.091
Ep 213/2000  reward=+3.1143 log2  ep_best=3.8474 log2 ('RVARKNVRFVKGLKKWWWW')  global_best=2.2640 log2  τ=1.81  β=0.090
Ep 214/2000  reward=+3.9208 log2  ep_best=3.0408 log2 ('RVGRKLVRYVKGLWKRWRW')  global_best=2.2640 log2  τ=1.81  β=0.090
Ep 215/2000  reward=+3.1869 log2  ep_best=3.7748 log2 ('RVGRKLVRYVKGLRRWRRW')  global_best=2.2640 log2  τ=1.81  β=0.090
Ep 216/2000  reward=+3.4041 log2  ep_best=3.5575 log2 ('RLARKLVRFVKGLWKWKRR')  global_best=2.2640 log2  τ=1.81  β=0.090
Ep 217/2000  reward=+1.5687 log2  ep_best=5.3930 log2 ('RVARNLCRRVKVGWKRWRW')  global_best=2.2640 log2  τ=1.81  β=0.090
Ep 218/2000  reward=+3.1353 log2  ep_best=3.8263 log2 ('RVARKLVRYGKVAWWRWRR')  global_best=2.2640 log2  τ=1.80  β=0.090
Ep 219/2000  reward=+3.8817 log2  ep_best=3.0799 log2 ('RLSRKLVRFVKGLKKWKWW')  global_best=2.2640 log2  τ=1.80  β=0.090
Ep 220/2000  reward=+2.6845 log2  ep_best=4.2772 log2 ('RGGRKNVRYKKVLRRWRVW')  global_best=2.2640 log2  τ=1.80  β=0.090
Ep 221/2000  reward=+4.3862 log2  ep_best=2.5754 log2 ('RLARKLVRYVKVARKWWWW')  global_best=2.2640 log2  τ=1.80  β=0.090
Ep 222/2000  reward=+3.1061 log2  ep_best=3.8555 log2 ('RVGRKNVRYVKVAWWRWWW')  global_best=2.2640 log2  τ=1.80  β=0.090
Ep 223/2000  reward=+3.9878 log2  ep_best=2.9738 log2 ('RLGRKLVRYVKGLYRWKRW')  global_best=2.2640 log2  τ=1.80  β=0.090
Ep 224/2000  reward=+3.8240 log2  ep_best=3.1376 log2 ('RVGRKLVRFVKGLWKWKRF')  global_best=2.2640 log2  τ=1.80  β=0.090
Ep 225/2000  reward=+3.5272 log2  ep_best=3.4344 log2 ('RVGRKNVRYVLGLWKRWRW')  global_best=2.2640 log2  τ=1.80  β=0.090
Ep 226/2000  reward=+3.6730 log2  ep_best=3.2887 log2 ('RLGRKKVRYLKGLWRRRRW')  global_best=2.2640 log2  τ=1.80  β=0.090
Ep 227/2000  reward=+3.6106 log2  ep_best=3.3510 log2 ('RVARKLVRFVKGLWKWKRW')  global_best=2.2640 log2  τ=1.80  β=0.090
Ep 228/2000  reward=+4.5265 log2  ep_best=2.4352 log2 ('RLSRKLVRYVKVAWWRWRW')  global_best=2.2640 log2  τ=1.80  β=0.090
Ep 229/2000  reward=+4.1074 log2  ep_best=2.8543 log2 ('RLGRKLVRYVKGLRKWWRW')  global_best=2.2640 log2  τ=1.79  β=0.090
Ep 230/2000  reward=+3.2910 log2  ep_best=3.6706 log2 ('RVGRKLVRRKKVAWKWKLK')  global_best=2.2640 log2  τ=1.79  β=0.090
Ep 231/2000  reward=+4.1016 log2  ep_best=2.8600 log2 ('RLGRKLVRFVKVAKKWWWW')  global_best=2.2640 log2  τ=1.79  β=0.090
Ep 232/2000  reward=+3.9835 log2  ep_best=2.9781 log2 ('RLARKLVRFVKGLWKWKRW')  global_best=2.2640 log2  τ=1.79  β=0.090
Ep 233/2000  reward=+3.7197 log2  ep_best=3.2420 log2 ('RLARKKVRYVWVAYRKRRW')  global_best=2.2640 log2  τ=1.79  β=0.090
Ep 234/2000  reward=+2.0150 log2  ep_best=4.9466 log2 ('RVARKLCRRVKVGRFKWWW')  global_best=2.2640 log2  τ=1.79  β=0.090
Ep 235/2000  reward=+3.7665 log2  ep_best=3.1951 log2 ('RGGRKLVRYVKGLRKWKVW')  global_best=2.2640 log2  τ=1.79  β=0.089
Ep 236/2000  reward=+2.8970 log2  ep_best=4.0646 log2 ('RGGRKLVRYVKGLRRWRRW')  global_best=2.2640 log2  τ=1.79  β=0.089
Ep 237/2000  reward=+0.9780 log2  ep_best=5.9836 log2 ('RMARNLVRFGKGLKKRKRI')  global_best=2.2640 log2  τ=1.79  β=0.089
Ep 238/2000  reward=+3.2377 log2  ep_best=3.7240 log2 ('RLGRKNVRFVKGLKKWWWW')  global_best=2.2640 log2  τ=1.79  β=0.089
Ep 239/2000  reward=+3.1799 log2  ep_best=3.7818 log2 ('RLGRKLVRFGKGLKKWWWW')  global_best=2.2640 log2  τ=1.79  β=0.089
Ep 240/2000  reward=+3.9946 log2  ep_best=2.9670 log2 ('RLARKLVRYVKVAWWWWRW')  global_best=2.2640 log2  τ=1.78  β=0.089
Ep 241/2000  reward=+3.9208 log2  ep_best=3.0408 log2 ('RVGRKLVRYVKGLWKRWRW')  global_best=2.2640 log2  τ=1.78  β=0.089
Ep 242/2000  reward=+3.9254 log2  ep_best=3.0363 log2 ('RLARKLVRYVKGLRKWWRW')  global_best=2.2640 log2  τ=1.78  β=0.089
Ep 243/2000  reward=+1.4064 log2  ep_best=5.5553 log2 ('RVARKLCRRIKGLRKKWRW')  global_best=2.2640 log2  τ=1.78  β=0.089
Ep 244/2000  reward=+3.6105 log2  ep_best=3.3511 log2 ('RVGRKLVRFVKGLKKWWWW')  global_best=2.2640 log2  τ=1.78  β=0.089
Ep 245/2000  reward=+2.3929 log2  ep_best=4.5688 log2 ('RVGRKNVRFVKGLKWRWCW')  global_best=2.2640 log2  τ=1.78  β=0.089
Ep 246/2000  reward=+4.1074 log2  ep_best=2.8543 log2 ('RLGRKLVRYVKGLRKWWRW')  global_best=2.2640 log2  τ=1.78  β=0.089
Ep 247/2000  reward=+4.0778 log2  ep_best=2.8839 log2 ('RVGRKLVRYVKGLWKWKRW')  global_best=2.2640 log2  τ=1.78  β=0.089
Ep 248/2000  reward=+2.6450 log2  ep_best=4.3166 log2 ('RGARKLVRFVKGLWKRKYR')  global_best=2.2640 log2  τ=1.78  β=0.089
Ep 249/2000  reward=+2.8089 log2  ep_best=4.1527 log2 ('RVGRKLVRFVKGLWKRWRR')  global_best=2.2640 log2  τ=1.78  β=0.089
Ep 250/2000  reward=+3.5508 log2  ep_best=3.4109 log2 ('RVARNLVRYVKGLWKRWRW')  global_best=2.2640 log2  τ=1.78  β=0.089
Ep 251/2000  reward=+4.0778 log2  ep_best=2.8839 log2 ('RVGRKLVRYVKGLWKWKRW')  global_best=2.2640 log2  τ=1.77  β=0.089
Ep 252/2000  reward=+3.4557 log2  ep_best=3.5060 log2 ('RVARKLVRFVKVAWWRWRR')  global_best=2.2640 log2  τ=1.77  β=0.089
Ep 253/2000  reward=+3.2673 log2  ep_best=3.6944 log2 ('RVARKLVRFLKGLRWRKRF')  global_best=2.2640 log2  τ=1.77  β=0.089
Ep 254/2000  reward=+4.4635 log2  ep_best=2.4981 log2 ('RLARKLVRFVKVAKKWWWW')  global_best=2.2640 log2  τ=1.77  β=0.089
Ep 255/2000  reward=+3.3176 log2  ep_best=3.6441 log2 ('RMARKLVRYVKGLKKWKYI')  global_best=2.2640 log2  τ=1.77  β=0.089
Ep 256/2000  reward=+2.9666 log2  ep_best=3.9950 log2 ('RLGRKLVRFGKGLKKWKRW')  global_best=2.2640 log2  τ=1.77  β=0.089
Ep 257/2000  reward=+4.7994 log2  ep_best=2.1622 log2 ('RLARKLVRFVKVAWKWWWW')  global_best=2.1622 log2  τ=1.77  β=0.088
Ep 258/2000  reward=+3.3184 log2  ep_best=3.6432 log2 ('RVGRKNVRYVKVAWWRWRW')  global_best=2.1622 log2  τ=1.77  β=0.088
Ep 259/2000  reward=+2.1857 log2  ep_best=4.7759 log2 ('RMARNLVRFVKGLWKRKRK')  global_best=2.1622 log2  τ=1.77  β=0.088
Ep 260/2000  reward=+3.8252 log2  ep_best=3.1365 log2 ('RVARKNVRYVKVAWWRWRW')  global_best=2.1622 log2  τ=1.77  β=0.088
Ep 261/2000  reward=+3.5980 log2  ep_best=3.3636 log2 ('RGARKLVRFVKGLWKWKRI')  global_best=2.1622 log2  τ=1.77  β=0.088
Ep 262/2000  reward=+3.6602 log2  ep_best=3.3014 log2 ('RKGRWLVRFGKGLKKWLWW')  global_best=2.1622 log2  τ=1.76  β=0.088
Ep 263/2000  reward=+3.6105 log2  ep_best=3.3511 log2 ('RVGRKLVRFVKGLKKWWWW')  global_best=2.1622 log2  τ=1.76  β=0.088
Ep 264/2000  reward=+3.1783 log2  ep_best=3.7833 log2 ('RVGRKNVRYVKGLWWRRRW')  global_best=2.1622 log2  τ=1.76  β=0.088
Ep 265/2000  reward=+2.5195 log2  ep_best=4.4421 log2 ('RSGRKLVRRKWGLKKKKVW')  global_best=2.1622 log2  τ=1.76  β=0.088
Ep 266/2000  reward=+2.9281 log2  ep_best=4.0336 log2 ('RVARKLFRYVKGLRKKKWK')  global_best=2.1622 log2  τ=1.76  β=0.088
Ep 267/2000  reward=+3.5272 log2  ep_best=3.4344 log2 ('RVGRKNVRYVLGLWKRWRW')  global_best=2.1622 log2  τ=1.76  β=0.088
Ep 268/2000  reward=+2.3241 log2  ep_best=4.6376 log2 ('RGGRKLVRRLKGLRKKKVW')  global_best=2.1622 log2  τ=1.76  β=0.088
Ep 269/2000  reward=+3.4396 log2  ep_best=3.5221 log2 ('RVGRKNVRYVKVAKWWWRW')  global_best=2.1622 log2  τ=1.76  β=0.088
Ep 270/2000  reward=+2.9066 log2  ep_best=4.0551 log2 ('RLARKLVRFVLVMWWRWRR')  global_best=2.1622 log2  τ=1.76  β=0.088
Ep 271/2000  reward=+4.4007 log2  ep_best=2.5609 log2 ('RLGRKLVRRVWGLKRKWVW')  global_best=2.1622 log2  τ=1.76  β=0.088
Ep 272/2000  reward=+3.7069 log2  ep_best=3.2547 log2 ('RGGRKLVRFVKGLWKWKRW')  global_best=2.1622 log2  τ=1.76  β=0.088
Ep 273/2000  reward=+2.7204 log2  ep_best=4.2412 log2 ('RGGRKLVRYKKVLRRWRCW')  global_best=2.1622 log2  τ=1.76  β=0.088
Ep 274/2000  reward=+3.0456 log2  ep_best=3.9161 log2 ('RVGRKLVRYVQGLKKWKVK')  global_best=2.1622 log2  τ=1.75  β=0.088
Ep 275/2000  reward=+2.7611 log2  ep_best=4.2006 log2 ('RVGRKNVRFVKVGWKWWWW')  global_best=2.1622 log2  τ=1.75  β=0.088
Ep 276/2000  reward=+3.7354 log2  ep_best=3.2262 log2 ('RVGRKLVRFVKGLWKWWRW')  global_best=2.1622 log2  τ=1.75  β=0.088
Ep 277/2000  reward=+3.9946 log2  ep_best=2.9670 log2 ('RLARKLVRYVKVAWWWWRW')  global_best=2.1622 log2  τ=1.75  β=0.088
Ep 278/2000  reward=+4.1455 log2  ep_best=2.8161 log2 ('RLGRKLVRYLKGLRRWWWW')  global_best=2.1622 log2  τ=1.75  β=0.088
Ep 279/2000  reward=+2.5084 log2  ep_best=4.4533 log2 ('RVGRKKVRYVWGLRRWRCW')  global_best=2.1622 log2  τ=1.75  β=0.087
Ep 280/2000  reward=+3.7358 log2  ep_best=3.2259 log2 ('RLGRKLVRFVKGLKKWWWR')  global_best=2.1622 log2  τ=1.75  β=0.087
Ep 281/2000  reward=+3.9341 log2  ep_best=3.0275 log2 ('RVGRKLVRRKWGLKKWKVW')  global_best=2.1622 log2  τ=1.75  β=0.087
Ep 282/2000  reward=+2.1686 log2  ep_best=4.7931 log2 ('RVGRKLVRFVQGLKKKKFK')  global_best=2.1622 log2  τ=1.75  β=0.087
Ep 283/2000  reward=+3.9208 log2  ep_best=3.0408 log2 ('RVGRKLVRYVKGLWKRWRW')  global_best=2.1622 log2  τ=1.75  β=0.087
Ep 284/2000  reward=+3.8900 log2  ep_best=3.0716 log2 ('RLGRKLVRFLKGLCRLWWK')  global_best=2.1622 log2  τ=1.75  β=0.087
Ep 285/2000  reward=+3.7731 log2  ep_best=3.1886 log2 ('RVGRKLVRYVKVAWKRWRW')  global_best=2.1622 log2  τ=1.74  β=0.087
Ep 286/2000  reward=+3.8811 log2  ep_best=3.0805 log2 ('RVARKLVRRLKVMWRWWRR')  global_best=2.1622 log2  τ=1.74  β=0.087
Ep 287/2000  reward=+1.6553 log2  ep_best=5.3064 log2 ('RAGRKLVRYVQGLYRKWVK')  global_best=2.1622 log2  τ=1.74  β=0.087
Ep 288/2000  reward=+2.6499 log2  ep_best=4.3117 log2 ('RMARKLVRFVKGLKWRKYR')  global_best=2.1622 log2  τ=1.74  β=0.087
Ep 289/2000  reward=+3.3184 log2  ep_best=3.6432 log2 ('RVGRKNVRYVKVAWWRWRW')  global_best=2.1622 log2  τ=1.74  β=0.087
Ep 290/2000  reward=+2.6809 log2  ep_best=4.2807 log2 ('RLGRKLVRFGKGLKWRKYR')  global_best=2.1622 log2  τ=1.74  β=0.087
Ep 291/2000  reward=+3.5646 log2  ep_best=3.3970 log2 ('RLARKLVRRVWGLRWKWCW')  global_best=2.1622 log2  τ=1.74  β=0.087
Ep 292/2000  reward=+3.3418 log2  ep_best=3.6199 log2 ('RVGRKLVRFVKGLWKWWRR')  global_best=2.1622 log2  τ=1.74  β=0.087
Ep 293/2000  reward=+3.4824 log2  ep_best=3.4793 log2 ('RVGRKNVRYVKGLWKRWWW')  global_best=2.1622 log2  τ=1.74  β=0.087
Ep 294/2000  reward=+3.5586 log2  ep_best=3.4031 log2 ('RVARKLVRYVKGLRKWWRW')  global_best=2.1622 log2  τ=1.74  β=0.087
Ep 295/2000  reward=+3.5228 log2  ep_best=3.4388 log2 ('RLGRKLVRYVKGLRRWWRR')  global_best=2.1622 log2  τ=1.74  β=0.087
Ep 296/2000  reward=+3.9768 log2  ep_best=2.9849 log2 ('RVARKLVRYVKVAWWRWRR')  global_best=2.1622 log2  τ=1.73  β=0.087
Ep 297/2000  reward=+3.0797 log2  ep_best=3.8820 log2 ('RLARKLVRRVKGLRRKWWW')  global_best=2.1622 log2  τ=1.73  β=0.087
Ep 298/2000  reward=+3.9183 log2  ep_best=3.0433 log2 ('RLGRKLVRFVKGLYKWKRW')  global_best=2.1622 log2  τ=1.73  β=0.087
Ep 299/2000  reward=+2.7003 log2  ep_best=4.2613 log2 ('RVGRKNVRFVKGLWKWWRR')  global_best=2.1622 log2  τ=1.73  β=0.087
Ep 300/2000  reward=+3.7011 log2  ep_best=3.2606 log2 ('RVGRKLVRFVKGLWKWKRW')  global_best=2.1622 log2  τ=1.73  β=0.087
Ep 301/2000  reward=+3.9835 log2  ep_best=2.9781 log2 ('RLARKLVRFVKGLWKWKRW')  global_best=2.1622 log2  τ=1.73  β=0.086
Ep 302/2000  reward=+3.4251 log2  ep_best=3.5366 log2 ('RLARKLVRYVKVGRKWWWW')  global_best=2.1622 log2  τ=1.73  β=0.086
Ep 303/2000  reward=+3.3020 log2  ep_best=3.6597 log2 ('RGGRKLVRFVKGLKKWKFI')  global_best=2.1622 log2  τ=1.73  β=0.086
Ep 304/2000  reward=+3.6163 log2  ep_best=3.3453 log2 ('RVMRKLYRRLKGMKRWRLW')  global_best=2.1622 log2  τ=1.73  β=0.086
Ep 305/2000  reward=+3.9208 log2  ep_best=3.0408 log2 ('RVGRKLVRYVKGLWKRWRW')  global_best=2.1622 log2  τ=1.73  β=0.086
Ep 306/2000  reward=+3.9702 log2  ep_best=2.9914 log2 ('RLGRKLVRFLKGLKKWWWR')  global_best=2.1622 log2  τ=1.73  β=0.086
Ep 307/2000  reward=+2.2206 log2  ep_best=4.7410 log2 ('RGGRKLVRFVKGLKKWKRK')  global_best=2.1622 log2  τ=1.72  β=0.086
Ep 308/2000  reward=+3.6105 log2  ep_best=3.3511 log2 ('RVGRKLVRFVKGLKKWWWW')  global_best=2.1622 log2  τ=1.72  β=0.086
Ep 309/2000  reward=+1.8073 log2  ep_best=5.1543 log2 ('RVARNLVRFVKGAWKRWRR')  global_best=2.1622 log2  τ=1.72  β=0.086
Ep 310/2000  reward=+3.3686 log2  ep_best=3.5930 log2 ('RVARKLVRYIQGLRWKKVW')  global_best=2.1622 log2  τ=1.72  β=0.086
Ep 311/2000  reward=+3.1510 log2  ep_best=3.8107 log2 ('RVGRKLVRFVKGLWWRWRR')  global_best=2.1622 log2  τ=1.72  β=0.086
Ep 312/2000  reward=+2.7737 log2  ep_best=4.1879 log2 ('RGGRKLVRFVQGLKKWKVK')  global_best=2.1622 log2  τ=1.72  β=0.086
Ep 313/2000  reward=+3.9083 log2  ep_best=3.0533 log2 ('RVARKKVRYVKVAWKRWWW')  global_best=2.1622 log2  τ=1.72  β=0.086
Ep 314/2000  reward=+3.6097 log2  ep_best=3.3519 log2 ('RLGRKLVRFVKGLKKWKRW')  global_best=2.1622 log2  τ=1.72  β=0.086
Ep 315/2000  reward=+3.7731 log2  ep_best=3.1886 log2 ('RVGRKLVRYVKVAWKRWRW')  global_best=2.1622 log2  τ=1.72  β=0.086
Ep 316/2000  reward=+4.0954 log2  ep_best=2.8662 log2 ('RLSRKLVRFVKGLKKWWWW')  global_best=2.1622 log2  τ=1.72  β=0.086
Ep 317/2000  reward=+3.6906 log2  ep_best=3.2711 log2 ('RVARKNVRYVKGLWKRWWW')  global_best=2.1622 log2  τ=1.72  β=0.086
Ep 318/2000  reward=+2.3359 log2  ep_best=4.6258 log2 ('RLARKLCRRVKGARYLRWW')  global_best=2.1622 log2  τ=1.71  β=0.086
Ep 319/2000  reward=+3.9878 log2  ep_best=2.9738 log2 ('RLGRKLVRYVKGLYRWKRW')  global_best=2.1622 log2  τ=1.71  β=0.086
Ep 320/2000  reward=+4.2213 log2  ep_best=2.7403 log2 ('RVARKLVRRLWGLKKKKVW')  global_best=2.1622 log2  τ=1.71  β=0.086
Ep 321/2000  reward=+3.2245 log2  ep_best=3.7371 log2 ('RVARKLVRYVWVARRKRRW')  global_best=2.1622 log2  τ=1.71  β=0.086
Ep 322/2000  reward=+3.7091 log2  ep_best=3.2525 log2 ('RVARKKVRYVKGLWKRWWW')  global_best=2.1622 log2  τ=1.71  β=0.086
Ep 323/2000  reward=+3.9787 log2  ep_best=2.9830 log2 ('RMGRKLVRWLKGLKKWKFI')  global_best=2.1622 log2  τ=1.71  β=0.086
Ep 324/2000  reward=+1.8713 log2  ep_best=5.0903 log2 ('RGGRKLVRYKQVLRRKRVW')  global_best=2.1622 log2  τ=1.71  β=0.085
Ep 325/2000  reward=+3.3184 log2  ep_best=3.6432 log2 ('RVGRKNVRYVKVAWWRWRW')  global_best=2.1622 log2  τ=1.71  β=0.085
Ep 326/2000  reward=+3.2182 log2  ep_best=3.7435 log2 ('RVGRKNVRYVKGLWWRWRW')  global_best=2.1622 log2  τ=1.71  β=0.085
Ep 327/2000  reward=+4.3343 log2  ep_best=2.6274 log2 ('RLARKLVRFVKVAWKWWRW')  global_best=2.1622 log2  τ=1.71  β=0.085
Ep 328/2000  reward=+3.4368 log2  ep_best=3.5248 log2 ('RLARKLVRFVKGLYYKKWK')  global_best=2.1622 log2  τ=1.71  β=0.085
Ep 329/2000  reward=+4.1074 log2  ep_best=2.8543 log2 ('RLGRKLVRYVKGLRKWWRW')  global_best=2.1622 log2  τ=1.70  β=0.085
Ep 330/2000  reward=+2.9258 log2  ep_best=4.0359 log2 ('RGARKLVRYVQGLKKWKVK')  global_best=2.1622 log2  τ=1.70  β=0.085
Ep 331/2000  reward=+4.1422 log2  ep_best=2.8195 log2 ('RVARKLVRFVKVAKKWWWW')  global_best=2.1622 log2  τ=1.70  β=0.085
Ep 332/2000  reward=+3.3807 log2  ep_best=3.5810 log2 ('RGARKLVRFVKGLKKWWRI')  global_best=2.1622 log2  τ=1.70  β=0.085
Ep 333/2000  reward=+2.7489 log2  ep_best=4.2128 log2 ('RSGRKLVRFVKGLRRKWVW')  global_best=2.1622 log2  τ=1.70  β=0.085
Ep 334/2000  reward=+2.1952 log2  ep_best=4.7664 log2 ('RVGRKLVRYVQGLRRKWVN')  global_best=2.1622 log2  τ=1.70  β=0.085
Ep 335/2000  reward=+3.9863 log2  ep_best=2.9754 log2 ('RLGRKNVRRVWGLYRLRWK')  global_best=2.1622 log2  τ=1.70  β=0.085
Ep 336/2000  reward=+3.9167 log2  ep_best=3.0450 log2 ('RVGRKLVRRLKGLKKWKVW')  global_best=2.1622 log2  τ=1.70  β=0.085
Ep 337/2000  reward=+3.7069 log2  ep_best=3.2547 log2 ('RGGRKLVRFVKGLWKWKRW')  global_best=2.1622 log2  τ=1.70  β=0.085
Ep 338/2000  reward=+2.9258 log2  ep_best=4.0359 log2 ('RGARKLVRYVQGLKKWKVK')  global_best=2.1622 log2  τ=1.70  β=0.085
Ep 339/2000  reward=+2.1549 log2  ep_best=4.8067 log2 ('RVGRKLVRRKKGLKKWKVK')  global_best=2.1622 log2  τ=1.70  β=0.085
Ep 340/2000  reward=+2.8314 log2  ep_best=4.1302 log2 ('RVARKLVRFVKGLKKKKWK')  global_best=2.1622 log2  τ=1.69  β=0.085
Ep 341/2000  reward=+3.7669 log2  ep_best=3.1948 log2 ('RLARKLVRFVKGLRKWWWW')  global_best=2.1622 log2  τ=1.69  β=0.085
Ep 342/2000  reward=+2.7083 log2  ep_best=4.2533 log2 ('RVGRKKVRYVLGLWKRRRR')  global_best=2.1622 log2  τ=1.69  β=0.085
Ep 343/2000  reward=+2.6036 log2  ep_best=4.3581 log2 ('RGARNLVRFVKGLWKWKRI')  global_best=2.1622 log2  τ=1.69  β=0.085
Ep 344/2000  reward=+4.7994 log2  ep_best=2.1622 log2 ('RLARKLVRFVKVAWKWWWW')  global_best=2.1622 log2  τ=1.69  β=0.085
Ep 345/2000  reward=+2.7218 log2  ep_best=4.2398 log2 ('RGGRKLVRYLQGLRWKKVW')  global_best=2.1622 log2  τ=1.69  β=0.085
Ep 346/2000  reward=+3.2785 log2  ep_best=3.6831 log2 ('RVGRKLVRFVKGLWKWKRK')  global_best=2.1622 log2  τ=1.69  β=0.084
Ep 347/2000  reward=+2.4946 log2  ep_best=4.4671 log2 ('RKARKLYRRVKGLRRKWRW')  global_best=2.1622 log2  τ=1.69  β=0.084
Ep 348/2000  reward=+2.5037 log2  ep_best=4.4579 log2 ('RVSRNLVRRVLVAWWRWRR')  global_best=2.1622 log2  τ=1.69  β=0.084
Ep 349/2000  reward=+3.0727 log2  ep_best=3.8889 log2 ('RVSRKLVRRVLGAWWRKRW')  global_best=2.1622 log2  τ=1.69  β=0.084
Ep 350/2000  reward=+3.7118 log2  ep_best=3.2498 log2 ('RLARKLVRYVKGLRWWKRR')  global_best=2.1622 log2  τ=1.69  β=0.084
Ep 351/2000  reward=+4.6532 log2  ep_best=2.3085 log2 ('RLARKLVRFVKVAKKWLWW')  global_best=2.1622 log2  τ=1.68  β=0.084
Ep 352/2000  reward=+3.2631 log2  ep_best=3.6986 log2 ('RGARKLVRFVKGLKKWKYI')  global_best=2.1622 log2  τ=1.68  β=0.084
Ep 353/2000  reward=+3.7354 log2  ep_best=3.2262 log2 ('RVGRKLVRFVKGLWKWWRW')  global_best=2.1622 log2  τ=1.68  β=0.084
Ep 354/2000  reward=+3.8924 log2  ep_best=3.0692 log2 ('RGARKLVRFVKGLKKWKLK')  global_best=2.1622 log2  τ=1.68  β=0.084
Ep 355/2000  reward=+3.9803 log2  ep_best=2.9813 log2 ('RVARKLVRYVKGLWWRKVW')  global_best=2.1622 log2  τ=1.68  β=0.084
Ep 356/2000  reward=+3.7354 log2  ep_best=3.2262 log2 ('RVGRKLVRFVKGLWKWWRW')  global_best=2.1622 log2  τ=1.68  β=0.084
Ep 357/2000  reward=+1.8648 log2  ep_best=5.0969 log2 ('RMGRKLVRFVQGLKKWKVN')  global_best=2.1622 log2  τ=1.68  β=0.084
Ep 358/2000  reward=+4.2542 log2  ep_best=2.7075 log2 ('RMGRKLVRWLKGLKKWKLI')  global_best=2.1622 log2  τ=1.68  β=0.084
Ep 359/2000  reward=+2.5087 log2  ep_best=4.4529 log2 ('RGGRKKVRYVWVLRRWRCW')  global_best=2.1622 log2  τ=1.68  β=0.084
Ep 360/2000  reward=+2.9453 log2  ep_best=4.0163 log2 ('RGGRKKVRYKWVLRRWRCW')  global_best=2.1622 log2  τ=1.68  β=0.084
Ep 361/2000  reward=+3.7354 log2  ep_best=3.2262 log2 ('RVGRKLVRFVKGLWKWWRW')  global_best=2.1622 log2  τ=1.68  β=0.084
Ep 362/2000  reward=+3.8606 log2  ep_best=3.1010 log2 ('RLGRKLVRYVKVAWWWWRW')  global_best=2.1622 log2  τ=1.67  β=0.084
Ep 363/2000  reward=+3.7774 log2  ep_best=3.1843 log2 ('RGARKLVRFVKGLWKWKRF')  global_best=2.1622 log2  τ=1.67  β=0.084
Ep 364/2000  reward=+2.9988 log2  ep_best=3.9628 log2 ('RVGRKNVRYVLVAWKRWRW')  global_best=2.1622 log2  τ=1.67  β=0.084
Ep 365/2000  reward=+3.9702 log2  ep_best=2.9914 log2 ('RLGRKLVRFLKGLKKWWWR')  global_best=2.1622 log2  τ=1.67  β=0.084
Ep 366/2000  reward=+3.7669 log2  ep_best=3.1948 log2 ('RLARKLVRFVKGLRKWWWW')  global_best=2.1622 log2  τ=1.67  β=0.084
Ep 367/2000  reward=+3.4073 log2  ep_best=3.5543 log2 ('RLARKLVRFGKGLWWWKRR')  global_best=2.1622 log2  τ=1.67  β=0.084
Ep 368/2000  reward=+4.1040 log2  ep_best=2.8577 log2 ('RLGRKLVRFVKGLKKWKWW')  global_best=2.1622 log2  τ=1.67  β=0.083
Ep 369/2000  reward=+3.6954 log2  ep_best=3.2663 log2 ('RVGRKLVRFVKGLKKWWRF')  global_best=2.1622 log2  τ=1.67  β=0.083
Ep 370/2000  reward=+4.1040 log2  ep_best=2.8577 log2 ('RLGRKLVRFVKGLKKWKWW')  global_best=2.1622 log2  τ=1.67  β=0.083
Ep 371/2000  reward=+1.8596 log2  ep_best=5.1020 log2 ('RSGRKLVRYVQGLRRKWVW')  global_best=2.1622 log2  τ=1.67  β=0.083
Ep 372/2000  reward=+3.6919 log2  ep_best=3.2697 log2 ('RGGRKLVRFVKGLWKWWRW')  global_best=2.1622 log2  τ=1.67  β=0.083
Ep 373/2000  reward=+3.9254 log2  ep_best=3.0363 log2 ('RLARKLVRYVKGLRKWWRW')  global_best=2.1622 log2  τ=1.67  β=0.083
Ep 374/2000  reward=+4.4635 log2  ep_best=2.4981 log2 ('RLARKLVRFVKVAKKWWWW')  global_best=2.1622 log2  τ=1.66  β=0.083
Ep 375/2000  reward=+2.8543 log2  ep_best=4.1073 log2 ('RAARKLVRFVQGLKWKKVW')  global_best=2.1622 log2  τ=1.66  β=0.083
Ep 376/2000  reward=+2.8314 log2  ep_best=4.1302 log2 ('RVARKLVRFVKGLKKKKWK')  global_best=2.1622 log2  τ=1.66  β=0.083
Ep 377/2000  reward=+4.1040 log2  ep_best=2.8577 log2 ('RLGRKLVRFVKGLKKWKWW')  global_best=2.1622 log2  τ=1.66  β=0.083
Ep 378/2000  reward=+3.8913 log2  ep_best=3.0704 log2 ('RVARKLVRYVKGLWKRWRW')  global_best=2.1622 log2  τ=1.66  β=0.083
Ep 379/2000  reward=+4.1074 log2  ep_best=2.8543 log2 ('RLGRKLVRYVKGLRKWWRW')  global_best=2.1622 log2  τ=1.66  β=0.083
Ep 380/2000  reward=+3.1281 log2  ep_best=3.8335 log2 ('RVGRKLVRFVQGLKKWKVK')  global_best=2.1622 log2  τ=1.66  β=0.083
Ep 381/2000  reward=+2.7741 log2  ep_best=4.1875 log2 ('RVGRKNVRFVKGLWKRWRW')  global_best=2.1622 log2  τ=1.66  β=0.083
Ep 382/2000  reward=+3.3184 log2  ep_best=3.6432 log2 ('RVGRKNVRYVKVAWWRWRW')  global_best=2.1622 log2  τ=1.66  β=0.083
Ep 383/2000  reward=+3.0265 log2  ep_best=3.9351 log2 ('RVGRKNVRYVNGLWKRWRW')  global_best=2.1622 log2  τ=1.66  β=0.083
Ep 384/2000  reward=+3.6954 log2  ep_best=3.2663 log2 ('RVGRKLVRFVKGLKKWWRF')  global_best=2.1622 log2  τ=1.66  β=0.083
Ep 385/2000  reward=+3.2322 log2  ep_best=3.7294 log2 ('RVARNLVRYVKVAWWRWRR')  global_best=2.1622 log2  τ=1.65  β=0.083
Ep 386/2000  reward=+4.1718 log2  ep_best=2.7898 log2 ('RLGRKLVRFVKLAKKWWRW')  global_best=2.1622 log2  τ=1.65  β=0.083
Ep 387/2000  reward=+3.4320 log2  ep_best=3.5296 log2 ('RGARKLVRFVKGLKKWWWW')  global_best=2.1622 log2  τ=1.65  β=0.083
Ep 388/2000  reward=+3.2116 log2  ep_best=3.7500 log2 ('RVGRKKVRYVLGLWKRRRW')  global_best=2.1622 log2  τ=1.65  β=0.083
Ep 389/2000  reward=+2.2294 log2  ep_best=4.7323 log2 ('RMGRKLVRYVQGLRKKWVK')  global_best=2.1622 log2  τ=1.65  β=0.083
Ep 390/2000  reward=+3.8252 log2  ep_best=3.1365 log2 ('RVARKNVRYVKVAWWRWRW')  global_best=2.1622 log2  τ=1.65  β=0.082
Ep 391/2000  reward=+3.2684 log2  ep_best=3.6932 log2 ('RVARKLVRFVQGLWKKKVK')  global_best=2.1622 log2  τ=1.65  β=0.082
Ep 392/2000  reward=+3.7354 log2  ep_best=3.2262 log2 ('RVGRKLVRFVKGLWKWWRW')  global_best=2.1622 log2  τ=1.65  β=0.082
Ep 393/2000  reward=+3.4938 log2  ep_best=3.4678 log2 ('RLARKLVRRIKGLRWWWRR')  global_best=2.1622 log2  τ=1.65  β=0.082
Ep 394/2000  reward=+3.1304 log2  ep_best=3.8313 log2 ('RLARKLVRYVQGLRKWKVW')  global_best=2.1622 log2  τ=1.65  β=0.082
Ep 395/2000  reward=+3.1402 log2  ep_best=3.8214 log2 ('RGARKLVRRLKGLRRKWVW')  global_best=2.1622 log2  τ=1.65  β=0.082
Ep 396/2000  reward=+2.7231 log2  ep_best=4.2386 log2 ('RVARNLVRFVKVAKKRWRW')  global_best=2.1622 log2  τ=1.64  β=0.082
Ep 397/2000  reward=+3.8913 log2  ep_best=3.0704 log2 ('RVARKLVRYVKGLWKRWRW')  global_best=2.1622 log2  τ=1.64  β=0.082
Ep 398/2000  reward=+2.4065 log2  ep_best=4.5551 log2 ('RLARKLCRFGKGLKKWKWW')  global_best=2.1622 log2  τ=1.64  β=0.082
Ep 399/2000  reward=+1.8934 log2  ep_best=5.0683 log2 ('RVGRKNVRFVKGLKKWWRR')  global_best=2.1622 log2  τ=1.64  β=0.082
Ep 400/2000  reward=+3.5648 log2  ep_best=3.3969 log2 ('RVGRKNVRYVLGLWKRWWW')  global_best=2.1622 log2  τ=1.64  β=0.082
Ep 401/2000  reward=+3.6105 log2  ep_best=3.3511 log2 ('RVGRKLVRFVKGLKKWWWW')  global_best=2.1622 log2  τ=1.64  β=0.082
Ep 402/2000  reward=+3.2378 log2  ep_best=3.7239 log2 ('RVARKLCRRGKLMWWRWRR')  global_best=2.1622 log2  τ=1.64  β=0.082
Ep 403/2000  reward=+4.1040 log2  ep_best=2.8577 log2 ('RLGRKLVRFVKGLKKWKWW')  global_best=2.1622 log2  τ=1.64  β=0.082
Ep 404/2000  reward=+4.4635 log2  ep_best=2.4981 log2 ('RLARKLVRFVKVAKKWWWW')  global_best=2.1622 log2  τ=1.64  β=0.082
Ep 405/2000  reward=+1.7690 log2  ep_best=5.1926 log2 ('RLGRKKVRFVQGLYYWRRR')  global_best=2.1622 log2  τ=1.64  β=0.082
Ep 406/2000  reward=+4.1422 log2  ep_best=2.8195 log2 ('RVARKLVRFVKVAKKWWWW')  global_best=2.1622 log2  τ=1.64  β=0.082
Ep 407/2000  reward=+4.4635 log2  ep_best=2.4981 log2 ('RLARKLVRFVKVAKKWWWW')  global_best=2.1622 log2  τ=1.63  β=0.082
Ep 408/2000  reward=+3.8977 log2  ep_best=3.0639 log2 ('RLARKLVRFVKGLKKWKWW')  global_best=2.1622 log2  τ=1.63  β=0.082
Ep 409/2000  reward=+4.1668 log2  ep_best=2.7948 log2 ('RLARKLVRYVKVARYLRWW')  global_best=2.1622 log2  τ=1.63  β=0.082
Ep 410/2000  reward=+3.1986 log2  ep_best=3.7630 log2 ('RVGRKNVRYVKGLWKRWRW')  global_best=2.1622 log2  τ=1.63  β=0.082
Ep 411/2000  reward=+2.6161 log2  ep_best=4.3455 log2 ('RLARKLCRYVKGLRKWKRW')  global_best=2.1622 log2  τ=1.63  β=0.082
Ep 412/2000  reward=+3.4668 log2  ep_best=3.4948 log2 ('RSARKLVRFVKGLKKWKVK')  global_best=2.1622 log2  τ=1.63  β=0.081
Ep 413/2000  reward=+2.8188 log2  ep_best=4.1428 log2 ('RVGRKNVRFVKGLKKWWWW')  global_best=2.1622 log2  τ=1.63  β=0.081
Ep 414/2000  reward=+3.7663 log2  ep_best=3.1954 log2 ('RVARKLVRWLKGLKKKKFI')  global_best=2.1622 log2  τ=1.63  β=0.081
Ep 415/2000  reward=+3.5069 log2  ep_best=3.4548 log2 ('RLGRKLVRRLKGLKKWKRW')  global_best=2.1622 log2  τ=1.63  β=0.081
Ep 416/2000  reward=+4.3461 log2  ep_best=2.6155 log2 ('RLARKLVRFVNVAWKRWWW')  global_best=2.1622 log2  τ=1.63  β=0.081
Ep 417/2000  reward=+3.9946 log2  ep_best=2.9670 log2 ('RLARKLVRYVKVAWWWWRW')  global_best=2.1622 log2  τ=1.63  β=0.081
Ep 418/2000  reward=+3.6906 log2  ep_best=3.2711 log2 ('RVARKNVRYVKGLWKRWWW')  global_best=2.1622 log2  τ=1.62  β=0.081
Ep 419/2000  reward=+3.2723 log2  ep_best=3.6893 log2 ('RLARKKVRYVWVARRRRYW')  global_best=2.1622 log2  τ=1.62  β=0.081
Ep 420/2000  reward=+3.4631 log2  ep_best=3.4985 log2 ('RLGRKLVRFVKGLYKWWRR')  global_best=2.1622 log2  τ=1.62  β=0.081
Ep 421/2000  reward=+3.4435 log2  ep_best=3.5181 log2 ('RVGRKLVRFVKGLWKRWRW')  global_best=2.1622 log2  τ=1.62  β=0.081
Ep 422/2000  reward=+4.1074 log2  ep_best=2.8543 log2 ('RLGRKLVRYVKGLRKWWRW')  global_best=2.1622 log2  τ=1.62  β=0.081
Ep 423/2000  reward=+2.7092 log2  ep_best=4.2525 log2 ('RVARKLVRFVKGLWKKKRK')  global_best=2.1622 log2  τ=1.62  β=0.081
Ep 424/2000  reward=+4.6927 log2  ep_best=2.2689 log2 ('RLARKLVRYVKVAWKWWWW')  global_best=2.1622 log2  τ=1.62  β=0.081
Ep 425/2000  reward=+4.4586 log2  ep_best=2.5030 log2 ('RLGRKLVRFVKVAWKWWWW')  global_best=2.1622 log2  τ=1.62  β=0.081
Ep 426/2000  reward=+4.4303 log2  ep_best=2.5313 log2 ('RLGRKLVRFVKLAKKWWWW')  global_best=2.1622 log2  τ=1.62  β=0.081
Ep 427/2000  reward=+2.5113 log2  ep_best=4.4504 log2 ('RVMRKLCRRGKGMWWRWRR')  global_best=2.1622 log2  τ=1.62  β=0.081
Ep 428/2000  reward=+4.1040 log2  ep_best=2.8577 log2 ('RLGRKLVRFVKGLKKWKWW')  global_best=2.1622 log2  τ=1.62  β=0.081
Ep 429/2000  reward=+3.4195 log2  ep_best=3.5422 log2 ('RLARKLVRRVWGLRRKRRW')  global_best=2.1622 log2  τ=1.61  β=0.081
Ep 430/2000  reward=+2.5087 log2  ep_best=4.4529 log2 ('RGGRKKVRYVWVLRRWRCW')  global_best=2.1622 log2  τ=1.61  β=0.081
Ep 431/2000  reward=+2.1420 log2  ep_best=4.8196 log2 ('RMGRKLVRFSIGLRRRRRW')  global_best=2.1622 log2  τ=1.61  β=0.081
Ep 432/2000  reward=+3.2924 log2  ep_best=3.6693 log2 ('RGGRKLVRWLKGLRKKKVW')  global_best=2.1622 log2  τ=1.61  β=0.081
Ep 433/2000  reward=+2.2630 log2  ep_best=4.6986 log2 ('RSGRKKVRYKKVLYRWRCW')  global_best=2.1622 log2  τ=1.61  β=0.081
Ep 434/2000  reward=+3.2743 log2  ep_best=3.6873 log2 ('RVGRKNVRYVKVAWKRWWW')  global_best=2.1622 log2  τ=1.61  β=0.081
Ep 435/2000  reward=+1.8114 log2  ep_best=5.1502 log2 ('RMARKLVRYVQGLKKWKFI')  global_best=2.1622 log2  τ=1.61  β=0.080
Ep 436/2000  reward=+2.6995 log2  ep_best=4.2621 log2 ('RVARNLYRRGKGLWKRWRW')  global_best=2.1622 log2  τ=1.61  β=0.080
Ep 437/2000  reward=+3.9208 log2  ep_best=3.0408 log2 ('RVGRKLVRYVKGLWKRWRW')  global_best=2.1622 log2  τ=1.61  β=0.080
Ep 438/2000  reward=+3.3013 log2  ep_best=3.6604 log2 ('RVGRKLVRFVKGLWWRRRW')  global_best=2.1622 log2  τ=1.61  β=0.080
Ep 439/2000  reward=+3.7215 log2  ep_best=3.2402 log2 ('RVARKKVRYVKVAWWRWWW')  global_best=2.1622 log2  τ=1.61  β=0.080
Ep 440/2000  reward=+3.9742 log2  ep_best=2.9874 log2 ('RLARKLVRFVKGLKKWWWW')  global_best=2.1622 log2  τ=1.60  β=0.080
Ep 441/2000  reward=+3.6105 log2  ep_best=3.3511 log2 ('RVGRKLVRFVKGLKKWWWW')  global_best=2.1622 log2  τ=1.60  β=0.080
Ep 442/2000  reward=+4.4635 log2  ep_best=2.4981 log2 ('RLARKLVRFVKVAKKWWWW')  global_best=2.1622 log2  τ=1.60  β=0.080
Ep 443/2000  reward=+4.1487 log2  ep_best=2.8130 log2 ('RLARKLVRYVKVAWWRWWW')  global_best=2.1622 log2  τ=1.60  β=0.080
Ep 444/2000  reward=+2.7737 log2  ep_best=4.1879 log2 ('RGGRKLVRFVQGLKKWKVK')  global_best=2.1622 log2  τ=1.60  β=0.080
Ep 445/2000  reward=+4.4344 log2  ep_best=2.5273 log2 ('RLARNNVRYVKVAWKRWWW')  global_best=2.1622 log2  τ=1.60  β=0.080
Ep 446/2000  reward=+3.3891 log2  ep_best=3.5725 log2 ('RVARKLVRFVKGLRKWWWW')  global_best=2.1622 log2  τ=1.60  β=0.080
Ep 447/2000  reward=+3.3405 log2  ep_best=3.6212 log2 ('RVGRKNVRFVKGLWKWWRW')  global_best=2.1622 log2  τ=1.60  β=0.080
Ep 448/2000  reward=+3.0296 log2  ep_best=3.9321 log2 ('RGARKLVRFVKGLWKWKRR')  global_best=2.1622 log2  τ=1.60  β=0.080
Ep 449/2000  reward=+4.4635 log2  ep_best=2.4981 log2 ('RLARKLVRFVKVAKKWWWW')  global_best=2.1622 log2  τ=1.60  β=0.080
Ep 450/2000  reward=+3.0907 log2  ep_best=3.8709 log2 ('RVGRKNVRYVLGLWRRRRW')  global_best=2.1622 log2  τ=1.60  β=0.080
Ep 451/2000  reward=+3.8290 log2  ep_best=3.1327 log2 ('RLGRKLVRFIQGLKWKKVW')  global_best=2.1622 log2  τ=1.59  β=0.080
Ep 452/2000  reward=+3.9742 log2  ep_best=2.9874 log2 ('RLARKLVRFVKGLKKWWWW')  global_best=2.1622 log2  τ=1.59  β=0.080
Ep 453/2000  reward=+3.9840 log2  ep_best=2.9777 log2 ('RVARKNVRYVKVAWKRWWW')  global_best=2.1622 log2  τ=1.59  β=0.080
Ep 454/2000  reward=+2.4469 log2  ep_best=4.5147 log2 ('RVGRKKVRYVKGLYRKRWW')  global_best=2.1622 log2  τ=1.59  β=0.080
Ep 455/2000  reward=+2.9171 log2  ep_best=4.0445 log2 ('RVGRKNVRYVKGLWWRWRR')  global_best=2.1622 log2  τ=1.59  β=0.080
Ep 456/2000  reward=+2.9258 log2  ep_best=4.0359 log2 ('RGARKLVRYVQGLKKWKVK')  global_best=2.1622 log2  τ=1.59  β=0.080
Ep 457/2000  reward=+3.2274 log2  ep_best=3.7343 log2 ('RVGRNLVRFVKGLWKRWRW')  global_best=2.1622 log2  τ=1.59  β=0.079
Ep 458/2000  reward=+4.4988 log2  ep_best=2.4629 log2 ('RVARKLVRFVKVAWKWLWW')  global_best=2.1622 log2  τ=1.59  β=0.079
Ep 459/2000  reward=+2.2478 log2  ep_best=4.7138 log2 ('RGGRKLVRYVQGLYRWRVK')  global_best=2.1622 log2  τ=1.59  β=0.079
Ep 460/2000  reward=+4.0304 log2  ep_best=2.9312 log2 ('RLARKLVRFGKVAWKWLWW')  global_best=2.1622 log2  τ=1.59  β=0.079
Ep 461/2000  reward=+3.4761 log2  ep_best=3.4855 log2 ('RVARKKVRYVWGLYRWRRW')  global_best=2.1622 log2  τ=1.59  β=0.079
Ep 462/2000  reward=+3.2519 log2  ep_best=3.7097 log2 ('RVGRKLVRYALGLWRRRRR')  global_best=2.1622 log2  τ=1.58  β=0.079
Ep 463/2000  reward=+3.2779 log2  ep_best=3.6838 log2 ('RVGRKNVRFVKGLKWWWRW')  global_best=2.1622 log2  τ=1.58  β=0.079
Ep 464/2000  reward=+3.9742 log2  ep_best=2.9874 log2 ('RLARKLVRFVKGLKKWWWW')  global_best=2.1622 log2  τ=1.58  β=0.079
Ep 465/2000  reward=+2.5392 log2  ep_best=4.4225 log2 ('RVGRKNVRFVLGLWWRWRR')  global_best=2.1622 log2  τ=1.58  β=0.079
Ep 466/2000  reward=+3.6973 log2  ep_best=3.2644 log2 ('RLARKLVRFVKVAWWRRRR')  global_best=2.1622 log2  τ=1.58  β=0.079
Ep 467/2000  reward=+4.2409 log2  ep_best=2.7207 log2 ('RLSRKLVRYVKGLRKWWRW')  global_best=2.1622 log2  τ=1.58  β=0.079
Ep 468/2000  reward=+2.8813 log2  ep_best=4.0803 log2 ('RVGRKLVRYVKGLWKRKRR')  global_best=2.1622 log2  τ=1.58  β=0.079
Ep 469/2000  reward=+3.5272 log2  ep_best=3.4344 log2 ('RVGRKNVRYVLGLWKRWRW')  global_best=2.1622 log2  τ=1.58  β=0.079
Ep 470/2000  reward=+3.9280 log2  ep_best=3.0336 log2 ('RLGRKLVRFLLGAWRWKRW')  global_best=2.1622 log2  τ=1.58  β=0.079
Ep 471/2000  reward=+2.0881 log2  ep_best=4.8736 log2 ('RVARKKVRRVWFARRRWCW')  global_best=2.1622 log2  τ=1.58  β=0.079
Ep 472/2000  reward=+3.7011 log2  ep_best=3.2606 log2 ('RVGRKLVRFVKGLWKWKRW')  global_best=2.1622 log2  τ=1.58  β=0.079
Ep 473/2000  reward=+3.2182 log2  ep_best=3.7435 log2 ('RVGRKNVRYVKGLWWRWRW')  global_best=2.1622 log2  τ=1.57  β=0.079
Ep 474/2000  reward=+3.1498 log2  ep_best=3.8119 log2 ('RVGRKLVRWKKVVRRKWVW')  global_best=2.1622 log2  τ=1.57  β=0.079
Ep 475/2000  reward=+3.8814 log2  ep_best=3.0802 log2 ('RLARKLVRYVKVARYWWRW')  global_best=2.1622 log2  τ=1.57  β=0.079
Ep 476/2000  reward=+3.8977 log2  ep_best=3.0639 log2 ('RLARKLVRFVKGLKKWKWW')  global_best=2.1622 log2  τ=1.57  β=0.079
Ep 477/2000  reward=+3.8431 log2  ep_best=3.1186 log2 ('RLARKLVRYVKVARRWWRW')  global_best=2.1622 log2  τ=1.57  β=0.079
Ep 478/2000  reward=+3.7360 log2  ep_best=3.2256 log2 ('RVARKKVRYVKVAWWRWRW')  global_best=2.1622 log2  τ=1.57  β=0.079
Ep 479/2000  reward=+2.8482 log2  ep_best=4.1135 log2 ('RGGRKNVRYKWVLRRWRCW')  global_best=2.1622 log2  τ=1.57  β=0.078
Ep 480/2000  reward=+4.0954 log2  ep_best=2.8662 log2 ('RLSRKLVRFVKGLKKWWWW')  global_best=2.1622 log2  τ=1.57  β=0.078
Ep 481/2000  reward=+3.0487 log2  ep_best=3.9129 log2 ('RVARKKVRYVKVARWRWRR')  global_best=2.1622 log2  τ=1.57  β=0.078
Ep 482/2000  reward=+3.6954 log2  ep_best=3.2663 log2 ('RVGRKLVRFVKGLKKWWRF')  global_best=2.1622 log2  τ=1.57  β=0.078
Ep 483/2000  reward=+4.2752 log2  ep_best=2.6865 log2 ('RVGRKLVRYIKGLKKWKVW')  global_best=2.1622 log2  τ=1.57  β=0.078
Ep 484/2000  reward=+3.4732 log2  ep_best=3.4884 log2 ('RVARNNVRYVKVAWWRWRW')  global_best=2.1622 log2  τ=1.57  β=0.078
Ep 485/2000  reward=+3.9742 log2  ep_best=2.9874 log2 ('RLARKLVRFVKGLKKWWWW')  global_best=2.1622 log2  τ=1.56  β=0.078
Ep 486/2000  reward=+2.7537 log2  ep_best=4.2079 log2 ('RGGRKLVRYVQGLKKWKVK')  global_best=2.1622 log2  τ=1.56  β=0.078
Ep 487/2000  reward=+3.4943 log2  ep_best=3.4674 log2 ('RVGRKLVRYVKGLYRKWRW')  global_best=2.1622 log2  τ=1.56  β=0.078
Ep 488/2000  reward=+4.1074 log2  ep_best=2.8543 log2 ('RLGRKLVRYVKGLRKWWRW')  global_best=2.1622 log2  τ=1.56  β=0.078
Ep 489/2000  reward=+3.9183 log2  ep_best=3.0433 log2 ('RLGRKLVRFVKGLYKWKRW')  global_best=2.1622 log2  τ=1.56  β=0.078
Ep 490/2000  reward=+3.1510 log2  ep_best=3.8107 log2 ('RVGRKLVRFVKGLWWRWRR')  global_best=2.1622 log2  τ=1.56  β=0.078
Ep 491/2000  reward=+4.1040 log2  ep_best=2.8577 log2 ('RLGRKLVRFVKGLKKWKWW')  global_best=2.1622 log2  τ=1.56  β=0.078
Ep 492/2000  reward=+3.5272 log2  ep_best=3.4344 log2 ('RVGRKNVRYVLGLWKRWRW')  global_best=2.1622 log2  τ=1.56  β=0.078
Ep 493/2000  reward=+3.7731 log2  ep_best=3.1886 log2 ('RVGRKLVRYVKVAWKRWRW')  global_best=2.1622 log2  τ=1.56  β=0.078
Ep 494/2000  reward=+2.6106 log2  ep_best=4.3510 log2 ('RLGRKLVRFVKGLKKWKRR')  global_best=2.1622 log2  τ=1.56  β=0.078
Ep 495/2000  reward=+2.8188 log2  ep_best=4.1428 log2 ('RVGRKNVRFVKGLKKWWWW')  global_best=2.1622 log2  τ=1.56  β=0.078
Ep 496/2000  reward=+3.5586 log2  ep_best=3.4031 log2 ('RVARKLVRYVKGLRKWWRW')  global_best=2.1622 log2  τ=1.55  β=0.078
Ep 497/2000  reward=+3.4495 log2  ep_best=3.5121 log2 ('RVGRKNVRYVKGLWKWWRW')  global_best=2.1622 log2  τ=1.55  β=0.078
Ep 498/2000  reward=+3.4436 log2  ep_best=3.5180 log2 ('RLARKLVRRVKVARRNWWW')  global_best=2.1622 log2  τ=1.55  β=0.078
Ep 499/2000  reward=+4.8278 log2  ep_best=2.1338 log2 ('RLSRKLVRYVKVAWKWWRW')  global_best=2.1338 log2  τ=1.55  β=0.078
Ep 500/2000  reward=+3.4143 log2  ep_best=3.5474 log2 ('RLARKLVRFVKGLKKWKRW')  global_best=2.1338 log2  τ=1.55  β=0.078
Ep 501/2000  reward=+3.2244 log2  ep_best=3.7373 log2 ('RVGRKKVRYVLGLWKRWRR')  global_best=2.1338 log2  τ=1.55  β=0.077
Ep 502/2000  reward=+1.8230 log2  ep_best=5.1387 log2 ('RVGRKKVRYVWGLYRRRCW')  global_best=2.1338 log2  τ=1.55  β=0.077
Ep 503/2000  reward=+3.7069 log2  ep_best=3.2547 log2 ('RGGRKLVRFVKGLWKWKRW')  global_best=2.1338 log2  τ=1.55  β=0.077
Ep 504/2000  reward=+3.6027 log2  ep_best=3.3589 log2 ('RVGRKLVRYGLVAKWRWRW')  global_best=2.1338 log2  τ=1.55  β=0.077
Ep 505/2000  reward=+2.9488 log2  ep_best=4.0129 log2 ('RVGRKLVRFVKGLKKWKRW')  global_best=2.1338 log2  τ=1.55  β=0.077
Ep 506/2000  reward=+4.0188 log2  ep_best=2.9428 log2 ('RGGRKLVRWLKGLKKWKFI')  global_best=2.1338 log2  τ=1.55  β=0.077
Ep 507/2000  reward=+3.0205 log2  ep_best=3.9411 log2 ('RVGRKLVRFVQGLKWRKVW')  global_best=2.1338 log2  τ=1.54  β=0.077
Ep 508/2000  reward=+2.4976 log2  ep_best=4.4641 log2 ('RLARKLYRRGKGLKKWKRW')  global_best=2.1338 log2  τ=1.54  β=0.077
Ep 509/2000  reward=+2.7827 log2  ep_best=4.1789 log2 ('RVARKLCRRAKVMWWWWRR')  global_best=2.1338 log2  τ=1.54  β=0.077
Ep 510/2000  reward=+3.8161 log2  ep_best=3.1456 log2 ('RVARKLVRWLKGLKKKKLK')  global_best=2.1338 log2  τ=1.54  β=0.077
Ep 511/2000  reward=+2.7741 log2  ep_best=4.1875 log2 ('RVGRKNVRFVKGLWKRWRW')  global_best=2.1338 log2  τ=1.54  β=0.077
Ep 512/2000  reward=+2.7450 log2  ep_best=4.2166 log2 ('RVARNLCRRVKLAWKRWRW')  global_best=2.1338 log2  τ=1.54  β=0.077
Ep 513/2000  reward=+2.9988 log2  ep_best=3.9628 log2 ('RVGRKNVRYVLVAWKRWRW')  global_best=2.1338 log2  τ=1.54  β=0.077
Ep 514/2000  reward=+4.7994 log2  ep_best=2.1622 log2 ('RLARKLVRFVKVAWKWWWW')  global_best=2.1338 log2  τ=1.54  β=0.077
Ep 515/2000  reward=+3.3418 log2  ep_best=3.6199 log2 ('RVGRKLVRFVKGLWKWWRR')  global_best=2.1338 log2  τ=1.54  β=0.077
Ep 516/2000  reward=+3.9254 log2  ep_best=3.0363 log2 ('RLARKLVRYVKGLRKWWRW')  global_best=2.1338 log2  τ=1.54  β=0.077
Ep 517/2000  reward=+3.5930 log2  ep_best=3.3687 log2 ('RLARKLVRFVKGLKKWWWR')  global_best=2.1338 log2  τ=1.54  β=0.077
Ep 518/2000  reward=+4.1040 log2  ep_best=2.8577 log2 ('RLGRKLVRFVKGLKKWKWW')  global_best=2.1338 log2  τ=1.53  β=0.077
Ep 519/2000  reward=+3.9208 log2  ep_best=3.0408 log2 ('RVGRKLVRYVKGLWKRWRW')  global_best=2.1338 log2  τ=1.53  β=0.077
Ep 520/2000  reward=+4.1455 log2  ep_best=2.8161 log2 ('RLGRKLVRYLKGLRRWWWW')  global_best=2.1338 log2  τ=1.53  β=0.077
Ep 521/2000  reward=+3.3526 log2  ep_best=3.6090 log2 ('RLARKKVRRVWVARRWWRW')  global_best=2.1338 log2  τ=1.53  β=0.077
Ep 522/2000  reward=+2.7741 log2  ep_best=4.1875 log2 ('RVGRKNVRFVKGLWKRWRW')  global_best=2.1338 log2  τ=1.53  β=0.077
Ep 523/2000  reward=+3.7889 log2  ep_best=3.1727 log2 ('RLARKLVRFVKVAWWRWRR')  global_best=2.1338 log2  τ=1.53  β=0.076
Ep 524/2000  reward=+4.4635 log2  ep_best=2.4981 log2 ('RLARKLVRFVKVAKKWWWW')  global_best=2.1338 log2  τ=1.53  β=0.076
Ep 525/2000  reward=+1.3313 log2  ep_best=5.6303 log2 ('RVGRKNCRYGKGLWWRWRW')  global_best=2.1338 log2  τ=1.53  β=0.076
Ep 526/2000  reward=+2.9258 log2  ep_best=4.0359 log2 ('RGARKLVRYVQGLKKWKVK')  global_best=2.1338 log2  τ=1.53  β=0.076
Ep 527/2000  reward=+3.1145 log2  ep_best=3.8472 log2 ('RLGRKLVRRVKVAWRKRRW')  global_best=2.1338 log2  τ=1.53  β=0.076
Ep 528/2000  reward=+2.8215 log2  ep_best=4.1401 log2 ('RGGRKLVRFVKGLWKRKRW')  global_best=2.1338 log2  τ=1.53  β=0.076
Ep 529/2000  reward=+3.6042 log2  ep_best=3.3575 log2 ('RVGRKLVRFVKGLKKWWRI')  global_best=2.1338 log2  τ=1.52  β=0.076
Ep 530/2000  reward=+3.8977 log2  ep_best=3.0639 log2 ('RLARKLVRFVKGLKKWKWW')  global_best=2.1338 log2  τ=1.52  β=0.076
Ep 531/2000  reward=+3.6919 log2  ep_best=3.2697 log2 ('RGGRKLVRFVKGLWKWWRW')  global_best=2.1338 log2  τ=1.52  β=0.076
Ep 532/2000  reward=+3.6547 log2  ep_best=3.3070 log2 ('RLARKLVRYVKVGRRLRWW')  global_best=2.1338 log2  τ=1.52  β=0.076
Ep 533/2000  reward=+4.0312 log2  ep_best=2.9304 log2 ('RLARKLVRFVKGLKKWKYW')  global_best=2.1338 log2  τ=1.52  β=0.076
Ep 534/2000  reward=+2.7741 log2  ep_best=4.1875 log2 ('RVGRKNVRFVKGLWKRWRW')  global_best=2.1338 log2  τ=1.52  β=0.076
Ep 535/2000  reward=+2.8823 log2  ep_best=4.0793 log2 ('RMARKLVRYVKGLKKWKRI')  global_best=2.1338 log2  τ=1.52  β=0.076
Ep 536/2000  reward=+3.6105 log2  ep_best=3.3511 log2 ('RVGRKLVRFVKGLKKWWWW')  global_best=2.1338 log2  τ=1.52  β=0.076
Ep 537/2000  reward=+3.4263 log2  ep_best=3.5353 log2 ('RVARKLVRFVKGLWKRWRW')  global_best=2.1338 log2  τ=1.52  β=0.076
Ep 538/2000  reward=+4.1040 log2  ep_best=2.8577 log2 ('RLGRKLVRFVKGLKKWKWW')  global_best=2.1338 log2  τ=1.52  β=0.076
Ep 539/2000  reward=+4.4586 log2  ep_best=2.5030 log2 ('RLGRKLVRFVKVAWKWWWW')  global_best=2.1338 log2  τ=1.52  β=0.076
Ep 540/2000  reward=+3.1713 log2  ep_best=3.7903 log2 ('RVARKLVRFVKVGKKWWWW')  global_best=2.1338 log2  τ=1.51  β=0.076
Ep 541/2000  reward=+3.4255 log2  ep_best=3.5361 log2 ('RVARNKFRRVKVAWWRWRW')  global_best=2.1338 log2  τ=1.51  β=0.076
Ep 542/2000  reward=+2.1119 log2  ep_best=4.8497 log2 ('RLARNLVRFVKGAWWRWRR')  global_best=2.1338 log2  τ=1.51  β=0.076
Ep 543/2000  reward=+3.2394 log2  ep_best=3.7222 log2 ('RGARKLVRYVKGLKKWKYI')  global_best=2.1338 log2  τ=1.51  β=0.076
Ep 544/2000  reward=+3.9835 log2  ep_best=2.9781 log2 ('RLARKLVRFVKGLWKWKRW')  global_best=2.1338 log2  τ=1.51  β=0.076
Ep 545/2000  reward=+3.9254 log2  ep_best=3.0363 log2 ('RLARKLVRYVKGLRKWWRW')  global_best=2.1338 log2  τ=1.51  β=0.076
Ep 546/2000  reward=+3.2111 log2  ep_best=3.7506 log2 ('RLGRKNVRFVKGLYKWWRW')  global_best=2.1338 log2  τ=1.51  β=0.075
Ep 547/2000  reward=+2.4523 log2  ep_best=4.5094 log2 ('RVGRKKVRYVWVLRRWRCW')  global_best=2.1338 log2  τ=1.51  β=0.075
Ep 548/2000  reward=+2.2915 log2  ep_best=4.6702 log2 ('RGGRKLVRYGKGLKKWKRI')  global_best=2.1338 log2  τ=1.51  β=0.075
Ep 549/2000  reward=+3.0051 log2  ep_best=3.9566 log2 ('RVGRKLVRFVKGLKKRWWW')  global_best=2.1338 log2  τ=1.51  β=0.075
Ep 550/2000  reward=+3.0032 log2  ep_best=3.9584 log2 ('RVARKLVRYVQGLKKWKVW')  global_best=2.1338 log2  τ=1.51  β=0.075
Ep 551/2000  reward=+3.3518 log2  ep_best=3.6099 log2 ('RVARNKVRYVNVAWWRWRW')  global_best=2.1338 log2  τ=1.50  β=0.075
Ep 552/2000  reward=+4.1422 log2  ep_best=2.8195 log2 ('RVARKLVRFVKVAKKWWWW')  global_best=2.1338 log2  τ=1.50  β=0.075
Ep 553/2000  reward=+3.9617 log2  ep_best=3.0000 log2 ('RVGRKLVRYVKGLWKWRRW')  global_best=2.1338 log2  τ=1.50  β=0.075
Ep 554/2000  reward=+2.8812 log2  ep_best=4.0804 log2 ('RVARKLVRFVKGLKKKKWW')  global_best=2.1338 log2  τ=1.50  β=0.075
Ep 555/2000  reward=+2.8993 log2  ep_best=4.0623 log2 ('RVGRKNVRYVKGLWKRKYW')  global_best=2.1338 log2  τ=1.50  β=0.075
Ep 556/2000  reward=+4.1021 log2  ep_best=2.8595 log2 ('RLGRKLVRFVKGLWKWKRW')  global_best=2.1338 log2  τ=1.50  β=0.075
Ep 557/2000  reward=+3.7360 log2  ep_best=3.2256 log2 ('RVARKKVRYVKVAWWRWRW')  global_best=2.1338 log2  τ=1.50  β=0.075
Ep 558/2000  reward=+3.8244 log2  ep_best=3.1372 log2 ('RVARKLVRYVKVAWKRKRW')  global_best=2.1338 log2  τ=1.50  β=0.075
Ep 559/2000  reward=+1.7037 log2  ep_best=5.2579 log2 ('RMGRKLVRFTQGLYRRRVW')  global_best=2.1338 log2  τ=1.50  β=0.075
Ep 560/2000  reward=+3.3807 log2  ep_best=3.5810 log2 ('RGARKLVRFVKGLKKWWRI')  global_best=2.1338 log2  τ=1.50  β=0.075
Ep 561/2000  reward=+1.3327 log2  ep_best=5.6289 log2 ('RMGRKLVRFVQGLKKRKYW')  global_best=2.1338 log2  τ=1.50  β=0.075
Ep 562/2000  reward=+2.6106 log2  ep_best=4.3510 log2 ('RLGRKLVRFVKGLKKWKRR')  global_best=2.1338 log2  τ=1.49  β=0.075
Ep 563/2000  reward=+2.6037 log2  ep_best=4.3579 log2 ('RVGRKKVRYVKGLYYRRRW')  global_best=2.1338 log2  τ=1.49  β=0.075
Ep 564/2000  reward=+3.8252 log2  ep_best=3.1365 log2 ('RVARKNVRYVKVAWWRWRW')  global_best=2.1338 log2  τ=1.49  β=0.075
Ep 565/2000  reward=+2.6748 log2  ep_best=4.2868 log2 ('RGARKLVRFVKGLWKKKRK')  global_best=2.1338 log2  τ=1.49  β=0.075
Ep 566/2000  reward=+3.5616 log2  ep_best=3.4000 log2 ('RLARNKVRFVNVAWWRWRW')  global_best=2.1338 log2  τ=1.49  β=0.075
Ep 567/2000  reward=+3.2310 log2  ep_best=3.7306 log2 ('RVGRKNVRYVKVLYRWRRW')  global_best=2.1338 log2  τ=1.49  β=0.075
Ep 568/2000  reward=+3.4077 log2  ep_best=3.5540 log2 ('RLGRKLVRFVKGLWKWKRR')  global_best=2.1338 log2  τ=1.49  β=0.074
Ep 569/2000  reward=+3.3631 log2  ep_best=3.5985 log2 ('RGARKLVRYVKVLRRWRRW')  global_best=2.1338 log2  τ=1.49  β=0.074
Ep 570/2000  reward=+3.4943 log2  ep_best=3.4674 log2 ('RVGRKLVRYVKGLYRKWRW')  global_best=2.1338 log2  τ=1.49  β=0.074
Ep 571/2000  reward=+3.4143 log2  ep_best=3.5474 log2 ('RLARKLVRFVKGLKKWKRW')  global_best=2.1338 log2  τ=1.49  β=0.074
Ep 572/2000  reward=+3.0456 log2  ep_best=3.9161 log2 ('RVGRKLVRYVQGLKKWKVK')  global_best=2.1338 log2  τ=1.49  β=0.074
Ep 573/2000  reward=+2.9597 log2  ep_best=4.0020 log2 ('RVGRKLVRFVQGLWKKKVW')  global_best=2.1338 log2  τ=1.48  β=0.074
Ep 574/2000  reward=+4.6208 log2  ep_best=2.3409 log2 ('RLSRKLVRYVKVAWKRWRW')  global_best=2.1338 log2  τ=1.48  β=0.074
Ep 575/2000  reward=+4.2474 log2  ep_best=2.7143 log2 ('RLARKLVRYVKVAWWRWRW')  global_best=2.1338 log2  τ=1.48  β=0.074
Ep 576/2000  reward=+3.0915 log2  ep_best=3.8702 log2 ('RVARNLCRYVKVAWKRWRW')  global_best=2.1338 log2  τ=1.48  β=0.074
Ep 577/2000  reward=+3.7354 log2  ep_best=3.2262 log2 ('RVGRKLVRFVKGLWKWWRW')  global_best=2.1338 log2  τ=1.48  β=0.074
Ep 578/2000  reward=+2.7723 log2  ep_best=4.1894 log2 ('RVARKLVRFVKGLWKKKRP')  global_best=2.1338 log2  τ=1.48  β=0.074
Ep 579/2000  reward=+4.2125 log2  ep_best=2.7491 log2 ('RLGRKLVRFLKGLKKWWWW')  global_best=2.1338 log2  τ=1.48  β=0.074
Ep 580/2000  reward=+1.9733 log2  ep_best=4.9884 log2 ('RVARKLVRFGKGLKKWKRR')  global_best=2.1338 log2  τ=1.48  β=0.074
Ep 581/2000  reward=+2.8722 log2  ep_best=4.0895 log2 ('RVGRKKVRYKWGLYRWRCW')  global_best=2.1338 log2  τ=1.48  β=0.074
Ep 582/2000  reward=+3.4354 log2  ep_best=3.5262 log2 ('RVARNLCRRVKLMWWRWRW')  global_best=2.1338 log2  τ=1.48  β=0.074
Ep 583/2000  reward=+2.9297 log2  ep_best=4.0320 log2 ('RVGRKNVRYVKGLKKWWRW')  global_best=2.1338 log2  τ=1.48  β=0.074
Ep 584/2000  reward=+3.7360 log2  ep_best=3.2256 log2 ('RVARKKVRYVKVAWWRWRW')  global_best=2.1338 log2  τ=1.48  β=0.074
Ep 585/2000  reward=+3.9544 log2  ep_best=3.0073 log2 ('RLGRKLVRYVKGLRRWWWW')  global_best=2.1338 log2  τ=1.47  β=0.074
Ep 586/2000  reward=+4.6532 log2  ep_best=2.3085 log2 ('RLARKLVRFVKVAKKWLWW')  global_best=2.1338 log2  τ=1.47  β=0.074
Ep 587/2000  reward=+3.3043 log2  ep_best=3.6573 log2 ('RVARKLYRRIKGLRRKWWW')  global_best=2.1338 log2  τ=1.47  β=0.074
Ep 588/2000  reward=+3.9254 log2  ep_best=3.0363 log2 ('RLARKLVRYVKGLRKWWRW')  global_best=2.1338 log2  τ=1.47  β=0.074
Ep 589/2000  reward=+3.9279 log2  ep_best=3.0338 log2 ('RLGRKLVRFVKGLYKWWRW')  global_best=2.1338 log2  τ=1.47  β=0.074
Ep 590/2000  reward=+3.1986 log2  ep_best=3.7630 log2 ('RVGRKNVRYVKGLWKRWRW')  global_best=2.1338 log2  τ=1.47  β=0.073
Ep 591/2000  reward=+3.1299 log2  ep_best=3.8318 log2 ('RVARNKYRYVLGAWKRWRW')  global_best=2.1338 log2  τ=1.47  β=0.073
Ep 592/2000  reward=+3.5272 log2  ep_best=3.4344 log2 ('RVGRKNVRYVLGLWKRWRW')  global_best=2.1338 log2  τ=1.47  β=0.073
Ep 593/2000  reward=+3.9208 log2  ep_best=3.0408 log2 ('RVGRKLVRYVKGLWKRWRW')  global_best=2.1338 log2  τ=1.47  β=0.073
Ep 594/2000  reward=+3.4686 log2  ep_best=3.4930 log2 ('RVARKLVRFAKVLRWRWRR')  global_best=2.1338 log2  τ=1.47  β=0.073
Ep 595/2000  reward=+2.8498 log2  ep_best=4.1119 log2 ('RGGRKKVRYVLGLWRRRRW')  global_best=2.1338 log2  τ=1.47  β=0.073
Ep 596/2000  reward=+4.0439 log2  ep_best=2.9177 log2 ('RVGRKLVRFIKGLKKWKLK')  global_best=2.1338 log2  τ=1.46  β=0.073
Ep 597/2000  reward=+3.8650 log2  ep_best=3.0966 log2 ('RLARKLVRYVKVARYKRWW')  global_best=2.1338 log2  τ=1.46  β=0.073
Ep 598/2000  reward=+3.6106 log2  ep_best=3.3510 log2 ('RVARKLVRFVKGLWKWKRW')  global_best=2.1338 log2  τ=1.46  β=0.073
Ep 599/2000  reward=+2.7034 log2  ep_best=4.2583 log2 ('RGGRKLVRFVQGLKWKKVW')  global_best=2.1338 log2  τ=1.46  β=0.073
Ep 600/2000  reward=+2.7737 log2  ep_best=4.1879 log2 ('RGGRKLVRFVQGLKKWKVK')  global_best=2.1338 log2  τ=1.46  β=0.073
Ep 601/2000  reward=+4.3087 log2  ep_best=2.6529 log2 ('RLARKLVRFVKVAWKRWWW')  global_best=2.1338 log2  τ=1.46  β=0.073
Ep 602/2000  reward=+3.5053 log2  ep_best=3.4563 log2 ('RVGRKLVRRVKGLRKWWVW')  global_best=2.1338 log2  τ=1.46  β=0.073
Ep 603/2000  reward=+3.1889 log2  ep_best=3.7728 log2 ('RVGRKNVRFVKGLWKRWYW')  global_best=2.1338 log2  τ=1.46  β=0.073
Ep 604/2000  reward=+2.3306 log2  ep_best=4.6311 log2 ('RVGRKNVRFVLGLWWRKRR')  global_best=2.1338 log2  τ=1.46  β=0.073
Ep 605/2000  reward=+3.3176 log2  ep_best=3.6441 log2 ('RMARKLVRYVKGLKKWKYI')  global_best=2.1338 log2  τ=1.46  β=0.073
Ep 606/2000  reward=+4.0711 log2  ep_best=2.8906 log2 ('RLGRKNVRRVWGLWRKWVW')  global_best=2.1338 log2  τ=1.46  β=0.073
Ep 607/2000  reward=+4.5031 log2  ep_best=2.4585 log2 ('RLGRKLVRYVKGLWKWKRW')  global_best=2.1338 log2  τ=1.45  β=0.073
Ep 608/2000  reward=+2.7557 log2  ep_best=4.2060 log2 ('RGGRKLVRFVKGLKKWKRI')  global_best=2.1338 log2  τ=1.45  β=0.073
Ep 609/2000  reward=+3.0908 log2  ep_best=3.8708 log2 ('RVARKLVRYVKGLRRWRRW')  global_best=2.1338 log2  τ=1.45  β=0.073
Ep 610/2000  reward=+2.9328 log2  ep_best=4.0289 log2 ('RVGRKKVRYVLVAWWRWRR')  global_best=2.1338 log2  τ=1.45  β=0.073
Ep 611/2000  reward=+3.3176 log2  ep_best=3.6441 log2 ('RMARKLVRYVKGLKKWKYI')  global_best=2.1338 log2  τ=1.45  β=0.073
Ep 612/2000  reward=+3.1460 log2  ep_best=3.8156 log2 ('RVGRKKVRYVWGLYRKRRW')  global_best=2.1338 log2  τ=1.45  β=0.072
Ep 613/2000  reward=+2.2954 log2  ep_best=4.6662 log2 ('RVGRKKVRYKKVLRKKWWW')  global_best=2.1338 log2  τ=1.45  β=0.072
Ep 614/2000  reward=+4.0429 log2  ep_best=2.9188 log2 ('RLARKLVRFVKVAWWRWWW')  global_best=2.1338 log2  τ=1.45  β=0.072
Ep 615/2000  reward=+3.6502 log2  ep_best=3.3115 log2 ('RLGRKKVRRVWGLYRRRFW')  global_best=2.1338 log2  τ=1.45  β=0.072
Ep 616/2000  reward=+2.7952 log2  ep_best=4.1665 log2 ('RLGRKLVRRVQGLRRKWVW')  global_best=2.1338 log2  τ=1.45  β=0.072
Ep 617/2000  reward=+2.9516 log2  ep_best=4.0100 log2 ('RGGRKLVRYIKGLRKKWRW')  global_best=2.1338 log2  τ=1.45  β=0.072
Ep 618/2000  reward=+2.5829 log2  ep_best=4.3787 log2 ('RGGRKLVRFLQGLRWKKVW')  global_best=2.1338 log2  τ=1.44  β=0.072
Ep 619/2000  reward=+3.4495 log2  ep_best=3.5121 log2 ('RVGRKNVRYVKGLWKWWRW')  global_best=2.1338 log2  τ=1.44  β=0.072
Ep 620/2000  reward=+2.6138 log2  ep_best=4.3478 log2 ('RMARNLVRFVKGLWKRKRW')  global_best=2.1338 log2  τ=1.44  β=0.072
Ep 621/2000  reward=+2.9866 log2  ep_best=3.9750 log2 ('RVGRKKVRYVKGLYRWRRW')  global_best=2.1338 log2  τ=1.44  β=0.072
Ep 622/2000  reward=+3.7005 log2  ep_best=3.2612 log2 ('RVARNLYRFVKGLKKWWRW')  global_best=2.1338 log2  τ=1.44  β=0.072
Ep 623/2000  reward=+3.0315 log2  ep_best=3.9302 log2 ('RVGRKKVRYVLVAWWRRRW')  global_best=2.1338 log2  τ=1.44  β=0.072
Ep 624/2000  reward=+4.1074 log2  ep_best=2.8543 log2 ('RLGRKLVRYVKGLRKWWRW')  global_best=2.1338 log2  τ=1.44  β=0.072
Ep 625/2000  reward=+4.1040 log2  ep_best=2.8577 log2 ('RLGRKLVRFVKGLKKWKWW')  global_best=2.1338 log2  τ=1.44  β=0.072
Ep 626/2000  reward=+2.6502 log2  ep_best=4.3114 log2 ('RVARNLVRYVKGAWKRWRW')  global_best=2.1338 log2  τ=1.44  β=0.072
Ep 627/2000  reward=+3.7774 log2  ep_best=3.1843 log2 ('RGARKLVRFVKGLWKWKRF')  global_best=2.1338 log2  τ=1.44  β=0.072
Ep 628/2000  reward=+3.3107 log2  ep_best=3.6509 log2 ('RVGRKKVRFVKGLWKWWWR')  global_best=2.1338 log2  τ=1.44  β=0.072
Ep 629/2000  reward=+3.0718 log2  ep_best=3.8898 log2 ('RGGRKLVRYLKGLKKKKVW')  global_best=2.1338 log2  τ=1.43  β=0.072
Ep 630/2000  reward=+2.8977 log2  ep_best=4.0640 log2 ('RVARNKVRYVLVAWWRWRR')  global_best=2.1338 log2  τ=1.43  β=0.072
Ep 631/2000  reward=+4.1040 log2  ep_best=2.8577 log2 ('RLGRKLVRFVKGLKKWKWW')  global_best=2.1338 log2  τ=1.43  β=0.072
Ep 632/2000  reward=+3.9946 log2  ep_best=2.9670 log2 ('RLARKLVRYVKVAWWWWRW')  global_best=2.1338 log2  τ=1.43  β=0.072
Ep 633/2000  reward=+1.9271 log2  ep_best=5.0345 log2 ('RGGRKLVRYVQGLYRWRVW')  global_best=2.1338 log2  τ=1.43  β=0.072
Ep 634/2000  reward=+3.6595 log2  ep_best=3.3021 log2 ('RLARKLVRYVKVAYRNRRW')  global_best=2.1338 log2  τ=1.43  β=0.072
Ep 635/2000  reward=+3.7917 log2  ep_best=3.1699 log2 ('RVGRKLVRYVKGLKKWWRW')  global_best=2.1338 log2  τ=1.43  β=0.071
Ep 636/2000  reward=+2.3929 log2  ep_best=4.5688 log2 ('RVGRKNVRFVKGLKWRWCW')  global_best=2.1338 log2  τ=1.43  β=0.071
Ep 637/2000  reward=+3.6105 log2  ep_best=3.3511 log2 ('RVGRKLVRFVKGLKKWWWW')  global_best=2.1338 log2  τ=1.43  β=0.071
Ep 638/2000  reward=+3.1986 log2  ep_best=3.7630 log2 ('RVGRKNVRYVKGLWKRWRW')  global_best=2.1338 log2  τ=1.43  β=0.071
Ep 639/2000  reward=+1.8144 log2  ep_best=5.1473 log2 ('RVGRKLVRYVQGLYRKKVW')  global_best=2.1338 log2  τ=1.43  β=0.071
Ep 640/2000  reward=+4.2409 log2  ep_best=2.7207 log2 ('RLSRKLVRYVKGLRKWWRW')  global_best=2.1338 log2  τ=1.42  β=0.071
Ep 641/2000  reward=+3.7889 log2  ep_best=3.1727 log2 ('RLARKLVRFVKVAWWRWRR')  global_best=2.1338 log2  τ=1.42  β=0.071
Ep 642/2000  reward=+1.8905 log2  ep_best=5.0712 log2 ('RVGRKNVRRVKVAWWRWCW')  global_best=2.1338 log2  τ=1.42  β=0.071
Ep 643/2000  reward=+3.5012 log2  ep_best=3.4604 log2 ('RLARKLVRFVKVGRIWWWW')  global_best=2.1338 log2  τ=1.42  β=0.071
Ep 644/2000  reward=+2.8697 log2  ep_best=4.0920 log2 ('RGGRKLVRYKWVAWRWRCW')  global_best=2.1338 log2  τ=1.42  β=0.071
Ep 645/2000  reward=+2.8188 log2  ep_best=4.1428 log2 ('RVGRKNVRFVKGLKKWWWW')  global_best=2.1338 log2  τ=1.42  β=0.071
Ep 646/2000  reward=+2.2275 log2  ep_best=4.7341 log2 ('RVGRKLVRYVKGLYYKWCK')  global_best=2.1338 log2  τ=1.42  β=0.071
Ep 647/2000  reward=+3.4354 log2  ep_best=3.5262 log2 ('RVARNLCRRVKLMWWRWRW')  global_best=2.1338 log2  τ=1.42  β=0.071
Ep 648/2000  reward=+4.1361 log2  ep_best=2.8255 log2 ('RLSRKLVRFVKGLWKWKRW')  global_best=2.1338 log2  τ=1.42  β=0.071
Ep 649/2000  reward=+3.2020 log2  ep_best=3.7596 log2 ('RVARNLYRFVKGLKKKKWK')  global_best=2.1338 log2  τ=1.42  β=0.071
Ep 650/2000  reward=+3.6333 log2  ep_best=3.3283 log2 ('RVARNKVRYVNVAWKRWRW')  global_best=2.1338 log2  τ=1.42  β=0.071
Ep 651/2000  reward=+2.9488 log2  ep_best=4.0129 log2 ('RVGRKLVRFVKGLKKWKRW')  global_best=2.1338 log2  τ=1.41  β=0.071
Ep 652/2000  reward=+3.4943 log2  ep_best=3.4674 log2 ('RVGRKLVRYVKGLYRKWRW')  global_best=2.1338 log2  τ=1.41  β=0.071
Ep 653/2000  reward=+3.7011 log2  ep_best=3.2606 log2 ('RVGRKLVRFVKGLWKWKRW')  global_best=2.1338 log2  τ=1.41  β=0.071
Ep 654/2000  reward=+4.7779 log2  ep_best=2.1838 log2 ('RLARKLVRFVKVAWWKWWW')  global_best=2.1338 log2  τ=1.41  β=0.071
Ep 655/2000  reward=+4.5276 log2  ep_best=2.4340 log2 ('RLSRKLVRYVKGLWKWKRW')  global_best=2.1338 log2  τ=1.41  β=0.071
Ep 656/2000  reward=+2.5084 log2  ep_best=4.4533 log2 ('RVGRKKVRYVWGLRRWRCW')  global_best=2.1338 log2  τ=1.41  β=0.071
Ep 657/2000  reward=+3.3184 log2  ep_best=3.6432 log2 ('RVGRKNVRYVKVAWWRWRW')  global_best=2.1338 log2  τ=1.41  β=0.070
Ep 658/2000  reward=+3.7010 log2  ep_best=3.2606 log2 ('RLGRKLVRYVKVARYWWRW')  global_best=2.1338 log2  τ=1.41  β=0.070
Ep 659/2000  reward=+3.0795 log2  ep_best=3.8822 log2 ('RVARKKVRYNWGLRRWRRW')  global_best=2.1338 log2  τ=1.41  β=0.070
Ep 660/2000  reward=+3.4354 log2  ep_best=3.5262 log2 ('RVARNLCRRVKLMWWRWRW')  global_best=2.1338 log2  τ=1.41  β=0.070
Ep 661/2000  reward=+4.1376 log2  ep_best=2.8240 log2 ('RVSRKLVRYVKGLWKWKRW')  global_best=2.1338 log2  τ=1.41  β=0.070
Ep 662/2000  reward=+3.9208 log2  ep_best=3.0408 log2 ('RVGRKLVRYVKGLWKRWRW')  global_best=2.1338 log2  τ=1.40  β=0.070
Ep 663/2000  reward=+1.6554 log2  ep_best=5.3062 log2 ('RSGRKLVRFIQGLKKKKVW')  global_best=2.1338 log2  τ=1.40  β=0.070
Ep 664/2000  reward=+4.1016 log2  ep_best=2.8600 log2 ('RLGRKLVRFVKVAKKWWWW')  global_best=2.1338 log2  τ=1.40  β=0.070
Ep 665/2000  reward=+2.1517 log2  ep_best=4.8099 log2 ('RMARNLVRFVKGLKWRKYR')  global_best=2.1338 log2  τ=1.40  β=0.070
Ep 666/2000  reward=+1.8635 log2  ep_best=5.0982 log2 ('RGGRKLVRYLQGLKKKKVW')  global_best=2.1338 log2  τ=1.40  β=0.070
Ep 667/2000  reward=+3.5272 log2  ep_best=3.4344 log2 ('RVGRKNVRYVLGLWKRWRW')  global_best=2.1338 log2  τ=1.40  β=0.070
Ep 668/2000  reward=+3.6426 log2  ep_best=3.3190 log2 ('RVARKKVRFVKVAWWWNRW')  global_best=2.1338 log2  τ=1.40  β=0.070
Ep 669/2000  reward=+3.4039 log2  ep_best=3.5577 log2 ('RGGRKLVRFVKGLKKWWRW')  global_best=2.1338 log2  τ=1.40  β=0.070
Ep 670/2000  reward=+4.1446 log2  ep_best=2.8170 log2 ('RLGRKLVRFVKGLKKWKLK')  global_best=2.1338 log2  τ=1.40  β=0.070
Ep 671/2000  reward=+3.6106 log2  ep_best=3.3510 log2 ('RVARKLVRFVKGLWKWKRW')  global_best=2.1338 log2  τ=1.40  β=0.070
Ep 672/2000  reward=+2.3476 log2  ep_best=4.6141 log2 ('RVARKLVRFVKGLRKKKYP')  global_best=2.1338 log2  τ=1.40  β=0.070
Ep 673/2000  reward=+3.3510 log2  ep_best=3.6107 log2 ('RVGRKNVRFVLGLWKRWWW')  global_best=2.1338 log2  τ=1.39  β=0.070
Ep 674/2000  reward=+3.6969 log2  ep_best=3.2648 log2 ('RLARKLVRFGKVAKKWLWW')  global_best=2.1338 log2  τ=1.39  β=0.070
Ep 675/2000  reward=+3.8252 log2  ep_best=3.1365 log2 ('RVARKNVRYVKVAWWRWRW')  global_best=2.1338 log2  τ=1.39  β=0.070
Ep 676/2000  reward=+4.4352 log2  ep_best=2.5264 log2 ('RLSRKLVRFVKVAKKWWWW')  global_best=2.1338 log2  τ=1.39  β=0.070
Ep 677/2000  reward=+1.7997 log2  ep_best=5.1620 log2 ('RVGRKKVRYVKVARRRRFW')  global_best=2.1338 log2  τ=1.39  β=0.070
Ep 678/2000  reward=+3.2644 log2  ep_best=3.6973 log2 ('RLGRKKVRYVKGLYYRWRW')  global_best=2.1338 log2  τ=1.39  β=0.070
Ep 679/2000  reward=+3.7354 log2  ep_best=3.2262 log2 ('RVGRKLVRFVKGLWKWWRW')  global_best=2.1338 log2  τ=1.39  β=0.069
Ep 680/2000  reward=+3.7011 log2  ep_best=3.2606 log2 ('RVGRKLVRFVKGLWKWKRW')  global_best=2.1338 log2  τ=1.39  β=0.069
Ep 681/2000  reward=+2.3095 log2  ep_best=4.6521 log2 ('RVGRKNVRYVWGLRRWRCW')  global_best=2.1338 log2  τ=1.39  β=0.069
Ep 682/2000  reward=+3.3498 log2  ep_best=3.6118 log2 ('RLARKKVRRVWGLYRKRRW')  global_best=2.1338 log2  τ=1.39  β=0.069
Ep 683/2000  reward=+3.9481 log2  ep_best=3.0135 log2 ('RLGRKKVRYVWGLYRRWRW')  global_best=2.1338 log2  τ=1.39  β=0.069
Ep 684/2000  reward=+3.9835 log2  ep_best=2.9781 log2 ('RLARKLVRFVKGLWKWKRW')  global_best=2.1338 log2  τ=1.38  β=0.069
Ep 685/2000  reward=+4.0954 log2  ep_best=2.8662 log2 ('RLSRKLVRFVKGLKKWWWW')  global_best=2.1338 log2  τ=1.38  β=0.069
Ep 686/2000  reward=+4.1021 log2  ep_best=2.8595 log2 ('RLGRKLVRFVKGLWKWKRW')  global_best=2.1338 log2  τ=1.38  β=0.069
Ep 687/2000  reward=+3.3405 log2  ep_best=3.6212 log2 ('RVGRKNVRFVKGLWKWWRW')  global_best=2.1338 log2  τ=1.38  β=0.069
Ep 688/2000  reward=+3.6954 log2  ep_best=3.2663 log2 ('RVGRKLVRFVKGLKKWWRF')  global_best=2.1338 log2  τ=1.38  β=0.069
Ep 689/2000  reward=+3.5272 log2  ep_best=3.4344 log2 ('RVGRKNVRYVLGLWKRWRW')  global_best=2.1338 log2  τ=1.38  β=0.069
Ep 690/2000  reward=+2.3924 log2  ep_best=4.5692 log2 ('RVGRKLFRRVQGLRRKWVW')  global_best=2.1338 log2  τ=1.38  β=0.069
Ep 691/2000  reward=+3.4997 log2  ep_best=3.4619 log2 ('RLARKLVRRLKGLRWWWRR')  global_best=2.1338 log2  τ=1.38  β=0.069
Ep 692/2000  reward=+3.4220 log2  ep_best=3.5396 log2 ('RVGRKNVRFVKGLWKRWVW')  global_best=2.1338 log2  τ=1.38  β=0.069
Ep 693/2000  reward=+3.7011 log2  ep_best=3.2606 log2 ('RVGRKLVRFVKGLWKWKRW')  global_best=2.1338 log2  τ=1.38  β=0.069
Ep 694/2000  reward=+1.4193 log2  ep_best=5.5423 log2 ('RVGRKLVRYIQGLKKKKLK')  global_best=2.1338 log2  τ=1.38  β=0.069
Ep 695/2000  reward=+3.7363 log2  ep_best=3.2254 log2 ('RVGRKLVRFVKGLWKWWRF')  global_best=2.1338 log2  τ=1.38  β=0.069
Ep 696/2000  reward=+3.9967 log2  ep_best=2.9649 log2 ('RLARKLVRYVKVLRRWRRW')  global_best=2.1338 log2  τ=1.37  β=0.069
Ep 697/2000  reward=+4.0946 log2  ep_best=2.8671 log2 ('RLGRKLVRFVKGLKKWWWW')  global_best=2.1338 log2  τ=1.37  β=0.069
Ep 698/2000  reward=+4.1624 log2  ep_best=2.7992 log2 ('RVARKLVRYLKGLKKWKVK')  global_best=2.1338 log2  τ=1.37  β=0.069
Ep 699/2000  reward=+3.4943 log2  ep_best=3.4674 log2 ('RVGRKLVRYVKGLYRKWRW')  global_best=2.1338 log2  τ=1.37  β=0.069
Ep 700/2000  reward=+3.2631 log2  ep_best=3.6986 log2 ('RGARKLVRFVKGLKKWKYI')  global_best=2.1338 log2  τ=1.37  β=0.069
Ep 701/2000  reward=+3.9183 log2  ep_best=3.0433 log2 ('RLGRKLVRFVKGLYKWKRW')  global_best=2.1338 log2  τ=1.37  β=0.068
Ep 702/2000  reward=+3.5787 log2  ep_best=3.3830 log2 ('RVGRKKVRYVKGLWKRWWW')  global_best=2.1338 log2  τ=1.37  β=0.068
Ep 703/2000  reward=+3.6519 log2  ep_best=3.3098 log2 ('RLARKLVRFVKGLKKWKKW')  global_best=2.1338 log2  τ=1.37  β=0.068
Ep 704/2000  reward=+2.9171 log2  ep_best=4.0445 log2 ('RVGRKNVRYVKGLWWRWRR')  global_best=2.1338 log2  τ=1.37  β=0.068
Ep 705/2000  reward=+3.3503 log2  ep_best=3.6114 log2 ('RLARKLVRFVKGLKKKKWW')  global_best=2.1338 log2  τ=1.37  β=0.068
Ep 706/2000  reward=+4.1963 log2  ep_best=2.7654 log2 ('RLGRKLVRYVKGLYKWKRW')  global_best=2.1338 log2  τ=1.37  β=0.068
Ep 707/2000  reward=+3.6954 log2  ep_best=3.2663 log2 ('RVGRKLVRFVKGLKKWWRF')  global_best=2.1338 log2  τ=1.36  β=0.068
Ep 708/2000  reward=+3.8252 log2  ep_best=3.1365 log2 ('RVARKNVRYVKVAWWRWRW')  global_best=2.1338 log2  τ=1.36  β=0.068
Ep 709/2000  reward=+3.7956 log2  ep_best=3.1661 log2 ('RLGRKLVRYVKGAWKWWRW')  global_best=2.1338 log2  τ=1.36  β=0.068
Ep 710/2000  reward=+3.4631 log2  ep_best=3.4985 log2 ('RLGRKLVRFVKGLYKWWRR')  global_best=2.1338 log2  τ=1.36  β=0.068
Ep 711/2000  reward=+3.5518 log2  ep_best=3.4098 log2 ('RVGRKNVRYVKVAWKWWRW')  global_best=2.1338 log2  τ=1.36  β=0.068
Ep 712/2000  reward=+4.6311 log2  ep_best=2.3306 log2 ('RLARKLVRYVKVAWKRWWW')  global_best=2.1338 log2  τ=1.36  β=0.068
Ep 713/2000  reward=+3.6105 log2  ep_best=3.3511 log2 ('RVGRKLVRFVKGLKKWWWW')  global_best=2.1338 log2  τ=1.36  β=0.068
Ep 714/2000  reward=+3.7011 log2  ep_best=3.2606 log2 ('RVGRKLVRFVKGLWKWKRW')  global_best=2.1338 log2  τ=1.36  β=0.068
Ep 715/2000  reward=+4.3195 log2  ep_best=2.6421 log2 ('RLGRKLVRFLKVAKKWWWW')  global_best=2.1338 log2  τ=1.36  β=0.068
Ep 716/2000  reward=+3.8485 log2  ep_best=3.1131 log2 ('RVARKLVRYVKVAWWRWRW')  global_best=2.1338 log2  τ=1.36  β=0.068
Ep 717/2000  reward=+3.7669 log2  ep_best=3.1948 log2 ('RLARKLVRFVKGLRKWWWW')  global_best=2.1338 log2  τ=1.36  β=0.068
Ep 718/2000  reward=+2.3417 log2  ep_best=4.6200 log2 ('RVGRKNVRYVKGLYYRKVW')  global_best=2.1338 log2  τ=1.35  β=0.068
Ep 719/2000  reward=+3.1245 log2  ep_best=3.8372 log2 ('RVGRKLVRYVKGLRKWWRR')  global_best=2.1338 log2  τ=1.35  β=0.068
Ep 720/2000  reward=+2.8126 log2  ep_best=4.1490 log2 ('RVGRKLVRYVKGLYRKRRW')  global_best=2.1338 log2  τ=1.35  β=0.068
Ep 721/2000  reward=+3.7091 log2  ep_best=3.2525 log2 ('RVARKKVRYVKGLWKRWWW')  global_best=2.1338 log2  τ=1.35  β=0.068
Ep 722/2000  reward=+2.4392 log2  ep_best=4.5225 log2 ('RVGRKNVRYVKGLKKRWWW')  global_best=2.1338 log2  τ=1.35  β=0.068
Ep 723/2000  reward=+3.1161 log2  ep_best=3.8456 log2 ('RVGRKLVRYVKGLKKRWRW')  global_best=2.1338 log2  τ=1.35  β=0.067
Ep 724/2000  reward=+3.1176 log2  ep_best=3.8441 log2 ('RVARKLVRFVKGLWWRKRR')  global_best=2.1338 log2  τ=1.35  β=0.067
Ep 725/2000  reward=+4.0446 log2  ep_best=2.9170 log2 ('RLGRKLVRRNWGLRRKWVW')  global_best=2.1338 log2  τ=1.35  β=0.067
Ep 726/2000  reward=+3.8088 log2  ep_best=3.1529 log2 ('RVARKNVRYVKVGWKWLRW')  global_best=2.1338 log2  τ=1.35  β=0.067
Ep 727/2000  reward=+1.7145 log2  ep_best=5.2471 log2 ('RSGRKKVRYVKGLRRWRCW')  global_best=2.1338 log2  τ=1.35  β=0.067
Ep 728/2000  reward=+2.7952 log2  ep_best=4.1665 log2 ('RLGRKLVRRVQGLRRKWVW')  global_best=2.1338 log2  τ=1.35  β=0.067
Ep 729/2000  reward=+3.3674 log2  ep_best=3.5942 log2 ('RIARKLYRFVKGLKKKKWK')  global_best=2.1338 log2  τ=1.34  β=0.067
Ep 730/2000  reward=+3.7964 log2  ep_best=3.1652 log2 ('RVSRNKVRYVKVAWWRWRW')  global_best=2.1338 log2  τ=1.34  β=0.067
Ep 731/2000  reward=+4.0170 log2  ep_best=2.9447 log2 ('RLGRKNVRFLKGLKWRWWW')  global_best=2.1338 log2  τ=1.34  β=0.067
Ep 732/2000  reward=+3.3486 log2  ep_best=3.6131 log2 ('RVARKLVRYVKGLRKKWWW')  global_best=2.1338 log2  τ=1.34  β=0.067
Ep 733/2000  reward=+3.5740 log2  ep_best=3.3876 log2 ('RLGRKKVRYVKGLRKWWWW')  global_best=2.1338 log2  τ=1.34  β=0.067
Ep 734/2000  reward=+3.7354 log2  ep_best=3.2262 log2 ('RVGRKLVRFVKGLWKWWRW')  global_best=2.1338 log2  τ=1.34  β=0.067
Ep 735/2000  reward=+4.0215 log2  ep_best=2.9401 log2 ('RLARKLVRYVKVARWRWRW')  global_best=2.1338 log2  τ=1.34  β=0.067
Ep 736/2000  reward=+3.9254 log2  ep_best=3.0363 log2 ('RLARKLVRYVKGLRKWWRW')  global_best=2.1338 log2  τ=1.34  β=0.067
Ep 737/2000  reward=+2.5105 log2  ep_best=4.4511 log2 ('RGGRKLVRFVQGLKKWKVW')  global_best=2.1338 log2  τ=1.34  β=0.067
Ep 738/2000  reward=+1.8905 log2  ep_best=5.0712 log2 ('RVGRKNVRRVKVAWWRWCW')  global_best=2.1338 log2  τ=1.34  β=0.067
Ep 739/2000  reward=+2.3904 log2  ep_best=4.5713 log2 ('RVARKLVRRVKVARRWRRW')  global_best=2.1338 log2  τ=1.34  β=0.067
Ep 740/2000  reward=+2.9988 log2  ep_best=3.9628 log2 ('RVGRKNVRYVLVAWKRWRW')  global_best=2.1338 log2  τ=1.33  β=0.067
Ep 741/2000  reward=+4.5031 log2  ep_best=2.4585 log2 ('RLGRKLVRYVKGLWKWKRW')  global_best=2.1338 log2  τ=1.33  β=0.067
Ep 742/2000  reward=+3.3405 log2  ep_best=3.6212 log2 ('RVGRKNVRFVKGLWKWWRW')  global_best=2.1338 log2  τ=1.33  β=0.067
Ep 743/2000  reward=+3.9208 log2  ep_best=3.0408 log2 ('RVGRKLVRYVKGLWKRWRW')  global_best=2.1338 log2  τ=1.33  β=0.067
Ep 744/2000  reward=+4.1021 log2  ep_best=2.8595 log2 ('RLGRKLVRFVKGLWKWKRW')  global_best=2.1338 log2  τ=1.33  β=0.067
Ep 745/2000  reward=+3.4263 log2  ep_best=3.5353 log2 ('RVARKLVRFVKGLWKRWRW')  global_best=2.1338 log2  τ=1.33  β=0.067
Ep 746/2000  reward=+3.8252 log2  ep_best=3.1365 log2 ('RVARKNVRYVKVAWWRWRW')  global_best=2.1338 log2  τ=1.33  β=0.066
Ep 747/2000  reward=+4.1040 log2  ep_best=2.8577 log2 ('RLGRKLVRFVKGLKKWKWW')  global_best=2.1338 log2  τ=1.33  β=0.066
Ep 748/2000  reward=+3.7410 log2  ep_best=3.2207 log2 ('RVGRKLVRFVLGLWKRWWW')  global_best=2.1338 log2  τ=1.33  β=0.066
Ep 749/2000  reward=+4.6532 log2  ep_best=2.3085 log2 ('RLARKLVRFVKVAKKWLWW')  global_best=2.1338 log2  τ=1.33  β=0.066
Ep 750/2000  reward=+3.7636 log2  ep_best=3.1981 log2 ('RLGRKLVRRLKGLYRKWRW')  global_best=2.1338 log2  τ=1.33  β=0.066
Ep 751/2000  reward=+3.3089 log2  ep_best=3.6528 log2 ('RVARKKVRYVKGLWWRWRR')  global_best=2.1338 log2  τ=1.32  β=0.066
Ep 752/2000  reward=+3.7069 log2  ep_best=3.2547 log2 ('RGGRKLVRFVKGLWKWKRW')  global_best=2.1338 log2  τ=1.32  β=0.066
Ep 753/2000  reward=+2.7977 log2  ep_best=4.1640 log2 ('RVGRKNVRYLKGLYYKWRW')  global_best=2.1338 log2  τ=1.32  β=0.066
Ep 754/2000  reward=+4.0811 log2  ep_best=2.8806 log2 ('RLGRKLVRFVKGLKWWWRW')  global_best=2.1338 log2  τ=1.32  β=0.066
Ep 755/2000  reward=+4.1040 log2  ep_best=2.8577 log2 ('RLGRKLVRFVKGLKKWKWW')  global_best=2.1338 log2  τ=1.32  β=0.066
Ep 756/2000  reward=+3.3418 log2  ep_best=3.6199 log2 ('RVGRKLVRFVKGLWKWWRR')  global_best=2.1338 log2  τ=1.32  β=0.066
Ep 757/2000  reward=+3.6906 log2  ep_best=3.2711 log2 ('RVARKNVRYVKGLWKRWWW')  global_best=2.1338 log2  τ=1.32  β=0.066
Ep 758/2000  reward=+2.7132 log2  ep_best=4.2484 log2 ('RGARKLVRYVQGLWKKKVW')  global_best=2.1338 log2  τ=1.32  β=0.066
Ep 759/2000  reward=+3.8252 log2  ep_best=3.1365 log2 ('RVARKNVRYVKVAWWRWRW')  global_best=2.1338 log2  τ=1.32  β=0.066
Ep 760/2000  reward=+3.6505 log2  ep_best=3.3111 log2 ('RVARKLVRFVKGLKKWWWW')  global_best=2.1338 log2  τ=1.32  β=0.066
Ep 761/2000  reward=+3.0456 log2  ep_best=3.9161 log2 ('RVGRKLVRYVQGLKKWKVK')  global_best=2.1338 log2  τ=1.32  β=0.066
Ep 762/2000  reward=+3.3044 log2  ep_best=3.6573 log2 ('RVGRKKVRYVKGLWWRRRW')  global_best=2.1338 log2  τ=1.31  β=0.066
Ep 763/2000  reward=+4.5276 log2  ep_best=2.4340 log2 ('RLSRKLVRYVKGLWKWKRW')  global_best=2.1338 log2  τ=1.31  β=0.066
Ep 764/2000  reward=+3.6149 log2  ep_best=3.3467 log2 ('RLGRKNVRFVKGLWWWKRW')  global_best=2.1338 log2  τ=1.31  β=0.066
Ep 765/2000  reward=+2.7309 log2  ep_best=4.2307 log2 ('RGGRKLVRYVQGLKRWKVW')  global_best=2.1338 log2  τ=1.31  β=0.066
Ep 766/2000  reward=+3.6105 log2  ep_best=3.3511 log2 ('RVGRKLVRFVKGLKKWWWW')  global_best=2.1338 log2  τ=1.31  β=0.066
Ep 767/2000  reward=+3.2366 log2  ep_best=3.7250 log2 ('RSGRKLVRFVKGLWKWWRR')  global_best=2.1338 log2  τ=1.31  β=0.066
Ep 768/2000  reward=+3.6505 log2  ep_best=3.3111 log2 ('RVARKLVRFVKGLKKWWWW')  global_best=2.1338 log2  τ=1.31  β=0.065
Ep 769/2000  reward=+2.5302 log2  ep_best=4.4314 log2 ('RGARKKVRYVWVLRRWRCW')  global_best=2.1338 log2  τ=1.31  β=0.065
Ep 770/2000  reward=+2.5382 log2  ep_best=4.4234 log2 ('RVGRKKVRFLKGLWKWKRR')  global_best=2.1338 log2  τ=1.31  β=0.065
Ep 771/2000  reward=+3.4041 log2  ep_best=3.5575 log2 ('RLARKLVRFVKGLWKWKRR')  global_best=2.1338 log2  τ=1.31  β=0.065
Ep 772/2000  reward=+3.7492 log2  ep_best=3.2124 log2 ('RVGRKLVRYVLGLWKRWRR')  global_best=2.1338 log2  τ=1.31  β=0.065
Ep 773/2000  reward=+3.1934 log2  ep_best=3.7682 log2 ('RVGRKNVRFVLGLWKRWRW')  global_best=2.1338 log2  τ=1.30  β=0.065
Ep 774/2000  reward=+3.7354 log2  ep_best=3.2262 log2 ('RVGRKLVRFVKGLWKWWRW')  global_best=2.1338 log2  τ=1.30  β=0.065
Ep 775/2000  reward=+3.7069 log2  ep_best=3.2547 log2 ('RGGRKLVRFVKGLWKWKRW')  global_best=2.1338 log2  τ=1.30  β=0.065
Ep 776/2000  reward=+1.8579 log2  ep_best=5.1037 log2 ('RVGRKKVRYVLVARRRRRW')  global_best=2.1338 log2  τ=1.30  β=0.065
Ep 777/2000  reward=+3.2166 log2  ep_best=3.7450 log2 ('RGARKLVRFVKGLWKWWRR')  global_best=2.1338 log2  τ=1.30  β=0.065
Ep 778/2000  reward=+3.8235 log2  ep_best=3.1382 log2 ('RVARKLVRFVKGLWKWWWW')  global_best=2.1338 log2  τ=1.30  β=0.065
Ep 779/2000  reward=+3.3184 log2  ep_best=3.6432 log2 ('RVGRKNVRYVKVAWWRWRW')  global_best=2.1338 log2  τ=1.30  β=0.065
Ep 780/2000  reward=+3.4761 log2  ep_best=3.4855 log2 ('RVARKKVRYVWGLYRWRRW')  global_best=2.1338 log2  τ=1.30  β=0.065
Ep 781/2000  reward=+2.0900 log2  ep_best=4.8717 log2 ('RAARKLVRFVQGLKKKKFK')  global_best=2.1338 log2  τ=1.30  β=0.065
Ep 782/2000  reward=+4.2864 log2  ep_best=2.6752 log2 ('RLARKLVRYVKVARYKWWW')  global_best=2.1338 log2  τ=1.30  β=0.065
Ep 783/2000  reward=+3.4471 log2  ep_best=3.5146 log2 ('RVGRKLVRFLQGLWKWKRW')  global_best=2.1338 log2  τ=1.30  β=0.065
Ep 784/2000  reward=+2.5053 log2  ep_best=4.4564 log2 ('RVARNKCRRVKLAWWRWRW')  global_best=2.1338 log2  τ=1.29  β=0.065
Ep 785/2000  reward=+2.9105 log2  ep_best=4.0512 log2 ('RVARKKVRFVLVAWWWWRR')  global_best=2.1338 log2  τ=1.29  β=0.065
Ep 786/2000  reward=+3.7155 log2  ep_best=3.2461 log2 ('RLGRKKVRRVWGLRRWRYW')  global_best=2.1338 log2  τ=1.29  β=0.065
Ep 787/2000  reward=+3.3405 log2  ep_best=3.6212 log2 ('RVGRKNVRFVKGLWKWWRW')  global_best=2.1338 log2  τ=1.29  β=0.065
Ep 788/2000  reward=+3.9208 log2  ep_best=3.0408 log2 ('RVGRKLVRYVKGLWKRWRW')  global_best=2.1338 log2  τ=1.29  β=0.065
Ep 789/2000  reward=+1.9846 log2  ep_best=4.9771 log2 ('RGGRKLVRYIQGLRRKWVW')  global_best=2.1338 log2  τ=1.29  β=0.065
Ep 790/2000  reward=+3.6193 log2  ep_best=3.3424 log2 ('RVARKLVRFVKGLWKKKYK')  global_best=2.1338 log2  τ=1.29  β=0.064
Ep 791/2000  reward=+3.9208 log2  ep_best=3.0408 log2 ('RVGRKLVRYVKGLWKRWRW')  global_best=2.1338 log2  τ=1.29  β=0.064
Ep 792/2000  reward=+3.1986 log2  ep_best=3.7630 log2 ('RVGRKNVRYVKGLWKRWRW')  global_best=2.1338 log2  τ=1.29  β=0.064
Ep 793/2000  reward=+3.3617 log2  ep_best=3.6000 log2 ('RVGRKNVRFVLVAKWWWRW')  global_best=2.1338 log2  τ=1.29  β=0.064
Ep 794/2000  reward=+4.0954 log2  ep_best=2.8662 log2 ('RLSRKLVRFVKGLKKWWWW')  global_best=2.1338 log2  τ=1.29  β=0.064
Ep 795/2000  reward=+4.6719 log2  ep_best=2.2898 log2 ('RSARKLVRRVWGLKWKKVW')  global_best=2.1338 log2  τ=1.29  β=0.064
Ep 796/2000  reward=+2.0648 log2  ep_best=4.8968 log2 ('RGGRKLVRFVKGLKWRRRR')  global_best=2.1338 log2  τ=1.28  β=0.064
Ep 797/2000  reward=+3.2937 log2  ep_best=3.6679 log2 ('RVGRKLVRFVKGLWWWKRR')  global_best=2.1338 log2  τ=1.28  β=0.064
Ep 798/2000  reward=+4.2205 log2  ep_best=2.7412 log2 ('RLGRKLVRYVKVAKKWWWW')  global_best=2.1338 log2  τ=1.28  β=0.064
Ep 799/2000  reward=+3.9835 log2  ep_best=2.9781 log2 ('RLARKLVRFVKGLWKWKRW')  global_best=2.1338 log2  τ=1.28  β=0.064
Ep 800/2000  reward=+3.7979 log2  ep_best=3.1637 log2 ('RVARKKVRYVKVAWWRKRW')  global_best=2.1338 log2  τ=1.28  β=0.064
Ep 801/2000  reward=+4.0887 log2  ep_best=2.8730 log2 ('RLSRKLVRYVKGAWKWWRW')  global_best=2.1338 log2  τ=1.28  β=0.064
Ep 802/2000  reward=+2.7665 log2  ep_best=4.1952 log2 ('RVGRKNVRYVKGLYRWRRW')  global_best=2.1338 log2  τ=1.28  β=0.064
Ep 803/2000  reward=+3.0769 log2  ep_best=3.8847 log2 ('RVGRKNVRYVLGLWKRKRW')  global_best=2.1338 log2  τ=1.28  β=0.064
Ep 804/2000  reward=+3.5337 log2  ep_best=3.4280 log2 ('RVGRKLVRYVKGLRRKWVK')  global_best=2.1338 log2  τ=1.28  β=0.064
Ep 805/2000  reward=+2.1966 log2  ep_best=4.7650 log2 ('RVARKLCRFGKGMWWRKRR')  global_best=2.1338 log2  τ=1.28  β=0.064
Ep 806/2000  reward=+2.7737 log2  ep_best=4.1879 log2 ('RGGRKLVRFVQGLKKWKVK')  global_best=2.1338 log2  τ=1.28  β=0.064
Ep 807/2000  reward=+3.2166 log2  ep_best=3.7450 log2 ('RGARKLVRFVKGLWKWWRR')  global_best=2.1338 log2  τ=1.27  β=0.064
Ep 808/2000  reward=+3.2182 log2  ep_best=3.7435 log2 ('RVGRKNVRYVKGLWWRWRW')  global_best=2.1338 log2  τ=1.27  β=0.064
Ep 809/2000  reward=+3.9742 log2  ep_best=2.9874 log2 ('RLARKLVRFVKGLKKWWWW')  global_best=2.1338 log2  τ=1.27  β=0.064
Ep 810/2000  reward=+3.9946 log2  ep_best=2.9670 log2 ('RLARKLVRYVKVAWWWWRW')  global_best=2.1338 log2  τ=1.27  β=0.064
Ep 811/2000  reward=+3.5272 log2  ep_best=3.4344 log2 ('RVGRKNVRYVLGLWKRWRW')  global_best=2.1338 log2  τ=1.27  β=0.064
Ep 812/2000  reward=+2.7078 log2  ep_best=4.2538 log2 ('RMARNLVRYVKGLKKWKYI')  global_best=2.1338 log2  τ=1.27  β=0.063
Ep 813/2000  reward=+4.0527 log2  ep_best=2.9089 log2 ('RLGRKLVRYSLVAWKRWWW')  global_best=2.1338 log2  τ=1.27  β=0.063
Ep 814/2000  reward=+3.7354 log2  ep_best=3.2262 log2 ('RVGRKLVRFVKGLWKWWRW')  global_best=2.1338 log2  τ=1.27  β=0.063
Ep 815/2000  reward=+3.2937 log2  ep_best=3.6679 log2 ('RVGRKLVRFVKGLWWWKRR')  global_best=2.1338 log2  τ=1.27  β=0.063
Ep 816/2000  reward=+3.4343 log2  ep_best=3.5274 log2 ('RLARKLVRFVLVAWKRWRR')  global_best=2.1338 log2  τ=1.27  β=0.063
Ep 817/2000  reward=+2.6639 log2  ep_best=4.2977 log2 ('RSGRKLVRFVQGLKWKKVW')  global_best=2.1338 log2  τ=1.27  β=0.063
Ep 818/2000  reward=+2.5463 log2  ep_best=4.4153 log2 ('RMGRKLVRFLKGLRRRRVW')  global_best=2.1338 log2  τ=1.26  β=0.063
Ep 819/2000  reward=+2.7758 log2  ep_best=4.1858 log2 ('RGARKLVRFVQGLKWRKVW')  global_best=2.1338 log2  τ=1.26  β=0.063
Ep 820/2000  reward=+3.5424 log2  ep_best=3.4193 log2 ('RKARKLVRWAKGLWWWKRR')  global_best=2.1338 log2  τ=1.26  β=0.063
Ep 821/2000  reward=+3.1271 log2  ep_best=3.8346 log2 ('RVGRKNVRFVKGLWKWWYW')  global_best=2.1338 log2  τ=1.26  β=0.063
Ep 822/2000  reward=+4.5031 log2  ep_best=2.4585 log2 ('RLGRKLVRYVKGLWKWKRW')  global_best=2.1338 log2  τ=1.26  β=0.063
Ep 823/2000  reward=+3.7635 log2  ep_best=3.1981 log2 ('RKGRWLVRFGKGLKKRLWW')  global_best=2.1338 log2  τ=1.26  β=0.063
Ep 824/2000  reward=+2.9649 log2  ep_best=3.9967 log2 ('RIGRKLYRRKKFMKRWWCW')  global_best=2.1338 log2  τ=1.26  β=0.063
Ep 825/2000  reward=+4.1021 log2  ep_best=2.8595 log2 ('RLGRKLVRFVKGLWKWKRW')  global_best=2.1338 log2  τ=1.26  β=0.063
Ep 826/2000  reward=+3.4435 log2  ep_best=3.5181 log2 ('RVGRKLVRFVKGLWKRWRW')  global_best=2.1338 log2  τ=1.26  β=0.063
Ep 827/2000  reward=+2.6925 log2  ep_best=4.2691 log2 ('RAARKLVRFVKGLKKWKRI')  global_best=2.1338 log2  τ=1.26  β=0.063
Ep 828/2000  reward=+3.5540 log2  ep_best=3.4076 log2 ('RGGRKLVRFVKGLKKWWRF')  global_best=2.1338 log2  τ=1.26  β=0.063
Ep 829/2000  reward=+3.9254 log2  ep_best=3.0363 log2 ('RLARKLVRYVKGLRKWWRW')  global_best=2.1338 log2  τ=1.25  β=0.063
Ep 830/2000  reward=+3.7354 log2  ep_best=3.2262 log2 ('RVGRKLVRFVKGLWKWWRW')  global_best=2.1338 log2  τ=1.25  β=0.063
Ep 831/2000  reward=+3.6097 log2  ep_best=3.3519 log2 ('RLGRKLVRFVKGLKKWKRW')  global_best=2.1338 log2  τ=1.25  β=0.063
Ep 832/2000  reward=+3.1994 log2  ep_best=3.7623 log2 ('RLARKLVRFGKGLKKWKWW')  global_best=2.1338 log2  τ=1.25  β=0.063
Ep 833/2000  reward=+3.0811 log2  ep_best=3.8805 log2 ('RGARKLVRFGKGLWKWKRF')  global_best=2.1338 log2  τ=1.25  β=0.063
Ep 834/2000  reward=+3.0770 log2  ep_best=3.8846 log2 ('RLGRWKCRRVWGLRRWRRW')  global_best=2.1338 log2  τ=1.25  β=0.062
Ep 835/2000  reward=+2.0545 log2  ep_best=4.9071 log2 ('RVARKLVRYLKGLKKKKVK')  global_best=2.1338 log2  τ=1.25  β=0.062
Ep 836/2000  reward=+2.5647 log2  ep_best=4.3969 log2 ('RLGRKLVRFKKGLKKKKWW')  global_best=2.1338 log2  τ=1.25  β=0.062
Ep 837/2000  reward=+4.1021 log2  ep_best=2.8595 log2 ('RLGRKLVRFVKGLWKWKRW')  global_best=2.1338 log2  τ=1.25  β=0.062
Ep 838/2000  reward=+2.8188 log2  ep_best=4.1428 log2 ('RVGRKNVRFVKGLKKWWWW')  global_best=2.1338 log2  τ=1.25  β=0.062
Ep 839/2000  reward=+3.5498 log2  ep_best=3.4118 log2 ('RLGRKLVRFVKGLKKWKWR')  global_best=2.1338 log2  τ=1.25  β=0.062
Ep 840/2000  reward=+3.6285 log2  ep_best=3.3331 log2 ('RVGRKLVRYVKGLRKWWRW')  global_best=2.1338 log2  τ=1.24  β=0.062
Ep 841/2000  reward=+4.2409 log2  ep_best=2.7207 log2 ('RLSRKLVRYVKGLRKWWRW')  global_best=2.1338 log2  τ=1.24  β=0.062
Ep 842/2000  reward=+2.7497 log2  ep_best=4.2119 log2 ('RGGRKLVRFVKGLKKWKVI')  global_best=2.1338 log2  τ=1.24  β=0.062
Ep 843/2000  reward=+4.3195 log2  ep_best=2.6421 log2 ('RLGRKLVRFLKVAKKWWWW')  global_best=2.1338 log2  τ=1.24  β=0.062
Ep 844/2000  reward=+2.9467 log2  ep_best=4.0149 log2 ('RVGRKNVRFVKGLWKWKRW')  global_best=2.1338 log2  τ=1.24  β=0.062
Ep 845/2000  reward=+3.1156 log2  ep_best=3.8461 log2 ('RVARKLVRYVKGLRRKWRW')  global_best=2.1338 log2  τ=1.24  β=0.062
Ep 846/2000  reward=+3.2361 log2  ep_best=3.7255 log2 ('RGGRKLVRYVKGLYRKWVW')  global_best=2.1338 log2  τ=1.24  β=0.062
Ep 847/2000  reward=+2.8295 log2  ep_best=4.1322 log2 ('RVGRKNVRRVLVAWWRWRW')  global_best=2.1338 log2  τ=1.24  β=0.062
Ep 848/2000  reward=+3.1584 log2  ep_best=3.8033 log2 ('RVARNLVRFVKGLWKWKRK')  global_best=2.1338 log2  τ=1.24  β=0.062
Ep 849/2000  reward=+3.3247 log2  ep_best=3.6369 log2 ('RVGRKLVRYVKGLRKKWWW')  global_best=2.1338 log2  τ=1.24  β=0.062
Ep 850/2000  reward=+3.9835 log2  ep_best=2.9781 log2 ('RLARKLVRFVKGLWKWKRW')  global_best=2.1338 log2  τ=1.24  β=0.062
Ep 851/2000  reward=+4.4635 log2  ep_best=2.4981 log2 ('RLARKLVRFVKVAKKWWWW')  global_best=2.1338 log2  τ=1.23  β=0.062
Ep 852/2000  reward=+2.5628 log2  ep_best=4.3989 log2 ('RVGRKKVRYVKGLWKRWRR')  global_best=2.1338 log2  τ=1.23  β=0.062
Ep 853/2000  reward=+3.1127 log2  ep_best=3.8489 log2 ('RVARKLVRFVKGLWKWKRR')  global_best=2.1338 log2  τ=1.23  β=0.062
Ep 854/2000  reward=+2.1318 log2  ep_best=4.8298 log2 ('RGGRKLVRYIQGLRRKWVK')  global_best=2.1338 log2  τ=1.23  β=0.062
Ep 855/2000  reward=+2.8188 log2  ep_best=4.1428 log2 ('RVGRKNVRFVKGLKKWWWW')  global_best=2.1338 log2  τ=1.23  β=0.062
Ep 856/2000  reward=+3.2209 log2  ep_best=3.7408 log2 ('RVGRKLVRYIQGLRWKKVW')  global_best=2.1338 log2  τ=1.23  β=0.062
Ep 857/2000  reward=+3.9183 log2  ep_best=3.0433 log2 ('RLGRKLVRFVKGLYKWKRW')  global_best=2.1338 log2  τ=1.23  β=0.061
Ep 858/2000  reward=+3.9208 log2  ep_best=3.0408 log2 ('RVGRKLVRYVKGLWKRWRW')  global_best=2.1338 log2  τ=1.23  β=0.061
Ep 859/2000  reward=+4.3087 log2  ep_best=2.6529 log2 ('RLARKLVRFVKVAWKRWWW')  global_best=2.1338 log2  τ=1.23  β=0.061
Ep 860/2000  reward=+3.2537 log2  ep_best=3.7080 log2 ('RVARKLYRFVKGLKKKKWK')  global_best=2.1338 log2  τ=1.23  β=0.061
Ep 861/2000  reward=+2.9929 log2  ep_best=3.9687 log2 ('RGGRKLVRFVKGLWKWKRR')  global_best=2.1338 log2  τ=1.23  β=0.061
Ep 862/2000  reward=+3.6105 log2  ep_best=3.3511 log2 ('RVGRKLVRFVKGLKKWWWW')  global_best=2.1338 log2  τ=1.22  β=0.061
Ep 863/2000  reward=+2.9707 log2  ep_best=3.9910 log2 ('RGGRKLVRYVKGLKKWKVI')  global_best=2.1338 log2  τ=1.22  β=0.061
Ep 864/2000  reward=+3.7906 log2  ep_best=3.1710 log2 ('RLGRKLVRYVKGAWKWKRW')  global_best=2.1338 log2  τ=1.22  β=0.061
Ep 865/2000  reward=+4.1074 log2  ep_best=2.8543 log2 ('RLGRKLVRYVKGLRKWWRW')  global_best=2.1338 log2  τ=1.22  β=0.061
Ep 866/2000  reward=+3.9208 log2  ep_best=3.0408 log2 ('RVGRKLVRYVKGLWKRWRW')  global_best=2.1338 log2  τ=1.22  β=0.061
Ep 867/2000  reward=+3.5255 log2  ep_best=3.4361 log2 ('RGARKLVRFIKGLRFKKWK')  global_best=2.1338 log2  τ=1.22  β=0.061
Ep 868/2000  reward=+4.1074 log2  ep_best=2.8543 log2 ('RLGRKLVRYVKGLRKWWRW')  global_best=2.1338 log2  τ=1.22  β=0.061
Ep 869/2000  reward=+3.8252 log2  ep_best=3.1365 log2 ('RVARKNVRYVKVAWWRWRW')  global_best=2.1338 log2  τ=1.22  β=0.061
Ep 870/2000  reward=+3.6105 log2  ep_best=3.3511 log2 ('RVGRKLVRFVKGLKKWWWW')  global_best=2.1338 log2  τ=1.22  β=0.061
Ep 871/2000  reward=+1.5727 log2  ep_best=5.3890 log2 ('RVARKLYRRKKGVRRKWRW')  global_best=2.1338 log2  τ=1.22  β=0.061
Ep 872/2000  reward=+3.8252 log2  ep_best=3.1365 log2 ('RVARKNVRYVKVAWWRWRW')  global_best=2.1338 log2  τ=1.22  β=0.061
Ep 873/2000  reward=+2.3423 log2  ep_best=4.6194 log2 ('RVARNKYRYVQVVRRWWRW')  global_best=2.1338 log2  τ=1.21  β=0.061
Ep 874/2000  reward=+3.7155 log2  ep_best=3.2461 log2 ('RLGRKKVRRVWGLRRWRYW')  global_best=2.1338 log2  τ=1.21  β=0.061
Ep 875/2000  reward=+3.0365 log2  ep_best=3.9252 log2 ('RVARKKVRFGLGLWKRWWR')  global_best=2.1338 log2  τ=1.21  β=0.061
Ep 876/2000  reward=+3.8588 log2  ep_best=3.1029 log2 ('RLARKNVRYVWGLYRKRWW')  global_best=2.1338 log2  τ=1.21  β=0.061
Ep 877/2000  reward=+3.9835 log2  ep_best=2.9781 log2 ('RLARKLVRFVKGLWKWKRW')  global_best=2.1338 log2  τ=1.21  β=0.061
Ep 878/2000  reward=+4.1021 log2  ep_best=2.8595 log2 ('RLGRKLVRFVKGLWKWKRW')  global_best=2.1338 log2  τ=1.21  β=0.061
Ep 879/2000  reward=+1.9289 log2  ep_best=5.0327 log2 ('RSGRKLYRRKKVVRRKWWW')  global_best=2.1338 log2  τ=1.21  β=0.060
Ep 880/2000  reward=+3.8268 log2  ep_best=3.1348 log2 ('RGGRKLVRYVKGLYRKWVK')  global_best=2.1338 log2  τ=1.21  β=0.060
Ep 881/2000  reward=+4.1021 log2  ep_best=2.8595 log2 ('RLGRKLVRFVKGLWKWKRW')  global_best=2.1338 log2  τ=1.21  β=0.060
Ep 882/2000  reward=+3.9187 log2  ep_best=3.0430 log2 ('RLARKLVRFVKVMKKRWWW')  global_best=2.1338 log2  τ=1.21  β=0.060
Ep 883/2000  reward=+3.0210 log2  ep_best=3.9406 log2 ('RVARKNVRYVNVAWWRWRW')  global_best=2.1338 log2  τ=1.21  β=0.060
Ep 884/2000  reward=+2.8917 log2  ep_best=4.0699 log2 ('RLGRKKVRRKWGLRRNRWW')  global_best=2.1338 log2  τ=1.20  β=0.060
Ep 885/2000  reward=+4.0811 log2  ep_best=2.8806 log2 ('RLGRKLVRFVKGLKWWWRW')  global_best=2.1338 log2  τ=1.20  β=0.060
Ep 886/2000  reward=+4.2586 log2  ep_best=2.7030 log2 ('RVGRKLVRYLKGLWKKKVW')  global_best=2.1338 log2  τ=1.20  β=0.060
Ep 887/2000  reward=+3.8431 log2  ep_best=3.1186 log2 ('RLARKLVRYVKVARRWWRW')  global_best=2.1338 log2  τ=1.20  β=0.060
Ep 888/2000  reward=+3.6105 log2  ep_best=3.3511 log2 ('RVGRKLVRFVKGLKKWWWW')  global_best=2.1338 log2  τ=1.20  β=0.060
Ep 889/2000  reward=+3.8072 log2  ep_best=3.1545 log2 ('RVARKLVRFVWGLWKRWWW')  global_best=2.1338 log2  τ=1.20  β=0.060
Ep 890/2000  reward=+4.1361 log2  ep_best=2.8255 log2 ('RLSRKLVRFVKGLWKWKRW')  global_best=2.1338 log2  τ=1.20  β=0.060
Ep 891/2000  reward=+3.8782 log2  ep_best=3.0834 log2 ('RVARKKVRYVNVAWKRWWW')  global_best=2.1338 log2  τ=1.20  β=0.060
Ep 892/2000  reward=+4.4532 log2  ep_best=2.5084 log2 ('RLGRKLVRYVKVAWKWWWW')  global_best=2.1338 log2  τ=1.20  β=0.060
Ep 893/2000  reward=+2.8800 log2  ep_best=4.0816 log2 ('RVGRWKVRRVKVLRRRRFR')  global_best=2.1338 log2  τ=1.20  β=0.060
Ep 894/2000  reward=+2.8621 log2  ep_best=4.0996 log2 ('RVGRKNVRFVLGLKKRWWW')  global_best=2.1338 log2  τ=1.20  β=0.060
Ep 895/2000  reward=+3.6105 log2  ep_best=3.3511 log2 ('RVGRKLVRFVKGLKKWWWW')  global_best=2.1338 log2  τ=1.19  β=0.060
Ep 896/2000  reward=+1.3130 log2  ep_best=5.6487 log2 ('RLARNLCRRVWVAWWWWRW')  global_best=2.1338 log2  τ=1.19  β=0.060
Ep 897/2000  reward=+3.3548 log2  ep_best=3.6068 log2 ('RLARKLVRYVQGLWRKKVW')  global_best=2.1338 log2  τ=1.19  β=0.060
Ep 898/2000  reward=+2.9597 log2  ep_best=4.0020 log2 ('RVGRKLVRFVQGLWKKKVW')  global_best=2.1338 log2  τ=1.19  β=0.060
Ep 899/2000  reward=+4.4635 log2  ep_best=2.4981 log2 ('RLARKLVRFVKVAKKWWWW')  global_best=2.1338 log2  τ=1.19  β=0.060
Ep 900/2000  reward=+4.5031 log2  ep_best=2.4585 log2 ('RLGRKLVRYVKGLWKWKRW')  global_best=2.1338 log2  τ=1.19  β=0.060
Ep 901/2000  reward=+3.6097 log2  ep_best=3.3519 log2 ('RLGRKLVRFVKGLKKWKRW')  global_best=2.1338 log2  τ=1.19  β=0.059
Ep 902/2000  reward=+4.6927 log2  ep_best=2.2689 log2 ('RLARKLVRYVKVAWKWWWW')  global_best=2.1338 log2  τ=1.19  β=0.059
Ep 903/2000  reward=+2.3110 log2  ep_best=4.6506 log2 ('RVGRKNVRYVKGLWKRWCW')  global_best=2.1338 log2  τ=1.19  β=0.059
Ep 904/2000  reward=+2.0910 log2  ep_best=4.8706 log2 ('RSGRKLVRWLQGLKKKKVK')  global_best=2.1338 log2  τ=1.19  β=0.059
Ep 905/2000  reward=+3.7505 log2  ep_best=3.2111 log2 ('RGARKLVRFVKGLKKWKVW')  global_best=2.1338 log2  τ=1.19  β=0.059
Ep 906/2000  reward=+3.7011 log2  ep_best=3.2606 log2 ('RVGRKLVRFVKGLWKWKRW')  global_best=2.1338 log2  τ=1.19  β=0.059
Ep 907/2000  reward=+3.7354 log2  ep_best=3.2262 log2 ('RVGRKLVRFVKGLWKWWRW')  global_best=2.1338 log2  τ=1.18  β=0.059
Ep 908/2000  reward=+4.1361 log2  ep_best=2.8255 log2 ('RLSRKLVRFVKGLWKWKRW')  global_best=2.1338 log2  τ=1.18  β=0.059
Ep 909/2000  reward=+3.9279 log2  ep_best=3.0338 log2 ('RLGRKLVRFVKGLYKWWRW')  global_best=2.1338 log2  τ=1.18  β=0.059
Ep 910/2000  reward=+2.4950 log2  ep_best=4.4667 log2 ('RVARKLVRFGKGLKKWKRW')  global_best=2.1338 log2  τ=1.18  β=0.059
Ep 911/2000  reward=+4.1074 log2  ep_best=2.8543 log2 ('RLGRKLVRYVKGLRKWWRW')  global_best=2.1338 log2  τ=1.18  β=0.059
Ep 912/2000  reward=+3.1869 log2  ep_best=3.7747 log2 ('RLARKLVRFVLHAWWWWRW')  global_best=2.1338 log2  τ=1.18  β=0.059
Ep 913/2000  reward=+3.8621 log2  ep_best=3.0995 log2 ('RVARKLVRYVKVLRRWRWW')  global_best=2.1338 log2  τ=1.18  β=0.059
Ep 914/2000  reward=+3.5980 log2  ep_best=3.3636 log2 ('RGARKLVRFVKGLWKWKRI')  global_best=2.1338 log2  τ=1.18  β=0.059
Ep 915/2000  reward=+2.4828 log2  ep_best=4.4788 log2 ('RVGRKNVRYVNVAWWRWRW')  global_best=2.1338 log2  τ=1.18  β=0.059
Ep 916/2000  reward=+4.0255 log2  ep_best=2.9361 log2 ('RGGRKLVRFVKGLKWWKVW')  global_best=2.1338 log2  τ=1.18  β=0.059
Ep 917/2000  reward=+3.7011 log2  ep_best=3.2606 log2 ('RVGRKLVRFVKGLWKWKRW')  global_best=2.1338 log2  τ=1.18  β=0.059
Ep 918/2000  reward=+3.4775 log2  ep_best=3.4841 log2 ('RVGRKLVRYVKGLYFKKWL')  global_best=2.1338 log2  τ=1.17  β=0.059
Ep 919/2000  reward=+3.6892 log2  ep_best=3.2725 log2 ('RLGRKLVRYALGLWRRRRR')  global_best=2.1338 log2  τ=1.17  β=0.059
Ep 920/2000  reward=+2.1377 log2  ep_best=4.8239 log2 ('RAGRKLVRFVKGLKKRWRI')  global_best=2.1338 log2  τ=1.17  β=0.059
Ep 921/2000  reward=+3.4595 log2  ep_best=3.5022 log2 ('RVARKLVRYVKGLRRWWWW')  global_best=2.1338 log2  τ=1.17  β=0.059
Ep 922/2000  reward=+3.8284 log2  ep_best=3.1333 log2 ('RLARKLVRYVKGLYRKWRW')  global_best=2.1338 log2  τ=1.17  β=0.059
Ep 923/2000  reward=+2.9439 log2  ep_best=4.0178 log2 ('RVGRKLVRFVQGLKKWKVW')  global_best=2.1338 log2  τ=1.17  β=0.058
Ep 924/2000  reward=+3.9275 log2  ep_best=3.0341 log2 ('RLGRKLVRRVWGLYRKRRW')  global_best=2.1338 log2  τ=1.17  β=0.058
Ep 925/2000  reward=+3.9279 log2  ep_best=3.0338 log2 ('RLGRKLVRFVKGLYKWWRW')  global_best=2.1338 log2  τ=1.17  β=0.058
Ep 926/2000  reward=+4.5031 log2  ep_best=2.4585 log2 ('RLGRKLVRYVKGLWKWKRW')  global_best=2.1338 log2  τ=1.17  β=0.058
Ep 927/2000  reward=+3.0456 log2  ep_best=3.9161 log2 ('RVGRKLVRYVQGLKKWKVK')  global_best=2.1338 log2  τ=1.17  β=0.058
Ep 928/2000  reward=+3.3405 log2  ep_best=3.6212 log2 ('RVGRKNVRFVKGLWKWWRW')  global_best=2.1338 log2  τ=1.17  β=0.058
Ep 929/2000  reward=+3.9835 log2  ep_best=2.9781 log2 ('RLARKLVRFVKGLWKWKRW')  global_best=2.1338 log2  τ=1.16  β=0.058
Ep 930/2000  reward=+4.1040 log2  ep_best=2.8577 log2 ('RLGRKLVRFVKGLKKWKWW')  global_best=2.1338 log2  τ=1.16  β=0.058
Ep 931/2000  reward=+3.8252 log2  ep_best=3.1365 log2 ('RVARKNVRYVKVAWWRWRW')  global_best=2.1338 log2  τ=1.16  β=0.058
Ep 932/2000  reward=+3.7363 log2  ep_best=3.2254 log2 ('RVGRKLVRFVKGLWKWWRF')  global_best=2.1338 log2  τ=1.16  β=0.058
Ep 933/2000  reward=+2.8140 log2  ep_best=4.1476 log2 ('RVARKKVRYVKVGWWRKRW')  global_best=2.1338 log2  τ=1.16  β=0.058
Ep 934/2000  reward=+2.7741 log2  ep_best=4.1875 log2 ('RVGRKNVRFVKGLWKRWRW')  global_best=2.1338 log2  τ=1.16  β=0.058
Ep 935/2000  reward=+3.7843 log2  ep_best=3.1773 log2 ('RGARKLVRFVKGLWKWKRW')  global_best=2.1338 log2  τ=1.16  β=0.058
Ep 936/2000  reward=+3.4883 log2  ep_best=3.4733 log2 ('RVGRKLVRYLKGLKKRWRW')  global_best=2.1338 log2  τ=1.16  β=0.058
Ep 937/2000  reward=+2.7737 log2  ep_best=4.1879 log2 ('RGGRKLVRFVQGLKKWKVK')  global_best=2.1338 log2  τ=1.16  β=0.058
Ep 938/2000  reward=+2.8045 log2  ep_best=4.1571 log2 ('RVGRKLFRRLKGLKKKKVW')  global_best=2.1338 log2  τ=1.16  β=0.058
Ep 939/2000  reward=+3.1848 log2  ep_best=3.7768 log2 ('RVARKLVRYVKVARRWWRR')  global_best=2.1338 log2  τ=1.16  β=0.058
Ep 940/2000  reward=+4.0215 log2  ep_best=2.9401 log2 ('RLARKLVRYVKVARWRWRW')  global_best=2.1338 log2  τ=1.15  β=0.058
Ep 941/2000  reward=+2.5659 log2  ep_best=4.3957 log2 ('RVGRKNVRYVLGLWWRWRR')  global_best=2.1338 log2  τ=1.15  β=0.058
Ep 942/2000  reward=+3.6431 log2  ep_best=3.3185 log2 ('RVARKLVRFVKGLWKWWRW')  global_best=2.1338 log2  τ=1.15  β=0.058
Ep 943/2000  reward=+3.4435 log2  ep_best=3.5181 log2 ('RVGRKLVRFVKGLWKRWRW')  global_best=2.1338 log2  τ=1.15  β=0.058
Ep 944/2000  reward=+3.5553 log2  ep_best=3.4064 log2 ('RVARKLVRYGKGLWKWKRW')  global_best=2.1338 log2  τ=1.15  β=0.058
Ep 945/2000  reward=+2.9073 log2  ep_best=4.0543 log2 ('RVARKLVRYGKGLWKRKRW')  global_best=2.1338 log2  τ=1.15  β=0.057
Ep 946/2000  reward=+3.3526 log2  ep_best=3.6090 log2 ('RLARKKVRRVWVARRWWRW')  global_best=2.1338 log2  τ=1.15  β=0.057
Ep 947/2000  reward=+4.1040 log2  ep_best=2.8577 log2 ('RLGRKLVRFVKGLKKWKWW')  global_best=2.1338 log2  τ=1.15  β=0.057
Ep 948/2000  reward=+3.9208 log2  ep_best=3.0408 log2 ('RVGRKLVRYVKGLWKRWRW')  global_best=2.1338 log2  τ=1.15  β=0.057
Ep 949/2000  reward=+3.7635 log2  ep_best=3.1981 log2 ('RKGRWLVRFGKGLKKRLWW')  global_best=2.1338 log2  τ=1.15  β=0.057
Ep 950/2000  reward=+3.1986 log2  ep_best=3.7630 log2 ('RVGRKNVRYVKGLWKRWRW')  global_best=2.1338 log2  τ=1.15  β=0.057
Ep 951/2000  reward=+3.7354 log2  ep_best=3.2262 log2 ('RVGRKLVRFVKGLWKWWRW')  global_best=2.1338 log2  τ=1.14  β=0.057
Ep 952/2000  reward=+3.3020 log2  ep_best=3.6597 log2 ('RGGRKLVRFVKGLKKWKFI')  global_best=2.1338 log2  τ=1.14  β=0.057
Ep 953/2000  reward=+4.1040 log2  ep_best=2.8577 log2 ('RLGRKLVRFVKGLKKWKWW')  global_best=2.1338 log2  τ=1.14  β=0.057
Ep 954/2000  reward=+4.4571 log2  ep_best=2.5045 log2 ('RLGRKLVRWLKGLRKKWLW')  global_best=2.1338 log2  τ=1.14  β=0.057
Ep 955/2000  reward=+3.3544 log2  ep_best=3.6072 log2 ('RVGRKLVRYLKGLYYKKWK')  global_best=2.1338 log2  τ=1.14  β=0.057
Ep 956/2000  reward=+3.9835 log2  ep_best=2.9781 log2 ('RLARKLVRFVKGLWKWKRW')  global_best=2.1338 log2  τ=1.14  β=0.057
Ep 957/2000  reward=+3.7917 log2  ep_best=3.1699 log2 ('RVGRKLVRYVKGLKKWWRW')  global_best=2.1338 log2  τ=1.14  β=0.057
Ep 958/2000  reward=+3.3316 log2  ep_best=3.6301 log2 ('RLARKLVRFGKGLKKWKFR')  global_best=2.1338 log2  τ=1.14  β=0.057
Ep 959/2000  reward=+4.0778 log2  ep_best=2.8839 log2 ('RVGRKLVRYVKGLWKWKRW')  global_best=2.1338 log2  τ=1.14  β=0.057
Ep 960/2000  reward=+3.9835 log2  ep_best=2.9781 log2 ('RLARKLVRFVKGLWKWKRW')  global_best=2.1338 log2  τ=1.14  β=0.057
Ep 961/2000  reward=+3.8972 log2  ep_best=3.0644 log2 ('RLGRWKVRYVKGLYYRWRW')  global_best=2.1338 log2  τ=1.14  β=0.057
Ep 962/2000  reward=+4.1040 log2  ep_best=2.8577 log2 ('RLGRKLVRFVKGLKKWKWW')  global_best=2.1338 log2  τ=1.13  β=0.057
Ep 963/2000  reward=+3.1241 log2  ep_best=3.8375 log2 ('RGGRKLVRFVLGLWWRKRR')  global_best=2.1338 log2  τ=1.13  β=0.057
Ep 964/2000  reward=+3.4195 log2  ep_best=3.5422 log2 ('RLARKLVRRVWGLRRKRRW')  global_best=2.1338 log2  τ=1.13  β=0.057
Ep 965/2000  reward=+3.5324 log2  ep_best=3.4293 log2 ('RGGRKLVRFVKGLKKWKVK')  global_best=2.1338 log2  τ=1.13  β=0.057
Ep 966/2000  reward=+3.3207 log2  ep_best=3.6409 log2 ('RLGRWKVRCVKGLYYRWRW')  global_best=2.1338 log2  τ=1.13  β=0.057
Ep 967/2000  reward=+3.1693 log2  ep_best=3.7924 log2 ('RVGRKNVRYVLGLWKRRRW')  global_best=2.1338 log2  τ=1.13  β=0.057
Ep 968/2000  reward=+4.4352 log2  ep_best=2.5264 log2 ('RLSRKLVRFVKVAKKWWWW')  global_best=2.1338 log2  τ=1.13  β=0.056
Ep 969/2000  reward=+4.0142 log2  ep_best=2.9474 log2 ('RLARKLVRFVKVGWKWWWW')  global_best=2.1338 log2  τ=1.13  β=0.056
Ep 970/2000  reward=+2.9969 log2  ep_best=3.9647 log2 ('RVARKLYRFGKGLKKWKRW')  global_best=2.1338 log2  τ=1.13  β=0.056
Ep 971/2000  reward=+1.6884 log2  ep_best=5.2732 log2 ('RVARKLCRRIKGLRWKKRW')  global_best=2.1338 log2  τ=1.13  β=0.056
Ep 972/2000  reward=+3.3503 log2  ep_best=3.6114 log2 ('RLARKLVRFVKGLKKKKWW')  global_best=2.1338 log2  τ=1.13  β=0.056
Ep 973/2000  reward=+3.8606 log2  ep_best=3.1010 log2 ('RLGRKLVRYVKVAWWWWRW')  global_best=2.1338 log2  τ=1.12  β=0.056
Ep 974/2000  reward=+4.4635 log2  ep_best=2.4981 log2 ('RLARKLVRFVKVAKKWWWW')  global_best=2.1338 log2  τ=1.12  β=0.056
Ep 975/2000  reward=+3.2182 log2  ep_best=3.7435 log2 ('RVGRKNVRYVKGLWWRWRW')  global_best=2.1338 log2  τ=1.12  β=0.056
Ep 976/2000  reward=+3.1986 log2  ep_best=3.7630 log2 ('RVGRKNVRYVKGLWKRWRW')  global_best=2.1338 log2  τ=1.12  β=0.056
Ep 977/2000  reward=+2.8655 log2  ep_best=4.0962 log2 ('RVGRKLVRYVQGLRKWRVW')  global_best=2.1338 log2  τ=1.12  β=0.056
Ep 978/2000  reward=+3.7636 log2  ep_best=3.1981 log2 ('RLGRKLVRRLKGLYRKWRW')  global_best=2.1338 log2  τ=1.12  β=0.056
Ep 979/2000  reward=+3.0721 log2  ep_best=3.8896 log2 ('RLGRKLVRFGKGLKKWKWW')  global_best=2.1338 log2  τ=1.12  β=0.056
Ep 980/2000  reward=+3.5991 log2  ep_best=3.3625 log2 ('RVARKLVRFVKGLKKWWRF')  global_best=2.1338 log2  τ=1.12  β=0.056
Ep 981/2000  reward=+3.3405 log2  ep_best=3.6212 log2 ('RVGRKNVRFVKGLWKWWRW')  global_best=2.1338 log2  τ=1.12  β=0.056
Ep 982/2000  reward=+3.5030 log2  ep_best=3.4586 log2 ('RVGRKLVRFVKGLWKKKYK')  global_best=2.1338 log2  τ=1.12  β=0.056
Ep 983/2000  reward=+3.3813 log2  ep_best=3.5803 log2 ('RGGRKLVRFVKGLKKWWRI')  global_best=2.1338 log2  τ=1.12  β=0.056
Ep 984/2000  reward=+2.2076 log2  ep_best=4.7541 log2 ('RVARKLVRYVQGLKKKKFK')  global_best=2.1338 log2  τ=1.11  β=0.056
Ep 985/2000  reward=+3.6263 log2  ep_best=3.3354 log2 ('RLARKLVRFVQGLKWKKVW')  global_best=2.1338 log2  τ=1.11  β=0.056
Ep 986/2000  reward=+2.8412 log2  ep_best=4.1205 log2 ('RVGRKKVRFVKGLKWRWYR')  global_best=2.1338 log2  τ=1.11  β=0.056
Ep 987/2000  reward=+3.5272 log2  ep_best=3.4344 log2 ('RVGRKNVRYVLGLWKRWRW')  global_best=2.1338 log2  τ=1.11  β=0.056
Ep 988/2000  reward=+3.8385 log2  ep_best=3.1232 log2 ('RLARKLVRRVKVARRLRWW')  global_best=2.1338 log2  τ=1.11  β=0.056
Ep 989/2000  reward=+4.4586 log2  ep_best=2.5030 log2 ('RLGRKLVRFVKVAWKWWWW')  global_best=2.1338 log2  τ=1.11  β=0.056
Ep 990/2000  reward=+2.8197 log2  ep_best=4.1419 log2 ('RVGRKKVRYVQGLWKRRFW')  global_best=2.1338 log2  τ=1.11  β=0.055
Ep 991/2000  reward=+3.7917 log2  ep_best=3.1699 log2 ('RVGRKLVRYVKGLKKWWRW')  global_best=2.1338 log2  τ=1.11  β=0.055
Ep 992/2000  reward=+3.0305 log2  ep_best=3.9311 log2 ('RLGRKLVRYVKGLKRWRRR')  global_best=2.1338 log2  τ=1.11  β=0.055
Ep 993/2000  reward=+3.8476 log2  ep_best=3.1141 log2 ('RVGRKLVRYVKGLRKWKVW')  global_best=2.1338 log2  τ=1.11  β=0.055
Ep 994/2000  reward=+4.1074 log2  ep_best=2.8543 log2 ('RLGRKLVRYVKGLRKWWRW')  global_best=2.1338 log2  τ=1.11  β=0.055
Ep 995/2000  reward=+4.3169 log2  ep_best=2.6447 log2 ('RLARKLVRYVWVLRRWWRW')  global_best=2.1338 log2  τ=1.10  β=0.055
Ep 996/2000  reward=+3.6105 log2  ep_best=3.3511 log2 ('RVGRKLVRFVKGLKKWWWW')  global_best=2.1338 log2  τ=1.10  β=0.055
Ep 997/2000  reward=+2.5214 log2  ep_best=4.4403 log2 ('RVMRKLCRRGKVAWWWWRW')  global_best=2.1338 log2  τ=1.10  β=0.055
Ep 998/2000  reward=+4.1021 log2  ep_best=2.8595 log2 ('RLGRKLVRFVKGLWKWKRW')  global_best=2.1338 log2  τ=1.10  β=0.055
Ep 999/2000  reward=+3.7457 log2  ep_best=3.2159 log2 ('RSARKLVRFVKGLKKWKLK')  global_best=2.1338 log2  τ=1.10  β=0.055
Ep 1000/2000  reward=+3.7780 log2  ep_best=3.1836 log2 ('RVARNKVRYVKVARLRWWW')  global_best=2.1338 log2  τ=1.10  β=0.055
Ep 1001/2000  reward=+2.6514 log2  ep_best=4.3103 log2 ('RVARNLVRFVKGLWWRKRR')  global_best=2.1338 log2  τ=1.10  β=0.055
Ep 1002/2000  reward=+4.7785 log2  ep_best=2.1831 log2 ('RLARKLVRFVKVAWKKWWW')  global_best=2.1338 log2  τ=1.10  β=0.055
Ep 1003/2000  reward=+3.9946 log2  ep_best=2.9670 log2 ('RLARKLVRYVKVAWWWWRW')  global_best=2.1338 log2  τ=1.10  β=0.055
Ep 1004/2000  reward=+3.5076 log2  ep_best=3.4540 log2 ('RIGRWKVRRVWGLYRRRYW')  global_best=2.1338 log2  τ=1.10  β=0.055
Ep 1005/2000  reward=+4.5031 log2  ep_best=2.4585 log2 ('RLGRKLVRYVKGLWKWKRW')  global_best=2.1338 log2  τ=1.10  β=0.055
Ep 1006/2000  reward=+2.9874 log2  ep_best=3.9742 log2 ('RVARKLVRFVQGLWKKKYK')  global_best=2.1338 log2  τ=1.10  β=0.055
Ep 1007/2000  reward=+3.8817 log2  ep_best=3.0799 log2 ('RLSRKLVRFVKGLKKWKWW')  global_best=2.1338 log2  τ=1.09  β=0.055
Ep 1008/2000  reward=+3.9768 log2  ep_best=2.9849 log2 ('RVARKLVRYVKVAWWRWRR')  global_best=2.1338 log2  τ=1.09  β=0.055
Ep 1009/2000  reward=+3.3405 log2  ep_best=3.6212 log2 ('RVGRKNVRFVKGLWKWWRW')  global_best=2.1338 log2  τ=1.09  β=0.055
Ep 1010/2000  reward=+3.6505 log2  ep_best=3.3111 log2 ('RVARKLVRFVKGLKKWWWW')  global_best=2.1338 log2  τ=1.09  β=0.055
Ep 1011/2000  reward=+4.4635 log2  ep_best=2.4981 log2 ('RLARKLVRFVKVAKKWWWW')  global_best=2.1338 log2  τ=1.09  β=0.055
Ep 1012/2000  reward=+4.4635 log2  ep_best=2.4981 log2 ('RLARKLVRFVKVAKKWWWW')  global_best=2.1338 log2  τ=1.09  β=0.054
Ep 1013/2000  reward=+3.6105 log2  ep_best=3.3511 log2 ('RVGRKLVRFVKGLKKWWWW')  global_best=2.1338 log2  τ=1.09  β=0.054
Ep 1014/2000  reward=+4.3087 log2  ep_best=2.6529 log2 ('RLARKLVRFVKVAWKRWWW')  global_best=2.1338 log2  τ=1.09  β=0.054
Ep 1015/2000  reward=+3.3184 log2  ep_best=3.6432 log2 ('RVGRKNVRYVKVAWWRWRW')  global_best=2.1338 log2  τ=1.09  β=0.054
Ep 1016/2000  reward=+3.2522 log2  ep_best=3.7094 log2 ('RVARKLCRFVKVAKKWLRW')  global_best=2.1338 log2  τ=1.09  β=0.054
Ep 1017/2000  reward=+3.2101 log2  ep_best=3.7515 log2 ('RLGRKLVRFLKGLKKKKLK')  global_best=2.1338 log2  τ=1.09  β=0.054
Ep 1018/2000  reward=+3.2182 log2  ep_best=3.7435 log2 ('RVGRKNVRYVKGLWWRWRW')  global_best=2.1338 log2  τ=1.08  β=0.054
Ep 1019/2000  reward=+2.8282 log2  ep_best=4.1334 log2 ('RKGRKLVRFLKGLKWWKRR')  global_best=2.1338 log2  τ=1.08  β=0.054
Ep 1020/2000  reward=+3.2376 log2  ep_best=3.7240 log2 ('RVGRKNVRYVKVAWWRKRW')  global_best=2.1338 log2  τ=1.08  β=0.054
Ep 1021/2000  reward=+2.5053 log2  ep_best=4.4564 log2 ('RVARNKCRRVKLAWWRWRW')  global_best=2.1338 log2  τ=1.08  β=0.054
Ep 1022/2000  reward=+3.6429 log2  ep_best=3.3188 log2 ('RLGRKNVRRVWGLRRWRFW')  global_best=2.1338 log2  τ=1.08  β=0.054
Ep 1023/2000  reward=+3.4435 log2  ep_best=3.5181 log2 ('RVGRKLVRFVKGLWKRWRW')  global_best=2.1338 log2  τ=1.08  β=0.054
Ep 1024/2000  reward=+2.8188 log2  ep_best=4.1428 log2 ('RVGRKNVRFVKGLKKWWWW')  global_best=2.1338 log2  τ=1.08  β=0.054
Ep 1025/2000  reward=+4.5031 log2  ep_best=2.4585 log2 ('RLGRKLVRYVKGLWKWKRW')  global_best=2.1338 log2  τ=1.08  β=0.054
Ep 1026/2000  reward=+3.3939 log2  ep_best=3.5677 log2 ('RVGRKKVRYVKVLYRWRRW')  global_best=2.1338 log2  τ=1.08  β=0.054
Ep 1027/2000  reward=+3.3201 log2  ep_best=3.6415 log2 ('RVGRKLVRFVKGLKKWWWR')  global_best=2.1338 log2  τ=1.08  β=0.054
Ep 1028/2000  reward=+4.3862 log2  ep_best=2.5754 log2 ('RLARKLVRYVKVARKWWWW')  global_best=2.1338 log2  τ=1.08  β=0.054
Ep 1029/2000  reward=+1.8134 log2  ep_best=5.1483 log2 ('RGARKLVRFVQGLWKKKYK')  global_best=2.1338 log2  τ=1.07  β=0.054
Ep 1030/2000  reward=+3.8548 log2  ep_best=3.1069 log2 ('RVGRKLVRYVKGLYRKWVK')  global_best=2.1338 log2  τ=1.07  β=0.054
Ep 1031/2000  reward=+2.7741 log2  ep_best=4.1875 log2 ('RVGRKNVRFVKGLWKRWRW')  global_best=2.1338 log2  τ=1.07  β=0.054
Ep 1032/2000  reward=+4.1021 log2  ep_best=2.8595 log2 ('RLGRKLVRFVKGLWKWKRW')  global_best=2.1338 log2  τ=1.07  β=0.054
Ep 1033/2000  reward=+2.4523 log2  ep_best=4.5094 log2 ('RVGRKKVRYVWVLRRWRCW')  global_best=2.1338 log2  τ=1.07  β=0.054
Ep 1034/2000  reward=+3.7354 log2  ep_best=3.2262 log2 ('RVGRKLVRFVKGLWKWWRW')  global_best=2.1338 log2  τ=1.07  β=0.053
Ep 1035/2000  reward=+3.8240 log2  ep_best=3.1376 log2 ('RVGRKLVRFVKGLWKWKRF')  global_best=2.1338 log2  τ=1.07  β=0.053
Ep 1036/2000  reward=+2.9812 log2  ep_best=3.9804 log2 ('RLGRKKVRFVQGLKWKKVW')  global_best=2.1338 log2  τ=1.07  β=0.053
Ep 1037/2000  reward=+3.3599 log2  ep_best=3.6018 log2 ('RLARKLVRFAKGLKKWWWR')  global_best=2.1338 log2  τ=1.07  β=0.053
Ep 1038/2000  reward=+3.7146 log2  ep_best=3.2470 log2 ('RSGRKLVRWLKGLKKKKVW')  global_best=2.1338 log2  τ=1.07  β=0.053
Ep 1039/2000  reward=+3.0103 log2  ep_best=3.9514 log2 ('RGARKLVRFVKGLKKWKRF')  global_best=2.1338 log2  τ=1.07  β=0.053
Ep 1040/2000  reward=+3.6505 log2  ep_best=3.3111 log2 ('RVARKLVRFVKGLKKWWWW')  global_best=2.1338 log2  τ=1.06  β=0.053
Ep 1041/2000  reward=+3.2287 log2  ep_best=3.7330 log2 ('RLARKKVRRVWGLRRWRRW')  global_best=2.1338 log2  τ=1.06  β=0.053
Ep 1042/2000  reward=+3.2357 log2  ep_best=3.7260 log2 ('RVGRKNVRYVKGLWRWWRW')  global_best=2.1338 log2  τ=1.06  β=0.053
Ep 1043/2000  reward=+3.5619 log2  ep_best=3.3998 log2 ('RVARKNVRFVKGLWKWWWW')  global_best=2.1338 log2  τ=1.06  β=0.053
Ep 1044/2000  reward=+2.6737 log2  ep_best=4.2879 log2 ('RGARKLVRFVKGLWKKKRI')  global_best=2.1338 log2  τ=1.06  β=0.053
Ep 1045/2000  reward=+3.9183 log2  ep_best=3.0433 log2 ('RLGRKLVRFVKGLYKWKRW')  global_best=2.1338 log2  τ=1.06  β=0.053
Ep 1046/2000  reward=+3.7672 log2  ep_best=3.1944 log2 ('RLGRKLVRYVKGLKKKKWW')  global_best=2.1338 log2  τ=1.06  β=0.053
Ep 1047/2000  reward=+2.9988 log2  ep_best=3.9628 log2 ('RVGRKNVRYVLVAWKRWRW')  global_best=2.1338 log2  τ=1.06  β=0.053
Ep 1048/2000  reward=+3.3405 log2  ep_best=3.6212 log2 ('RVGRKNVRFVKGLWKWWRW')  global_best=2.1338 log2  τ=1.06  β=0.053
Ep 1049/2000  reward=+3.3144 log2  ep_best=3.6473 log2 ('RVGRKLVRRIQGLKWKKVW')  global_best=2.1338 log2  τ=1.06  β=0.053
Ep 1050/2000  reward=+3.0296 log2  ep_best=3.9321 log2 ('RGARKLVRFVKGLWKWKRR')  global_best=2.1338 log2  τ=1.06  β=0.053
Ep 1051/2000  reward=+3.6105 log2  ep_best=3.3511 log2 ('RVGRKLVRFVKGLKKWWWW')  global_best=2.1338 log2  τ=1.05  β=0.053
Ep 1052/2000  reward=+3.1894 log2  ep_best=3.7722 log2 ('RGGRKLVRFVKGLKKWKYI')  global_best=2.1338 log2  τ=1.05  β=0.053
Ep 1053/2000  reward=+2.1420 log2  ep_best=4.8196 log2 ('RMGRKLVRFSIGLRRRRRW')  global_best=2.1338 log2  τ=1.05  β=0.053
Ep 1054/2000  reward=+3.3486 log2  ep_best=3.6131 log2 ('RVARKLVRYVKGLRKKWWW')  global_best=2.1338 log2  τ=1.05  β=0.053
Ep 1055/2000  reward=+3.9835 log2  ep_best=2.9781 log2 ('RLARKLVRFVKGLWKWKRW')  global_best=2.1338 log2  τ=1.05  β=0.053
Ep 1056/2000  reward=+3.3609 log2  ep_best=3.6008 log2 ('RVGRKKVRYVLGLRKRWWW')  global_best=2.1338 log2  τ=1.05  β=0.053
Ep 1057/2000  reward=+1.4417 log2  ep_best=5.5199 log2 ('RVARKNCRRVRVGRYWWRW')  global_best=2.1338 log2  τ=1.05  β=0.052
Ep 1058/2000  reward=+3.2304 log2  ep_best=3.7313 log2 ('RVGRKLVRFGKGLKKWWRF')  global_best=2.1338 log2  τ=1.05  β=0.052
Ep 1059/2000  reward=+3.3405 log2  ep_best=3.6212 log2 ('RVGRKNVRFVKGLWKWWRW')  global_best=2.1338 log2  τ=1.05  β=0.052
Ep 1060/2000  reward=+3.8495 log2  ep_best=3.1121 log2 ('RVGRKLVRYGLGLWKRWRW')  global_best=2.1338 log2  τ=1.05  β=0.052
Ep 1061/2000  reward=+4.2877 log2  ep_best=2.6739 log2 ('RVARKNVRYVKVAWKRLRW')  global_best=2.1338 log2  τ=1.05  β=0.052
Ep 1062/2000  reward=+3.3184 log2  ep_best=3.6432 log2 ('RVGRKNVRYVKVAWWRWRW')  global_best=2.1338 log2  τ=1.04  β=0.052
Ep 1063/2000  reward=+2.5794 log2  ep_best=4.3823 log2 ('RVARKKVRRVWVARRRRFW')  global_best=2.1338 log2  τ=1.04  β=0.052
Ep 1064/2000  reward=+2.4892 log2  ep_best=4.4725 log2 ('RVARKKVRFVLGLWKRKRR')  global_best=2.1338 log2  τ=1.04  β=0.052
Ep 1065/2000  reward=+3.5272 log2  ep_best=3.4344 log2 ('RVGRKNVRYVLGLWKRWRW')  global_best=2.1338 log2  τ=1.04  β=0.052
Ep 1066/2000  reward=+2.3654 log2  ep_best=4.5963 log2 ('RMGRKLVRFIQGLRRWKVW')  global_best=2.1338 log2  τ=1.04  β=0.052
Ep 1067/2000  reward=+2.5053 log2  ep_best=4.4564 log2 ('RVARNKCRRVKLAWWRWRW')  global_best=2.1338 log2  τ=1.04  β=0.052
Ep 1068/2000  reward=+3.7354 log2  ep_best=3.2262 log2 ('RVGRKLVRFVKGLWKWWRW')  global_best=2.1338 log2  τ=1.04  β=0.052
Ep 1069/2000  reward=+3.4032 log2  ep_best=3.5584 log2 ('RLGRKLVRRLKGLKKKKVW')  global_best=2.1338 log2  τ=1.04  β=0.052
Ep 1070/2000  reward=+4.1963 log2  ep_best=2.7654 log2 ('RLGRKLVRYVKGLYKWKRW')  global_best=2.1338 log2  τ=1.04  β=0.052
Ep 1071/2000  reward=+4.1040 log2  ep_best=2.8577 log2 ('RLGRKLVRFVKGLKKWKWW')  global_best=2.1338 log2  τ=1.04  β=0.052
Ep 1072/2000  reward=+3.7834 log2  ep_best=3.1783 log2 ('RLARKLVRFVLTAWWRWRR')  global_best=2.1338 log2  τ=1.04  β=0.052
Ep 1073/2000  reward=+3.5272 log2  ep_best=3.4344 log2 ('RVGRKNVRYVLGLWKRWRW')  global_best=2.1338 log2  τ=1.03  β=0.052
Ep 1074/2000  reward=+3.7069 log2  ep_best=3.2547 log2 ('RGGRKLVRFVKGLWKWKRW')  global_best=2.1338 log2  τ=1.03  β=0.052
Ep 1075/2000  reward=+3.0340 log2  ep_best=3.9277 log2 ('RVGRKLVRFGLGLWWRWRR')  global_best=2.1338 log2  τ=1.03  β=0.052
Ep 1076/2000  reward=+4.1489 log2  ep_best=2.8128 log2 ('RVARKLVRYVKGLKKWKLK')  global_best=2.1338 log2  τ=1.03  β=0.052
Ep 1077/2000  reward=+3.5274 log2  ep_best=3.4343 log2 ('RVGRKLVRYVKGLRYKWWW')  global_best=2.1338 log2  τ=1.03  β=0.052
Ep 1078/2000  reward=+3.3405 log2  ep_best=3.6212 log2 ('RVGRKNVRFVKGLWKWWRW')  global_best=2.1338 log2  τ=1.03  β=0.052
Ep 1079/2000  reward=+3.6954 log2  ep_best=3.2663 log2 ('RVGRKLVRFVKGLKKWWRF')  global_best=2.1338 log2  τ=1.03  β=0.051
Ep 1080/2000  reward=+3.9348 log2  ep_best=3.0269 log2 ('RLGRKLVRFVKGLRKWWWW')  global_best=2.1338 log2  τ=1.03  β=0.051
Ep 1081/2000  reward=+2.8295 log2  ep_best=4.1322 log2 ('RVGRKNVRRVLVAWWRWRW')  global_best=2.1338 log2  τ=1.03  β=0.051
Ep 1082/2000  reward=+3.5272 log2  ep_best=3.4344 log2 ('RVGRKNVRYVLGLWKRWRW')  global_best=2.1338 log2  τ=1.03  β=0.051
Ep 1083/2000  reward=+3.3418 log2  ep_best=3.6199 log2 ('RVGRKLVRFVKGLWKWWRR')  global_best=2.1338 log2  τ=1.03  β=0.051
Ep 1084/2000  reward=+3.6097 log2  ep_best=3.3519 log2 ('RLGRKLVRFVKGLKKWKRW')  global_best=2.1338 log2  τ=1.02  β=0.051
Ep 1085/2000  reward=+3.0166 log2  ep_best=3.9451 log2 ('RVARKLVRYVKVGRYWKRW')  global_best=2.1338 log2  τ=1.02  β=0.051
Ep 1086/2000  reward=+2.7319 log2  ep_best=4.2297 log2 ('RVGRKNVRFVKGLWWWKYR')  global_best=2.1338 log2  τ=1.02  β=0.051
Ep 1087/2000  reward=+4.1040 log2  ep_best=2.8577 log2 ('RLGRKLVRFVKGLKKWKWW')  global_best=2.1338 log2  τ=1.02  β=0.051
Ep 1088/2000  reward=+3.9835 log2  ep_best=2.9781 log2 ('RLARKLVRFVKGLWKWKRW')  global_best=2.1338 log2  τ=1.02  β=0.051
Ep 1089/2000  reward=+2.1686 log2  ep_best=4.7931 log2 ('RVGRKLVRFVQGLKKKKFK')  global_best=2.1338 log2  τ=1.02  β=0.051
Ep 1090/2000  reward=+4.1074 log2  ep_best=2.8543 log2 ('RLGRKLVRYVKGLRKWWRW')  global_best=2.1338 log2  τ=1.02  β=0.051
Ep 1091/2000  reward=+1.8648 log2  ep_best=5.0969 log2 ('RMGRKLVRFVQGLKKWKVN')  global_best=2.1338 log2  τ=1.02  β=0.051
Ep 1092/2000  reward=+3.1953 log2  ep_best=3.7663 log2 ('RLGRKKVRYVKGLYKRWRW')  global_best=2.1338 log2  τ=1.02  β=0.051
Ep 1093/2000  reward=+2.8621 log2  ep_best=4.0996 log2 ('RVGRKNVRFVLGLKKRWWW')  global_best=2.1338 log2  τ=1.02  β=0.051
Ep 1094/2000  reward=+2.7737 log2  ep_best=4.1879 log2 ('RGGRKLVRFVQGLKKWKVK')  global_best=2.1338 log2  τ=1.02  β=0.051
Ep 1095/2000  reward=+3.9257 log2  ep_best=3.0360 log2 ('RLGRWKVRRVWGLYRWRYW')  global_best=2.1338 log2  τ=1.01  β=0.051
Ep 1096/2000  reward=+4.5031 log2  ep_best=2.4585 log2 ('RLGRKLVRYVKGLWKWKRW')  global_best=2.1338 log2  τ=1.01  β=0.051
Ep 1097/2000  reward=+3.9254 log2  ep_best=3.0363 log2 ('RLARKLVRYVKGLRKWWRW')  global_best=2.1338 log2  τ=1.01  β=0.051
Ep 1098/2000  reward=+3.6105 log2  ep_best=3.3511 log2 ('RVGRKLVRFVKGLKKWWWW')  global_best=2.1338 log2  τ=1.01  β=0.051
Ep 1099/2000  reward=+3.6431 log2  ep_best=3.3185 log2 ('RVARKLVRFVKGLWKWWRW')  global_best=2.1338 log2  τ=1.01  β=0.051
Ep 1100/2000  reward=+3.8252 log2  ep_best=3.1365 log2 ('RVARKNVRYVKVAWWRWRW')  global_best=2.1338 log2  τ=1.01  β=0.051
Ep 1101/2000  reward=+2.8913 log2  ep_best=4.0704 log2 ('RSARNLYRFVKGLKKWKRW')  global_best=2.1338 log2  τ=1.01  β=0.050
Ep 1102/2000  reward=+2.4392 log2  ep_best=4.5225 log2 ('RVGRKNVRYVKGLKKRWWW')  global_best=2.1338 log2  τ=1.01  β=0.050
Ep 1103/2000  reward=+3.9810 log2  ep_best=2.9807 log2 ('RLGRKLVRFVKGLWWWKRW')  global_best=2.1338 log2  τ=1.01  β=0.050
Ep 1104/2000  reward=+3.1041 log2  ep_best=3.8575 log2 ('RVARKNVRFVKGLWWRWRW')  global_best=2.1338 log2  τ=1.01  β=0.050
Ep 1105/2000  reward=+2.7737 log2  ep_best=4.1879 log2 ('RGGRKLVRFVQGLKKWKVK')  global_best=2.1338 log2  τ=1.01  β=0.050
Ep 1106/2000  reward=+2.3712 log2  ep_best=4.5904 log2 ('RVGRKKVRYVWVARRRRFW')  global_best=2.1338 log2  τ=1.01  β=0.050
Ep 1107/2000  reward=+3.7354 log2  ep_best=3.2262 log2 ('RVGRKLVRFVKGLWKWWRW')  global_best=2.1338 log2  τ=1.00  β=0.050
Ep 1108/2000  reward=+2.6162 log2  ep_best=4.3455 log2 ('RGARNLVRFVKGLWKRKRW')  global_best=2.1338 log2  τ=1.00  β=0.050
Ep 1109/2000  reward=+3.0292 log2  ep_best=3.9324 log2 ('RVGRKNVRYVKVAKWRWRW')  global_best=2.1338 log2  τ=1.00  β=0.050
Ep 1110/2000  reward=+2.3929 log2  ep_best=4.5688 log2 ('RVGRKNVRFVKGLKWRWCW')  global_best=2.1338 log2  τ=1.00  β=0.050
Ep 1111/2000  reward=+3.5351 log2  ep_best=3.4265 log2 ('RLARKLVRYVKGLRRKWRW')  global_best=2.1338 log2  τ=1.00  β=0.050
Ep 1112/2000  reward=+3.4143 log2  ep_best=3.5474 log2 ('RLARKLVRFVKGLKKWKRW')  global_best=2.1338 log2  τ=1.00  β=0.050
Ep 1113/2000  reward=+2.9200 log2  ep_best=4.0417 log2 ('RGGRKLVRYIKGLRRKWRW')  global_best=2.1338 log2  τ=1.00  β=0.050
Ep 1114/2000  reward=+4.0778 log2  ep_best=2.8839 log2 ('RVGRKLVRYVKGLWKWKRW')  global_best=2.1338 log2  τ=1.00  β=0.050
Ep 1115/2000  reward=+3.3184 log2  ep_best=3.6432 log2 ('RVGRKNVRYVKVAWWRWRW')  global_best=2.1338 log2  τ=1.00  β=0.050
Ep 1116/2000  reward=+3.2558 log2  ep_best=3.7059 log2 ('RVARKKVRYVKGLWRRWRW')  global_best=2.1338 log2  τ=1.00  β=0.050
Ep 1117/2000  reward=+4.4303 log2  ep_best=2.5313 log2 ('RLGRKLVRFVKLAKKWWWW')  global_best=2.1338 log2  τ=1.00  β=0.050
Ep 1118/2000  reward=+4.1422 log2  ep_best=2.8195 log2 ('RVARKLVRFVKVAKKWWWW')  global_best=2.1338 log2  τ=0.99  β=0.050
Ep 1119/2000  reward=+3.6106 log2  ep_best=3.3510 log2 ('RVARKLVRFVKGLWKWKRW')  global_best=2.1338 log2  τ=0.99  β=0.050
Ep 1120/2000  reward=+3.7354 log2  ep_best=3.2262 log2 ('RVGRKLVRFVKGLWKWWRW')  global_best=2.1338 log2  τ=0.99  β=0.050
Ep 1121/2000  reward=+3.3488 log2  ep_best=3.6129 log2 ('RVARKKVRYVWGLYRKRRW')  global_best=2.1338 log2  τ=0.99  β=0.050
Ep 1122/2000  reward=+3.4629 log2  ep_best=3.4987 log2 ('RMGRKLVRFLKGLKKWKFI')  global_best=2.1338 log2  τ=0.99  β=0.050
Ep 1123/2000  reward=+4.0711 log2  ep_best=2.8906 log2 ('RLGRKNVRRVWGLWRKWVW')  global_best=2.1338 log2  τ=0.99  β=0.049
Ep 1124/2000  reward=+3.6345 log2  ep_best=3.3271 log2 ('RGGRKLVRFVKGLWKWWRF')  global_best=2.1338 log2  τ=0.99  β=0.049
Ep 1125/2000  reward=+3.9254 log2  ep_best=3.0363 log2 ('RLARKLVRYVKGLRKWWRW')  global_best=2.1338 log2  τ=0.99  β=0.049
Ep 1126/2000  reward=+3.7354 log2  ep_best=3.2262 log2 ('RVGRKLVRFVKGLWKWWRW')  global_best=2.1338 log2  τ=0.99  β=0.049
Ep 1127/2000  reward=+3.9742 log2  ep_best=2.9874 log2 ('RLARKLVRFVKGLKKWWWW')  global_best=2.1338 log2  τ=0.99  β=0.049
Ep 1128/2000  reward=+4.4635 log2  ep_best=2.4981 log2 ('RLARKLVRFVKVAKKWWWW')  global_best=2.1338 log2  τ=0.99  β=0.049
Ep 1129/2000  reward=+4.6532 log2  ep_best=2.3085 log2 ('RLARKLVRFVKVAKKWLWW')  global_best=2.1338 log2  τ=0.98  β=0.049
Ep 1130/2000  reward=+2.6993 log2  ep_best=4.2624 log2 ('RVGRKLCRFGKGLWKRWRW')  global_best=2.1338 log2  τ=0.98  β=0.049
Ep 1131/2000  reward=+3.7012 log2  ep_best=3.2605 log2 ('RVARNKVRYVKVAWKRWRW')  global_best=2.1338 log2  τ=0.98  β=0.049
Ep 1132/2000  reward=+4.1269 log2  ep_best=2.8347 log2 ('RLARKLVRYVKFAWWWWRW')  global_best=2.1338 log2  τ=0.98  β=0.049
Ep 1133/2000  reward=+3.6636 log2  ep_best=3.2981 log2 ('RVARKNVRYVKVAWKRWRW')  global_best=2.1338 log2  τ=0.98  β=0.049
Ep 1134/2000  reward=+3.7667 log2  ep_best=3.1949 log2 ('RLGRKKVRRVWGLYRKRWW')  global_best=2.1338 log2  τ=0.98  β=0.049
Ep 1135/2000  reward=+3.1678 log2  ep_best=3.7938 log2 ('RVGRKLVRYLKVAKWWKCW')  global_best=2.1338 log2  τ=0.98  β=0.049
Ep 1136/2000  reward=+2.8621 log2  ep_best=4.0996 log2 ('RVGRKNVRFVLGLKKRWWW')  global_best=2.1338 log2  τ=0.98  β=0.049
Ep 1137/2000  reward=+3.6105 log2  ep_best=3.3511 log2 ('RVGRKLVRFVKGLKKWWWW')  global_best=2.1338 log2  τ=0.98  β=0.049
Ep 1138/2000  reward=+2.6409 log2  ep_best=4.3207 log2 ('RLGRKLVRYIQGLKKKKVW')  global_best=2.1338 log2  τ=0.98  β=0.049
Ep 1139/2000  reward=+3.9208 log2  ep_best=3.0408 log2 ('RVGRKLVRYVKGLWKRWRW')  global_best=2.1338 log2  τ=0.98  β=0.049
Ep 1140/2000  reward=+3.4954 log2  ep_best=3.4662 log2 ('RVARNLVRYVKVAWWRWRW')  global_best=2.1338 log2  τ=0.97  β=0.049
Ep 1141/2000  reward=+2.3696 log2  ep_best=4.5920 log2 ('RGGRKLVRYVQGLRRWRVW')  global_best=2.1338 log2  τ=0.97  β=0.049
Ep 1142/2000  reward=+3.6919 log2  ep_best=3.2697 log2 ('RGGRKLVRFVKGLWKWWRW')  global_best=2.1338 log2  τ=0.97  β=0.049
Ep 1143/2000  reward=+3.8240 log2  ep_best=3.1376 log2 ('RVGRKLVRFVKGLWKWKRF')  global_best=2.1338 log2  τ=0.97  β=0.049
Ep 1144/2000  reward=+2.3824 log2  ep_best=4.5792 log2 ('RSGRKKVRYVKGLFRKRWW')  global_best=2.1338 log2  τ=0.97  β=0.049
Ep 1145/2000  reward=+2.1347 log2  ep_best=4.8269 log2 ('RVGRKNVRYVKGLRWWWCW')  global_best=2.1338 log2  τ=0.97  β=0.048
Ep 1146/2000  reward=+2.4835 log2  ep_best=4.4782 log2 ('RVGRKLVRYVQGLYRKWVK')  global_best=2.1338 log2  τ=0.97  β=0.048
Ep 1147/2000  reward=+4.4974 log2  ep_best=2.4642 log2 ('RVARKLVRFVKVAWKWWWW')  global_best=2.1338 log2  τ=0.97  β=0.048
Ep 1148/2000  reward=+3.4294 log2  ep_best=3.5322 log2 ('RLGRKLVRYVKGLYYWKRR')  global_best=2.1338 log2  τ=0.97  β=0.048
Ep 1149/2000  reward=+3.9946 log2  ep_best=2.9670 log2 ('RLARKLVRYVKVAWWWWRW')  global_best=2.1338 log2  τ=0.97  β=0.048
Ep 1150/2000  reward=+4.1530 log2  ep_best=2.8086 log2 ('RVARKLVRYVKVAWKRWRW')  global_best=2.1338 log2  τ=0.97  β=0.048
Ep 1151/2000  reward=+2.2053 log2  ep_best=4.7563 log2 ('RGGRKNVRYKKVLYRWRCW')  global_best=2.1338 log2  τ=0.96  β=0.048
Ep 1152/2000  reward=+2.0987 log2  ep_best=4.8630 log2 ('RMGRKLVRYVQGLKKWKVN')  global_best=2.1338 log2  τ=0.96  β=0.048
Ep 1153/2000  reward=+3.7354 log2  ep_best=3.2262 log2 ('RVGRKLVRFVKGLWKWWRW')  global_best=2.1338 log2  τ=0.96  β=0.048
Ep 1154/2000  reward=+3.7354 log2  ep_best=3.2262 log2 ('RVGRKLVRFVKGLWKWWRW')  global_best=2.1338 log2  τ=0.96  β=0.048
Ep 1155/2000  reward=+3.9835 log2  ep_best=2.9781 log2 ('RLARKLVRFVKGLWKWKRW')  global_best=2.1338 log2  τ=0.96  β=0.048
Ep 1156/2000  reward=+4.1040 log2  ep_best=2.8577 log2 ('RLGRKLVRFVKGLKKWKWW')  global_best=2.1338 log2  τ=0.96  β=0.048
Ep 1157/2000  reward=+2.0900 log2  ep_best=4.8717 log2 ('RAARKLVRFVQGLKKKKFK')  global_best=2.1338 log2  τ=0.96  β=0.048
Ep 1158/2000  reward=+3.5272 log2  ep_best=3.4344 log2 ('RVGRKNVRYVLGLWKRWRW')  global_best=2.1338 log2  τ=0.96  β=0.048
Ep 1159/2000  reward=+3.6505 log2  ep_best=3.3111 log2 ('RVARKLVRFVKGLKKWWWW')  global_best=2.1338 log2  τ=0.96  β=0.048
Ep 1160/2000  reward=+2.1050 log2  ep_best=4.8566 log2 ('RGGRKLVRFVKGLWKRKRR')  global_best=2.1338 log2  τ=0.96  β=0.048
Ep 1161/2000  reward=+2.8336 log2  ep_best=4.1280 log2 ('RLGRKNVRRVKGLRKWWRW')  global_best=2.1338 log2  τ=0.96  β=0.048
Ep 1162/2000  reward=+3.5540 log2  ep_best=3.4076 log2 ('RGGRKLVRFVKGLKKWWRF')  global_best=2.1338 log2  τ=0.95  β=0.048
Ep 1163/2000  reward=+3.0783 log2  ep_best=3.8834 log2 ('RLGRKLVRFVQGLKWWKYR')  global_best=2.1338 log2  τ=0.95  β=0.048
Ep 1164/2000  reward=+3.4039 log2  ep_best=3.5577 log2 ('RGGRKLVRFVKGLKKWWRW')  global_best=2.1338 log2  τ=0.95  β=0.048
Ep 1165/2000  reward=+3.0051 log2  ep_best=3.9566 log2 ('RVGRKLVRFVKGLKKRWWW')  global_best=2.1338 log2  τ=0.95  β=0.048
Ep 1166/2000  reward=+3.5379 log2  ep_best=3.4237 log2 ('RLGRKLVRFVKGLKKWKRI')  global_best=2.1338 log2  τ=0.95  β=0.048
Ep 1167/2000  reward=+3.8817 log2  ep_best=3.0799 log2 ('RLSRKLVRFVKGLKKWKWW')  global_best=2.1338 log2  τ=0.95  β=0.048
Ep 1168/2000  reward=+3.9742 log2  ep_best=2.9874 log2 ('RLARKLVRFVKGLKKWWWW')  global_best=2.1338 log2  τ=0.95  β=0.047
Ep 1169/2000  reward=+3.0136 log2  ep_best=3.9480 log2 ('RAARKLVRFVKGLWWRKRR')  global_best=2.1338 log2  τ=0.95  β=0.047
Ep 1170/2000  reward=+3.3211 log2  ep_best=3.6405 log2 ('RLGRKLVRFVKGLWWRRRR')  global_best=2.1338 log2  τ=0.95  β=0.047
Ep 1171/2000  reward=+4.1798 log2  ep_best=2.7818 log2 ('RLSRKLVRFVKVGKKWLRW')  global_best=2.1338 log2  τ=0.95  β=0.047
Ep 1172/2000  reward=+3.9348 log2  ep_best=3.0269 log2 ('RLGRKLVRFVKGLRKWWWW')  global_best=2.1338 log2  τ=0.95  β=0.047
Ep 1173/2000  reward=+2.2772 log2  ep_best=4.6844 log2 ('RVGRKKVRRVKVLRRRRFW')  global_best=2.1338 log2  τ=0.94  β=0.047
Ep 1174/2000  reward=+3.9254 log2  ep_best=3.0363 log2 ('RLARKLVRYVKGLRKWWRW')  global_best=2.1338 log2  τ=0.94  β=0.047
Ep 1175/2000  reward=+3.5463 log2  ep_best=3.4153 log2 ('RLARKLVRYVKGLRWRWRR')  global_best=2.1338 log2  τ=0.94  β=0.047
Ep 1176/2000  reward=+2.8517 log2  ep_best=4.1100 log2 ('RVARKLVRFVKGLRWRWRR')  global_best=2.1338 log2  τ=0.94  β=0.047
Ep 1177/2000  reward=+2.9785 log2  ep_best=3.9832 log2 ('RVARKLVRFVKGLKKRWWW')  global_best=2.1338 log2  τ=0.94  β=0.047
Ep 1178/2000  reward=+2.9073 log2  ep_best=4.0543 log2 ('RVARKLVRYGKGLWKRKRW')  global_best=2.1338 log2  τ=0.94  β=0.047
Ep 1179/2000  reward=+4.1074 log2  ep_best=2.8543 log2 ('RLGRKLVRYVKGLRKWWRW')  global_best=2.1338 log2  τ=0.94  β=0.047
Ep 1180/2000  reward=+3.6902 log2  ep_best=3.2714 log2 ('RVARKNVRYVKVAWWRRRW')  global_best=2.1338 log2  τ=0.94  β=0.047
Ep 1181/2000  reward=+2.5392 log2  ep_best=4.4225 log2 ('RVGRKNVRFVLGLWWRWRR')  global_best=2.1338 log2  τ=0.94  β=0.047
Ep 1182/2000  reward=+3.7354 log2  ep_best=3.2262 log2 ('RVGRKLVRFVKGLWKWWRW')  global_best=2.1338 log2  τ=0.94  β=0.047
Ep 1183/2000  reward=+2.9969 log2  ep_best=3.9647 log2 ('RVGRKKVRRVWVLRRRRFW')  global_best=2.1338 log2  τ=0.94  β=0.047
Ep 1184/2000  reward=+1.9336 log2  ep_best=5.0280 log2 ('RVARKLVRRVKGLRRKRRW')  global_best=2.1338 log2  τ=0.93  β=0.047
Ep 1185/2000  reward=+4.1074 log2  ep_best=2.8543 log2 ('RLGRKLVRYVKGLRKWWRW')  global_best=2.1338 log2  τ=0.93  β=0.047
Ep 1186/2000  reward=+2.6138 log2  ep_best=4.3478 log2 ('RMARNLVRFVKGLWKRKRW')  global_best=2.1338 log2  τ=0.93  β=0.047
Ep 1187/2000  reward=+3.3930 log2  ep_best=3.5686 log2 ('RVARKLVRYVKVGWKRWRW')  global_best=2.1338 log2  τ=0.93  β=0.047
Ep 1188/2000  reward=+3.4991 log2  ep_best=3.4625 log2 ('RVGRKLVRYVKGLRKWWWR')  global_best=2.1338 log2  τ=0.93  β=0.047
Ep 1189/2000  reward=+3.9348 log2  ep_best=3.0269 log2 ('RLGRKLVRFVKGLRKWWWW')  global_best=2.1338 log2  τ=0.93  β=0.047
Ep 1190/2000  reward=+3.5044 log2  ep_best=3.4573 log2 ('RVARKLVRYVKVARRWWWW')  global_best=2.1338 log2  τ=0.93  β=0.046
Ep 1191/2000  reward=+3.6106 log2  ep_best=3.3510 log2 ('RVARKLVRFVKGLWKWKRW')  global_best=2.1338 log2  τ=0.93  β=0.046
Ep 1192/2000  reward=+2.2364 log2  ep_best=4.7252 log2 ('RVGRKKVRYVWGLYRWRCW')  global_best=2.1338 log2  τ=0.93  β=0.046
Ep 1193/2000  reward=+2.9148 log2  ep_best=4.0468 log2 ('RVGRKLVRRKKVLRRKWVW')  global_best=2.1338 log2  τ=0.93  β=0.046
Ep 1194/2000  reward=+2.3110 log2  ep_best=4.6506 log2 ('RVGRKNVRYVKGLWKRWCW')  global_best=2.1338 log2  τ=0.93  β=0.046
Ep 1195/2000  reward=+4.1074 log2  ep_best=2.8543 log2 ('RLGRKLVRYVKGLRKWWRW')  global_best=2.1338 log2  τ=0.92  β=0.046
Ep 1196/2000  reward=+2.7131 log2  ep_best=4.2486 log2 ('RVARKLYRRVKGVYYKKWK')  global_best=2.1338 log2  τ=0.92  β=0.046
Ep 1197/2000  reward=+1.4824 log2  ep_best=5.4792 log2 ('RGGRKLVRYVQGLYRKKVW')  global_best=2.1338 log2  τ=0.92  β=0.046
Ep 1198/2000  reward=+2.7629 log2  ep_best=4.1987 log2 ('RGGRKLVRFVLGLWKRKRR')  global_best=2.1338 log2  τ=0.92  β=0.046
Ep 1199/2000  reward=+3.4039 log2  ep_best=3.5577 log2 ('RGGRKLVRFVKGLKKWWRW')  global_best=2.1338 log2  τ=0.92  β=0.046
Ep 1200/2000  reward=+3.1986 log2  ep_best=3.7630 log2 ('RVGRKNVRYVKGLWKRWRW')  global_best=2.1338 log2  τ=0.92  β=0.046
Ep 1201/2000  reward=+2.3043 log2  ep_best=4.6574 log2 ('RGGRKNVRFVKGLKKWWRW')  global_best=2.1338 log2  τ=0.92  β=0.046
Ep 1202/2000  reward=+3.2577 log2  ep_best=3.7039 log2 ('RVGRKLVRFVKGLKKWKYK')  global_best=2.1338 log2  τ=0.92  β=0.046
Ep 1203/2000  reward=+4.1021 log2  ep_best=2.8595 log2 ('RLGRKLVRFVKGLWKWKRW')  global_best=2.1338 log2  τ=0.92  β=0.046
Ep 1204/2000  reward=+4.1021 log2  ep_best=2.8595 log2 ('RLGRKLVRFVKGLWKWKRW')  global_best=2.1338 log2  τ=0.92  β=0.046
Ep 1205/2000  reward=+3.4727 log2  ep_best=3.4889 log2 ('RVARKLVRYGKGLWKRWRW')  global_best=2.1338 log2  τ=0.92  β=0.046
Ep 1206/2000  reward=+2.0173 log2  ep_best=4.9443 log2 ('RVGRKLVRFVQGLKKRWYW')  global_best=2.1338 log2  τ=0.91  β=0.046
Ep 1207/2000  reward=+3.5304 log2  ep_best=3.4312 log2 ('RGARKLVRFVKGLKKWWRF')  global_best=2.1338 log2  τ=0.91  β=0.046
Ep 1208/2000  reward=+3.1191 log2  ep_best=3.8426 log2 ('RSGRKLVRFVKGLKKWWWR')  global_best=2.1338 log2  τ=0.91  β=0.046
Ep 1209/2000  reward=+4.1021 log2  ep_best=2.8595 log2 ('RLGRKLVRFVKGLWKWKRW')  global_best=2.1338 log2  τ=0.91  β=0.046
Ep 1210/2000  reward=+2.0624 log2  ep_best=4.8993 log2 ('RVARKLCRYGKGLWKRKRW')  global_best=2.1338 log2  τ=0.91  β=0.046
Ep 1211/2000  reward=+3.8240 log2  ep_best=3.1376 log2 ('RVGRKLVRFVKGLWKWKRF')  global_best=2.1338 log2  τ=0.91  β=0.046
Ep 1212/2000  reward=+3.6097 log2  ep_best=3.3519 log2 ('RLGRKLVRFVKGLKKWKRW')  global_best=2.1338 log2  τ=0.91  β=0.045
Ep 1213/2000  reward=+3.1176 log2  ep_best=3.8441 log2 ('RVARKLVRFVKGLWWRKRR')  global_best=2.1338 log2  τ=0.91  β=0.045
Ep 1214/2000  reward=+3.5494 log2  ep_best=3.4122 log2 ('RKGRKLVRYLKGLKKWKWR')  global_best=2.1338 log2  τ=0.91  β=0.045
Ep 1215/2000  reward=+3.5693 log2  ep_best=3.3923 log2 ('RVARKNVRYVKGLWKWWRW')  global_best=2.1338 log2  τ=0.91  β=0.045
Ep 1216/2000  reward=+3.9208 log2  ep_best=3.0408 log2 ('RVGRKLVRYVKGLWKRWRW')  global_best=2.1338 log2  τ=0.91  β=0.045
Ep 1217/2000  reward=+3.3486 log2  ep_best=3.6131 log2 ('RVARKLVRYVKGLRKKWWW')  global_best=2.1338 log2  τ=0.91  β=0.045
Ep 1218/2000  reward=+4.6927 log2  ep_best=2.2689 log2 ('RLARKLVRYVKVAWKWWWW')  global_best=2.1338 log2  τ=0.90  β=0.045
Ep 1219/2000  reward=+3.7669 log2  ep_best=3.1948 log2 ('RLARKLVRFVKGLRKWWWW')  global_best=2.1338 log2  τ=0.90  β=0.045
Ep 1220/2000  reward=+3.8431 log2  ep_best=3.1186 log2 ('RLARKLVRYVKVARRWWRW')  global_best=2.1338 log2  τ=0.90  β=0.045
Ep 1221/2000  reward=+3.4495 log2  ep_best=3.5121 log2 ('RVGRKNVRYVKGLWKWWRW')  global_best=2.1338 log2  τ=0.90  β=0.045
Ep 1222/2000  reward=+3.8913 log2  ep_best=3.0704 log2 ('RVARKLVRYVKGLWKRWRW')  global_best=2.1338 log2  τ=0.90  β=0.045
Ep 1223/2000  reward=+4.2864 log2  ep_best=2.6752 log2 ('RLARKLVRYVKVARYKWWW')  global_best=2.1338 log2  τ=0.90  β=0.045
Ep 1224/2000  reward=+2.7723 log2  ep_best=4.1894 log2 ('RVARKLVRFVKGLWKKKRP')  global_best=2.1338 log2  τ=0.90  β=0.045
Ep 1225/2000  reward=+3.4400 log2  ep_best=3.5216 log2 ('RVARKLVRYVKGLWKRKRW')  global_best=2.1338 log2  τ=0.90  β=0.045
Ep 1226/2000  reward=+3.9348 log2  ep_best=3.0269 log2 ('RLGRKLVRFVKGLRKWWWW')  global_best=2.1338 log2  τ=0.90  β=0.045
Ep 1227/2000  reward=+3.5337 log2  ep_best=3.4280 log2 ('RVGRKLVRYVKGLRRKWVK')  global_best=2.1338 log2  τ=0.90  β=0.045
Ep 1228/2000  reward=+3.6105 log2  ep_best=3.3511 log2 ('RVGRKLVRFVKGLKKWWWW')  global_best=2.1338 log2  τ=0.90  β=0.045
Ep 1229/2000  reward=+2.6036 log2  ep_best=4.3581 log2 ('RGARNLVRFVKGLWKWKRI')  global_best=2.1338 log2  τ=0.89  β=0.045
Ep 1230/2000  reward=+3.8977 log2  ep_best=3.0639 log2 ('RLARKLVRFVKGLKKWKWW')  global_best=2.1338 log2  τ=0.89  β=0.045
Ep 1231/2000  reward=+2.1966 log2  ep_best=4.7650 log2 ('RVARKLCRFGKGMWWRKRR')  global_best=2.1338 log2  τ=0.89  β=0.045
Ep 1232/2000  reward=+3.9279 log2  ep_best=3.0338 log2 ('RLGRKLVRFVKGLYKWWRW')  global_best=2.1338 log2  τ=0.89  β=0.045
Ep 1233/2000  reward=+3.6097 log2  ep_best=3.3519 log2 ('RLGRKLVRFVKGLKKWKRW')  global_best=2.1338 log2  τ=0.89  β=0.045
Ep 1234/2000  reward=+4.0354 log2  ep_best=2.9263 log2 ('RGARKLVRYVKGLWKWKRI')  global_best=2.1338 log2  τ=0.89  β=0.044
Ep 1235/2000  reward=+2.9116 log2  ep_best=4.0501 log2 ('RVGRKLYRFVVGAKKKWKK')  global_best=2.1338 log2  τ=0.89  β=0.044
Ep 1236/2000  reward=+2.2005 log2  ep_best=4.7611 log2 ('RVGRKKVRYVKVAWWRWCW')  global_best=2.1338 log2  τ=0.89  β=0.044
Ep 1237/2000  reward=+3.8252 log2  ep_best=3.1365 log2 ('RVARKNVRYVKVAWWRWRW')  global_best=2.1338 log2  τ=0.89  β=0.044
Ep 1238/2000  reward=+3.7827 log2  ep_best=3.1790 log2 ('RVARKLVRFVKGLWKWKRF')  global_best=2.1338 log2  τ=0.89  β=0.044
Ep 1239/2000  reward=+3.6149 log2  ep_best=3.3467 log2 ('RLGRKNVRFVKGLWWWKRW')  global_best=2.1338 log2  τ=0.89  β=0.044
Ep 1240/2000  reward=+3.3797 log2  ep_best=3.5819 log2 ('RLGRKNVRYVKGLRKWWRW')  global_best=2.1338 log2  τ=0.88  β=0.044
Ep 1241/2000  reward=+3.1934 log2  ep_best=3.7682 log2 ('RVGRKNVRFVLGLWKRWRW')  global_best=2.1338 log2  τ=0.88  β=0.044
Ep 1242/2000  reward=+3.9653 log2  ep_best=2.9964 log2 ('RVARKLVRFVKVAWKRWWW')  global_best=2.1338 log2  τ=0.88  β=0.044
Ep 1243/2000  reward=+3.4495 log2  ep_best=3.5121 log2 ('RVGRKNVRYVKGLWKWWRW')  global_best=2.1338 log2  τ=0.88  β=0.044
Ep 1244/2000  reward=+3.5295 log2  ep_best=3.4321 log2 ('RVARKLVRYIQGLKWKKVW')  global_best=2.1338 log2  τ=0.88  β=0.044
Ep 1245/2000  reward=+2.8406 log2  ep_best=4.1210 log2 ('RGARNLVRFVKGLWKRWRW')  global_best=2.1338 log2  τ=0.88  β=0.044
Ep 1246/2000  reward=+2.9285 log2  ep_best=4.0332 log2 ('RGGRKLVRYVKGLYRWRCK')  global_best=2.1338 log2  τ=0.88  β=0.044
Ep 1247/2000  reward=+2.5286 log2  ep_best=4.4331 log2 ('RVGRKLVRYIQGLRRKWVW')  global_best=2.1338 log2  τ=0.88  β=0.044
Ep 1248/2000  reward=+3.2577 log2  ep_best=3.7039 log2 ('RVGRKLVRFVKGLKKWKYK')  global_best=2.1338 log2  τ=0.88  β=0.044
Ep 1249/2000  reward=+3.2924 log2  ep_best=3.6693 log2 ('RGGRKLVRWLKGLRKKKVW')  global_best=2.1338 log2  τ=0.88  β=0.044
Ep 1250/2000  reward=+3.4039 log2  ep_best=3.5577 log2 ('RGGRKLVRFVKGLKKWWRW')  global_best=2.1338 log2  τ=0.88  β=0.044
Ep 1251/2000  reward=+2.9524 log2  ep_best=4.0092 log2 ('RVGRKLVRFGKGLKKWWRW')  global_best=2.1338 log2  τ=0.87  β=0.044
Ep 1252/2000  reward=+3.9840 log2  ep_best=2.9777 log2 ('RVARKNVRYVKVAWKRWWW')  global_best=2.1338 log2  τ=0.87  β=0.044
Ep 1253/2000  reward=+3.5004 log2  ep_best=3.4612 log2 ('RGGRKLVRYVKVLRRWRRW')  global_best=2.1338 log2  τ=0.87  β=0.044
Ep 1254/2000  reward=+2.8688 log2  ep_best=4.0929 log2 ('RVGRKLVRFVKGLWKRKRW')  global_best=2.1338 log2  τ=0.87  β=0.044
Ep 1255/2000  reward=+2.6840 log2  ep_best=4.2777 log2 ('RVGRKKVRYVNGLWRRRRW')  global_best=2.1338 log2  τ=0.87  β=0.044
Ep 1256/2000  reward=+3.3510 log2  ep_best=3.6107 log2 ('RVGRKNVRFVLGLWKRWWW')  global_best=2.1338 log2  τ=0.87  β=0.043
Ep 1257/2000  reward=+3.7011 log2  ep_best=3.2606 log2 ('RVGRKLVRFVKGLWKWKRW')  global_best=2.1338 log2  τ=0.87  β=0.043
Ep 1258/2000  reward=+3.6548 log2  ep_best=3.3068 log2 ('RVGRKLVRYVKVAWWRWRW')  global_best=2.1338 log2  τ=0.87  β=0.043
Ep 1259/2000  reward=+3.3201 log2  ep_best=3.6415 log2 ('RVGRKLVRFVKGLKKWWWR')  global_best=2.1338 log2  τ=0.87  β=0.043
Ep 1260/2000  reward=+3.2283 log2  ep_best=3.7333 log2 ('RLARKLVRFGKGLKKWWWW')  global_best=2.1338 log2  τ=0.87  β=0.043
Ep 1261/2000  reward=+3.1799 log2  ep_best=3.7818 log2 ('RLGRKLVRFGKGLKKWWWW')  global_best=2.1338 log2  τ=0.87  β=0.043
Ep 1262/2000  reward=+3.3550 log2  ep_best=3.6066 log2 ('RLARKLVRFVKGLKKWKRI')  global_best=2.1338 log2  τ=0.86  β=0.043
Ep 1263/2000  reward=+4.0946 log2  ep_best=2.8671 log2 ('RLGRKLVRFVKGLKKWWWW')  global_best=2.1338 log2  τ=0.86  β=0.043
Ep 1264/2000  reward=+3.3020 log2  ep_best=3.6597 log2 ('RGGRKLVRFVKGLKKWKFI')  global_best=2.1338 log2  τ=0.86  β=0.043
Ep 1265/2000  reward=+2.8314 log2  ep_best=4.1302 log2 ('RVARKLVRFVKGLKKKKWK')  global_best=2.1338 log2  τ=0.86  β=0.043
Ep 1266/2000  reward=+4.8870 log2  ep_best=2.0746 log2 ('RLARKLVRYVKVAWKKWWW')  global_best=2.0746 log2  τ=0.86  β=0.043
Ep 1267/2000  reward=+3.3405 log2  ep_best=3.6212 log2 ('RVGRKNVRFVKGLWKWWRW')  global_best=2.0746 log2  τ=0.86  β=0.043
Ep 1268/2000  reward=+3.9919 log2  ep_best=2.9697 log2 ('RVGRKLVRFLKGLKKWWRF')  global_best=2.0746 log2  τ=0.86  β=0.043
Ep 1269/2000  reward=+4.1963 log2  ep_best=2.7654 log2 ('RLGRKLVRYVKGLYKWKRW')  global_best=2.0746 log2  τ=0.86  β=0.043
Ep 1270/2000  reward=+3.6345 log2  ep_best=3.3271 log2 ('RGGRKLVRFVKGLWKWWRF')  global_best=2.0746 log2  τ=0.86  β=0.043
Ep 1271/2000  reward=+4.0778 log2  ep_best=2.8839 log2 ('RVGRKLVRYVKGLWKWKRW')  global_best=2.0746 log2  τ=0.86  β=0.043
Ep 1272/2000  reward=+3.6906 log2  ep_best=3.2711 log2 ('RVARKNVRYVKGLWKRWWW')  global_best=2.0746 log2  τ=0.86  β=0.043
Ep 1273/2000  reward=+4.1021 log2  ep_best=2.8595 log2 ('RLGRKLVRFVKGLWKWKRW')  global_best=2.0746 log2  τ=0.85  β=0.043
Ep 1274/2000  reward=+3.5337 log2  ep_best=3.4280 log2 ('RVGRKLVRYVKGLRRKWVK')  global_best=2.0746 log2  τ=0.85  β=0.043
Ep 1275/2000  reward=+3.9553 log2  ep_best=3.0063 log2 ('RVGRKLVRFVKGLKWWKYW')  global_best=2.0746 log2  τ=0.85  β=0.043
Ep 1276/2000  reward=+2.8621 log2  ep_best=4.0996 log2 ('RVGRKNVRFVLGLKKRWWW')  global_best=2.0746 log2  τ=0.85  β=0.043
Ep 1277/2000  reward=+3.4145 log2  ep_best=3.5472 log2 ('RKARKLVRFVKGLWWWKRR')  global_best=2.0746 log2  τ=0.85  β=0.043
Ep 1278/2000  reward=+3.3486 log2  ep_best=3.6131 log2 ('RVARKLVRYVKGLRKKWWW')  global_best=2.0746 log2  τ=0.85  β=0.043
Ep 1279/2000  reward=+3.9835 log2  ep_best=2.9781 log2 ('RLARKLVRFVKGLWKWKRW')  global_best=2.0746 log2  τ=0.85  β=0.042
Ep 1280/2000  reward=+3.1643 log2  ep_best=3.7973 log2 ('RAGRKLVRYVKGLKKWKRI')  global_best=2.0746 log2  τ=0.85  β=0.042
Ep 1281/2000  reward=+1.4390 log2  ep_best=5.5226 log2 ('RVARNLYRYGKGGRYWWRW')  global_best=2.0746 log2  τ=0.85  β=0.042
Ep 1282/2000  reward=+3.4024 log2  ep_best=3.5593 log2 ('RLGRKLVRRVQGLWRKRFW')  global_best=2.0746 log2  τ=0.85  β=0.042
Ep 1283/2000  reward=+4.0657 log2  ep_best=2.8960 log2 ('RLARKLVRFVKGLWKRKYW')  global_best=2.0746 log2  τ=0.85  β=0.042
Ep 1284/2000  reward=+3.7354 log2  ep_best=3.2262 log2 ('RVGRKLVRFVKGLWKWWRW')  global_best=2.0746 log2  τ=0.84  β=0.042
Ep 1285/2000  reward=+4.1074 log2  ep_best=2.8543 log2 ('RLGRKLVRYVKGLRKWWRW')  global_best=2.0746 log2  τ=0.84  β=0.042
Ep 1286/2000  reward=+2.1961 log2  ep_best=4.7656 log2 ('RVGRKLVRFVQGLKKWKRK')  global_best=2.0746 log2  τ=0.84  β=0.042
Ep 1287/2000  reward=+2.7523 log2  ep_best=4.2094 log2 ('RVGRKNVRYVNGLWWRWRW')  global_best=2.0746 log2  τ=0.84  β=0.042
Ep 1288/2000  reward=+4.4469 log2  ep_best=2.5147 log2 ('RVGRKLVRYLKVAKYKWWK')  global_best=2.0746 log2  τ=0.84  β=0.042
Ep 1289/2000  reward=+4.0304 log2  ep_best=2.9312 log2 ('RLARKLVRFGKVAWKWLWW')  global_best=2.0746 log2  τ=0.84  β=0.042
Ep 1290/2000  reward=+2.0987 log2  ep_best=4.8630 log2 ('RMGRKLVRYVQGLKKWKVN')  global_best=2.0746 log2  τ=0.84  β=0.042
Ep 1291/2000  reward=+4.5276 log2  ep_best=2.4340 log2 ('RLSRKLVRYVKGLWKWKRW')  global_best=2.0746 log2  τ=0.84  β=0.042
Ep 1292/2000  reward=+3.6104 log2  ep_best=3.3513 log2 ('RLGRKLVRFVKGLKKKKWW')  global_best=2.0746 log2  τ=0.84  β=0.042
Ep 1293/2000  reward=+4.1119 log2  ep_best=2.8497 log2 ('RLARKLVRRVWGLYRKWRW')  global_best=2.0746 log2  τ=0.84  β=0.042
Ep 1294/2000  reward=+2.8144 log2  ep_best=4.1472 log2 ('RVARNKVRYVKVARYRWRW')  global_best=2.0746 log2  τ=0.84  β=0.042
Ep 1295/2000  reward=+3.7256 log2  ep_best=3.2360 log2 ('RLGRKNVRRVWGLYRKRWW')  global_best=2.0746 log2  τ=0.83  β=0.042
Ep 1296/2000  reward=+3.1867 log2  ep_best=3.7750 log2 ('RVGRKLVRFVKGLKKWKRF')  global_best=2.0746 log2  τ=0.83  β=0.042
Ep 1297/2000  reward=+1.8952 log2  ep_best=5.0664 log2 ('RVGRKKVRYVWVLRRRRCW')  global_best=2.0746 log2  τ=0.83  β=0.042
Ep 1298/2000  reward=+2.8188 log2  ep_best=4.1428 log2 ('RVGRKNVRFVKGLKKWWWW')  global_best=2.0746 log2  τ=0.83  β=0.042
Ep 1299/2000  reward=+3.6105 log2  ep_best=3.3511 log2 ('RVGRKLVRFVKGLKKWWWW')  global_best=2.0746 log2  τ=0.83  β=0.042
Ep 1300/2000  reward=+2.9428 log2  ep_best=4.0189 log2 ('RGGRKNVRFVKGLWKWWRW')  global_best=2.0746 log2  τ=0.83  β=0.042
Ep 1301/2000  reward=+3.7995 log2  ep_best=3.1622 log2 ('RVGRKLVRYLKGLRWRWRW')  global_best=2.0746 log2  τ=0.83  β=0.041
Ep 1302/2000  reward=+4.1040 log2  ep_best=2.8577 log2 ('RLGRKLVRFVKGLKKWKWW')  global_best=2.0746 log2  τ=0.83  β=0.041
Ep 1303/2000  reward=+3.8235 log2  ep_best=3.1382 log2 ('RVARKLVRFVKGLWKWWWW')  global_best=2.0746 log2  τ=0.83  β=0.041
Ep 1304/2000  reward=+3.0236 log2  ep_best=3.9381 log2 ('RVARKKVRYVKVARRWWRW')  global_best=2.0746 log2  τ=0.83  β=0.041
Ep 1305/2000  reward=+3.2975 log2  ep_best=3.6642 log2 ('RVGRKNVRYVKGLWKWKRW')  global_best=2.0746 log2  τ=0.83  β=0.041
Ep 1306/2000  reward=+3.3813 log2  ep_best=3.5803 log2 ('RGGRKLVRFVKGLKKWWRI')  global_best=2.0746 log2  τ=0.82  β=0.041
Ep 1307/2000  reward=+4.0222 log2  ep_best=2.9394 log2 ('RVGRKLVRKLKGLWKWWRF')  global_best=2.0746 log2  τ=0.82  β=0.041
Ep 1308/2000  reward=+4.1203 log2  ep_best=2.8413 log2 ('RVARKLVRFVKGLWKWKVW')  global_best=2.0746 log2  τ=0.82  β=0.041
Ep 1309/2000  reward=+3.1570 log2  ep_best=3.8047 log2 ('RVARKLVRYIKGLRRKWRW')  global_best=2.0746 log2  τ=0.82  β=0.041
Ep 1310/2000  reward=+3.4495 log2  ep_best=3.5121 log2 ('RVGRKNVRYVKGLWKWWRW')  global_best=2.0746 log2  τ=0.82  β=0.041
Ep 1311/2000  reward=+3.4320 log2  ep_best=3.5296 log2 ('RGARKLVRFVKGLKKWWWW')  global_best=2.0746 log2  τ=0.82  β=0.041
Ep 1312/2000  reward=+3.6105 log2  ep_best=3.3511 log2 ('RVGRKLVRFVKGLKKWWWW')  global_best=2.0746 log2  τ=0.82  β=0.041
Ep 1313/2000  reward=+3.7011 log2  ep_best=3.2606 log2 ('RVGRKLVRFVKGLWKWKRW')  global_best=2.0746 log2  τ=0.82  β=0.041
Ep 1314/2000  reward=+3.7118 log2  ep_best=3.2498 log2 ('RLARKLVRYVKGLRWWKRR')  global_best=2.0746 log2  τ=0.82  β=0.041
Ep 1315/2000  reward=+3.0051 log2  ep_best=3.9566 log2 ('RVGRKLVRFVKGLKKRWWW')  global_best=2.0746 log2  τ=0.82  β=0.041
Ep 1316/2000  reward=+4.4635 log2  ep_best=2.4981 log2 ('RLARKLVRFVKVAKKWWWW')  global_best=2.0746 log2  τ=0.82  β=0.041
Ep 1317/2000  reward=+2.7218 log2  ep_best=4.2398 log2 ('RGGRKLVRYLQGLRWKKVW')  global_best=2.0746 log2  τ=0.82  β=0.041
Ep 1318/2000  reward=+2.8252 log2  ep_best=4.1364 log2 ('RLGRKLVRFVQGLKWRKYR')  global_best=2.0746 log2  τ=0.81  β=0.041
Ep 1319/2000  reward=+3.0144 log2  ep_best=3.9473 log2 ('RLARKLVRFVLVAWRRRRR')  global_best=2.0746 log2  τ=0.81  β=0.041
Ep 1320/2000  reward=+3.5721 log2  ep_best=3.3895 log2 ('RVARKLVRYVWGLRRWRRW')  global_best=2.0746 log2  τ=0.81  β=0.041
Ep 1321/2000  reward=+3.4435 log2  ep_best=3.5181 log2 ('RVGRKLVRFVKGLWKRWRW')  global_best=2.0746 log2  τ=0.81  β=0.041
Ep 1322/2000  reward=+2.5027 log2  ep_best=4.4589 log2 ('RVARKKVRRVWVARRRRYW')  global_best=2.0746 log2  τ=0.81  β=0.041
Ep 1323/2000  reward=+4.3649 log2  ep_best=2.5967 log2 ('RLSRKLVRFVKTAKKWLWW')  global_best=2.0746 log2  τ=0.81  β=0.040
Ep 1324/2000  reward=+3.6105 log2  ep_best=3.3511 log2 ('RVGRKLVRFVKGLKKWWWW')  global_best=2.0746 log2  τ=0.81  β=0.040
Ep 1325/2000  reward=+3.9038 log2  ep_best=3.0578 log2 ('RVARNKVRYVKVAWWRKRW')  global_best=2.0746 log2  τ=0.81  β=0.040
Ep 1326/2000  reward=+3.7490 log2  ep_best=3.2127 log2 ('RLGRKLVRRKWGLYRKRVW')  global_best=2.0746 log2  τ=0.81  β=0.040
Ep 1327/2000  reward=+3.5540 log2  ep_best=3.4076 log2 ('RGGRKLVRFVKGLKKWWRF')  global_best=2.0746 log2  τ=0.81  β=0.040
Ep 1328/2000  reward=+3.4041 log2  ep_best=3.5575 log2 ('RLARKLVRFVKGLWKWKRR')  global_best=2.0746 log2  τ=0.81  β=0.040
Ep 1329/2000  reward=+3.7410 log2  ep_best=3.2207 log2 ('RVGRKLVRFVLGLWKRWWW')  global_best=2.0746 log2  τ=0.80  β=0.040
Ep 1330/2000  reward=+4.3862 log2  ep_best=2.5754 log2 ('RLARKLVRYVKVARKWWWW')  global_best=2.0746 log2  τ=0.80  β=0.040
Ep 1331/2000  reward=+4.0954 log2  ep_best=2.8662 log2 ('RLSRKLVRFVKGLKKWWWW')  global_best=2.0746 log2  τ=0.80  β=0.040
Ep 1332/2000  reward=+2.3118 log2  ep_best=4.6499 log2 ('RVGRKLVRFVQGLKKWKYK')  global_best=2.0746 log2  τ=0.80  β=0.040
Ep 1333/2000  reward=+3.4820 log2  ep_best=3.4796 log2 ('RVGRKLVRYVKVGWKRWWW')  global_best=2.0746 log2  τ=0.80  β=0.040
Ep 1334/2000  reward=+3.8235 log2  ep_best=3.1382 log2 ('RVARKLVRFVKGLWKWWWW')  global_best=2.0746 log2  τ=0.80  β=0.040
Ep 1335/2000  reward=+3.2191 log2  ep_best=3.7426 log2 ('RLGRKLVRFVQGLKKWKRW')  global_best=2.0746 log2  τ=0.80  β=0.040
Ep 1336/2000  reward=+2.8482 log2  ep_best=4.1135 log2 ('RGGRKNVRYKWVLRRWRCW')  global_best=2.0746 log2  τ=0.80  β=0.040
Ep 1337/2000  reward=+3.8252 log2  ep_best=3.1365 log2 ('RVARKNVRYVKVAWWRWRW')  global_best=2.0746 log2  τ=0.80  β=0.040
Ep 1338/2000  reward=+4.1487 log2  ep_best=2.8130 log2 ('RLARKLVRYVKVAWWRWWW')  global_best=2.0746 log2  τ=0.80  β=0.040
Ep 1339/2000  reward=+2.7484 log2  ep_best=4.2133 log2 ('RVARKKVRYVKVAWWRWCW')  global_best=2.0746 log2  τ=0.80  β=0.040
Ep 1340/2000  reward=+3.3763 log2  ep_best=3.5854 log2 ('RVARKNVRFVKGLWKRWWW')  global_best=2.0746 log2  τ=0.79  β=0.040
Ep 1341/2000  reward=+2.5373 log2  ep_best=4.4243 log2 ('RSGRKLVRFLQGLKKKWVK')  global_best=2.0746 log2  τ=0.79  β=0.040
Ep 1342/2000  reward=+2.5505 log2  ep_best=4.4111 log2 ('RMGRKLVRYTKGLYRKWRK')  global_best=2.0746 log2  τ=0.79  β=0.040
Ep 1343/2000  reward=+4.1422 log2  ep_best=2.8195 log2 ('RVARKLVRFVKVAKKWWWW')  global_best=2.0746 log2  τ=0.79  β=0.040
Ep 1344/2000  reward=+3.6772 log2  ep_best=3.2845 log2 ('RVGRKLVRYVKVAWWRWRR')  global_best=2.0746 log2  τ=0.79  β=0.040
Ep 1345/2000  reward=+3.9183 log2  ep_best=3.0433 log2 ('RLGRKLVRFVKGLYKWKRW')  global_best=2.0746 log2  τ=0.79  β=0.039
Ep 1346/2000  reward=+3.1153 log2  ep_best=3.8464 log2 ('RMGRKLVRFIKGLRRWWRW')  global_best=2.0746 log2  τ=0.79  β=0.039
Ep 1347/2000  reward=+2.8188 log2  ep_best=4.1428 log2 ('RVGRKNVRFVKGLKKWWWW')  global_best=2.0746 log2  τ=0.79  β=0.039
Ep 1348/2000  reward=+3.7932 log2  ep_best=3.1684 log2 ('RLGRKLVRYVKGLRWWWRR')  global_best=2.0746 log2  τ=0.79  β=0.039
Ep 1349/2000  reward=+2.9258 log2  ep_best=4.0359 log2 ('RGARKLVRYVQGLKKWKVK')  global_best=2.0746 log2  τ=0.79  β=0.039
Ep 1350/2000  reward=+4.1040 log2  ep_best=2.8577 log2 ('RLGRKLVRFVKGLKKWKWW')  global_best=2.0746 log2  τ=0.79  β=0.039
Ep 1351/2000  reward=+2.9122 log2  ep_best=4.0495 log2 ('RMGRKLVRYTQGLRKWWVK')  global_best=2.0746 log2  τ=0.78  β=0.039
Ep 1352/2000  reward=+3.1836 log2  ep_best=3.7780 log2 ('RVGRKLVRRVKGLWKKKVK')  global_best=2.0746 log2  τ=0.78  β=0.039
Ep 1353/2000  reward=+4.1021 log2  ep_best=2.8595 log2 ('RLGRKLVRFVKGLWKWKRW')  global_best=2.0746 log2  τ=0.78  β=0.039
Ep 1354/2000  reward=+3.8924 log2  ep_best=3.0692 log2 ('RGARKLVRFVKGLKKWKLK')  global_best=2.0746 log2  τ=0.78  β=0.039
Ep 1355/2000  reward=+4.5265 log2  ep_best=2.4352 log2 ('RLSRKLVRYVKVAWWRWRW')  global_best=2.0746 log2  τ=0.78  β=0.039
Ep 1356/2000  reward=+3.7669 log2  ep_best=3.1948 log2 ('RLARKLVRFVKGLRKWWWW')  global_best=2.0746 log2  τ=0.78  β=0.039
Ep 1357/2000  reward=+4.7814 log2  ep_best=2.1803 log2 ('RLSRKLVRFVKVAKKWLWW')  global_best=2.0746 log2  τ=0.78  β=0.039
Ep 1358/2000  reward=+3.5648 log2  ep_best=3.3969 log2 ('RVGRKNVRYVLGLWKRWWW')  global_best=2.0746 log2  τ=0.78  β=0.039
Ep 1359/2000  reward=+2.4392 log2  ep_best=4.5225 log2 ('RVGRKNVRYVKGLKKRWWW')  global_best=2.0746 log2  τ=0.78  β=0.039
Ep 1360/2000  reward=+3.8252 log2  ep_best=3.1365 log2 ('RVARKNVRYVKVAWWRWRW')  global_best=2.0746 log2  τ=0.78  β=0.039
Ep 1361/2000  reward=+2.0882 log2  ep_best=4.8735 log2 ('RVARKLCRFAIGLRWRWRW')  global_best=2.0746 log2  τ=0.78  β=0.039
Ep 1362/2000  reward=+2.5218 log2  ep_best=4.4399 log2 ('RVGRKKVRFVQGLWKRRFK')  global_best=2.0746 log2  τ=0.77  β=0.039
Ep 1363/2000  reward=+2.4172 log2  ep_best=4.5444 log2 ('RLGRKKVRYVQGLRRKWVW')  global_best=2.0746 log2  τ=0.77  β=0.039
Ep 1364/2000  reward=+4.0964 log2  ep_best=2.8652 log2 ('RLGRKLVRYVWGLRRWWRW')  global_best=2.0746 log2  τ=0.77  β=0.039
Ep 1365/2000  reward=+2.8188 log2  ep_best=4.1428 log2 ('RVGRKNVRFVKGLKKWWWW')  global_best=2.0746 log2  τ=0.77  β=0.039
Ep 1366/2000  reward=+3.9840 log2  ep_best=2.9777 log2 ('RVARKNVRYVKVAWKRWWW')  global_best=2.0746 log2  τ=0.77  β=0.039
Ep 1367/2000  reward=+3.3176 log2  ep_best=3.6441 log2 ('RMARKLVRYVKGLKKWKYI')  global_best=2.0746 log2  τ=0.77  β=0.038
Ep 1368/2000  reward=+3.5272 log2  ep_best=3.4344 log2 ('RVGRKNVRYVLGLWKRWRW')  global_best=2.0746 log2  τ=0.77  β=0.038
Ep 1369/2000  reward=+4.1040 log2  ep_best=2.8577 log2 ('RLGRKLVRFVKGLKKWKWW')  global_best=2.0746 log2  τ=0.77  β=0.038
Ep 1370/2000  reward=+2.7557 log2  ep_best=4.2060 log2 ('RGGRKLVRFVKGLKKWKRI')  global_best=2.0746 log2  τ=0.77  β=0.038
Ep 1371/2000  reward=+3.7146 log2  ep_best=3.2470 log2 ('RSGRKLVRWLKGLKKKKVW')  global_best=2.0746 log2  τ=0.77  β=0.038
Ep 1372/2000  reward=+4.7994 log2  ep_best=2.1622 log2 ('RLARKLVRFVKVAWKWWWW')  global_best=2.0746 log2  τ=0.77  β=0.038
Ep 1373/2000  reward=+2.0167 log2  ep_best=4.9450 log2 ('RGGRKLVRRKKGLRRKWVW')  global_best=2.0746 log2  τ=0.76  β=0.038
Ep 1374/2000  reward=+3.0657 log2  ep_best=3.8959 log2 ('RGGRKLVRYLKGAWRRWVW')  global_best=2.0746 log2  τ=0.76  β=0.038
Ep 1375/2000  reward=+3.6512 log2  ep_best=3.3104 log2 ('RVGRKLVRFVLGLKKKKWK')  global_best=2.0746 log2  τ=0.76  β=0.038
Ep 1376/2000  reward=+3.3813 log2  ep_best=3.5803 log2 ('RGGRKLVRFVKGLKKWWRI')  global_best=2.0746 log2  τ=0.76  β=0.038
Ep 1377/2000  reward=+3.9183 log2  ep_best=3.0433 log2 ('RLGRKLVRFVKGLYKWKRW')  global_best=2.0746 log2  τ=0.76  β=0.038
Ep 1378/2000  reward=+3.8252 log2  ep_best=3.1365 log2 ('RVARKNVRYVKVAWWRWRW')  global_best=2.0746 log2  τ=0.76  β=0.038
Ep 1379/2000  reward=+3.4435 log2  ep_best=3.5181 log2 ('RVGRKLVRFVKGLWKRWRW')  global_best=2.0746 log2  τ=0.76  β=0.038
Ep 1380/2000  reward=+3.9254 log2  ep_best=3.0363 log2 ('RLARKLVRYVKGLRKWWRW')  global_best=2.0746 log2  τ=0.76  β=0.038
Ep 1381/2000  reward=+2.8988 log2  ep_best=4.0629 log2 ('RVARKKVRYGKGLWWRWRW')  global_best=2.0746 log2  τ=0.76  β=0.038
Ep 1382/2000  reward=+3.8252 log2  ep_best=3.1365 log2 ('RVARKNVRYVKVAWWRWRW')  global_best=2.0746 log2  τ=0.76  β=0.038
Ep 1383/2000  reward=+3.2367 log2  ep_best=3.7250 log2 ('RVGRKNVRYVKGLWKWKYW')  global_best=2.0746 log2  τ=0.76  β=0.038
Ep 1384/2000  reward=+2.7737 log2  ep_best=4.1879 log2 ('RGGRKLVRFVQGLKKWKVK')  global_best=2.0746 log2  τ=0.75  β=0.038
Ep 1385/2000  reward=+4.3516 log2  ep_best=2.6101 log2 ('RLARKLVRFVKVAWWKWRW')  global_best=2.0746 log2  τ=0.75  β=0.038
Ep 1386/2000  reward=+3.5272 log2  ep_best=3.4344 log2 ('RVGRKNVRYVLGLWKRWRW')  global_best=2.0746 log2  τ=0.75  β=0.038
Ep 1387/2000  reward=+2.5087 log2  ep_best=4.4529 log2 ('RGGRKKVRYVWVLRRWRCW')  global_best=2.0746 log2  τ=0.75  β=0.038
Ep 1388/2000  reward=+3.3405 log2  ep_best=3.6212 log2 ('RVGRKNVRFVKGLWKWWRW')  global_best=2.0746 log2  τ=0.75  β=0.038
Ep 1389/2000  reward=+2.9428 log2  ep_best=4.0189 log2 ('RGGRKNVRFVKGLWKWWRW')  global_best=2.0746 log2  τ=0.75  β=0.038
Ep 1390/2000  reward=+3.7059 log2  ep_best=3.2558 log2 ('RVARKKVRYVKVAWRWWRR')  global_best=2.0746 log2  τ=0.75  β=0.037
Ep 1391/2000  reward=+3.8814 log2  ep_best=3.0802 log2 ('RLARKLVRYVKVARYWWRW')  global_best=2.0746 log2  τ=0.75  β=0.037
Ep 1392/2000  reward=+3.0746 log2  ep_best=3.8871 log2 ('RVARKNVRYVKGLRWWWRR')  global_best=2.0746 log2  τ=0.75  β=0.037
Ep 1393/2000  reward=+3.6345 log2  ep_best=3.3271 log2 ('RGGRKLVRFVKGLWKWWRF')  global_best=2.0746 log2  τ=0.75  β=0.037
Ep 1394/2000  reward=+3.0781 log2  ep_best=3.8835 log2 ('RSARKLVRFVKGLWKWKRR')  global_best=2.0746 log2  τ=0.75  β=0.037
Ep 1395/2000  reward=+3.3561 log2  ep_best=3.6055 log2 ('RGGRKLVRFVKGLWKRWRW')  global_best=2.0746 log2  τ=0.74  β=0.037
Ep 1396/2000  reward=+3.2544 log2  ep_best=3.7072 log2 ('RVARKKVRYVLVAWWRWRR')  global_best=2.0746 log2  τ=0.74  β=0.037
Ep 1397/2000  reward=+2.9660 log2  ep_best=3.9956 log2 ('RGGRKLVRYLKGLKRRKVW')  global_best=2.0746 log2  τ=0.74  β=0.037
Ep 1398/2000  reward=+4.7994 log2  ep_best=2.1622 log2 ('RLARKLVRFVKVAWKWWWW')  global_best=2.0746 log2  τ=0.74  β=0.037
Ep 1399/2000  reward=+2.8188 log2  ep_best=4.1428 log2 ('RVGRKNVRFVKGLKKWWWW')  global_best=2.0746 log2  τ=0.74  β=0.037
Ep 1400/2000  reward=+2.9866 log2  ep_best=3.9750 log2 ('RVGRKKVRYVKGLYRWRRW')  global_best=2.0746 log2  τ=0.74  β=0.037
Ep 1401/2000  reward=+3.2307 log2  ep_best=3.7310 log2 ('RLGRKKVRYVLGLRRRRRW')  global_best=2.0746 log2  τ=0.74  β=0.037
Ep 1402/2000  reward=+2.2580 log2  ep_best=4.7036 log2 ('RGGRKKVRYVLGLRRRRRW')  global_best=2.0746 log2  τ=0.74  β=0.037
Ep 1403/2000  reward=+1.0172 log2  ep_best=5.9445 log2 ('RMGRKLVRYVKGLKKRKRI')  global_best=2.0746 log2  τ=0.74  β=0.037
Ep 1404/2000  reward=+3.1934 log2  ep_best=3.7682 log2 ('RVGRKNVRFVLGLWKRWRW')  global_best=2.0746 log2  τ=0.74  β=0.037
Ep 1405/2000  reward=+3.2631 log2  ep_best=3.6986 log2 ('RGARKLVRFVKGLKKWKYI')  global_best=2.0746 log2  τ=0.74  β=0.037
Ep 1406/2000  reward=+3.8977 log2  ep_best=3.0639 log2 ('RLARKLVRFVKGLKKWKWW')  global_best=2.0746 log2  τ=0.73  β=0.037
Ep 1407/2000  reward=+3.6105 log2  ep_best=3.3511 log2 ('RVGRKLVRFVKGLKKWWWW')  global_best=2.0746 log2  τ=0.73  β=0.037
Ep 1408/2000  reward=+4.1021 log2  ep_best=2.8595 log2 ('RLGRKLVRFVKGLWKWKRW')  global_best=2.0746 log2  τ=0.73  β=0.037
Ep 1409/2000  reward=+1.5568 log2  ep_best=5.4048 log2 ('RSGRKLCRRKQVVRRLRWW')  global_best=2.0746 log2  τ=0.73  β=0.037
Ep 1410/2000  reward=+2.8713 log2  ep_best=4.0903 log2 ('RVARKLCRFGKGLWWRKRW')  global_best=2.0746 log2  τ=0.73  β=0.037
Ep 1411/2000  reward=+3.9835 log2  ep_best=2.9781 log2 ('RLARKLVRFVKGLWKWKRW')  global_best=2.0746 log2  τ=0.73  β=0.037
Ep 1412/2000  reward=+3.9348 log2  ep_best=3.0269 log2 ('RLGRKLVRFVKGLRKWWWW')  global_best=2.0746 log2  τ=0.73  β=0.036
Ep 1413/2000  reward=+3.4465 log2  ep_best=3.5151 log2 ('RVGRKLFRWLLVAKKKKKK')  global_best=2.0746 log2  τ=0.73  β=0.036
Ep 1414/2000  reward=+3.1934 log2  ep_best=3.7682 log2 ('RVGRKNVRFVLGLWKRWRW')  global_best=2.0746 log2  τ=0.73  β=0.036
Ep 1415/2000  reward=+4.4635 log2  ep_best=2.4981 log2 ('RLARKLVRFVKVAKKWWWW')  global_best=2.0746 log2  τ=0.73  β=0.036
Ep 1416/2000  reward=+4.1074 log2  ep_best=2.8543 log2 ('RLGRKLVRYVKGLRKWWRW')  global_best=2.0746 log2  τ=0.73  β=0.036
Ep 1417/2000  reward=+3.9653 log2  ep_best=2.9964 log2 ('RVARKLVRFVKVAWKRWWW')  global_best=2.0746 log2  τ=0.72  β=0.036
Ep 1418/2000  reward=+2.9435 log2  ep_best=4.0182 log2 ('RVARKLCRFGKGLWWRWRY')  global_best=2.0746 log2  τ=0.72  β=0.036
Ep 1419/2000  reward=+3.1682 log2  ep_best=3.7934 log2 ('RVGRKLVRYVKGLRRWWRR')  global_best=2.0746 log2  τ=0.72  β=0.036
Ep 1420/2000  reward=+3.3405 log2  ep_best=3.6212 log2 ('RVGRKNVRFVKGLWKWWRW')  global_best=2.0746 log2  τ=0.72  β=0.036
Ep 1421/2000  reward=+2.5485 log2  ep_best=4.4131 log2 ('RVGRKLVRRKKGLKKWKVW')  global_best=2.0746 log2  τ=0.72  β=0.036
Ep 1422/2000  reward=+3.6105 log2  ep_best=3.3511 log2 ('RVGRKLVRFVKGLKKWWWW')  global_best=2.0746 log2  τ=0.72  β=0.036
Ep 1423/2000  reward=+3.5623 log2  ep_best=3.3993 log2 ('RVARKLVRWKKVAKKKKLW')  global_best=2.0746 log2  τ=0.72  β=0.036
Ep 1424/2000  reward=+4.2777 log2  ep_best=2.6839 log2 ('RLSRKLVRFVKGLWKWWWW')  global_best=2.0746 log2  τ=0.72  β=0.036
Ep 1425/2000  reward=+4.0215 log2  ep_best=2.9401 log2 ('RLARKLVRYVKVARWRWRW')  global_best=2.0746 log2  τ=0.72  β=0.036
Ep 1426/2000  reward=+3.9599 log2  ep_best=3.0017 log2 ('RLARKLVRFVKVAWWWWRW')  global_best=2.0746 log2  τ=0.72  β=0.036
Ep 1427/2000  reward=+3.8061 log2  ep_best=3.1556 log2 ('RVARKNVRYVWVLRRWWRW')  global_best=2.0746 log2  τ=0.72  β=0.036
Ep 1428/2000  reward=+3.3184 log2  ep_best=3.6432 log2 ('RVGRKNVRYVKVAWWRWRW')  global_best=2.0746 log2  τ=0.72  β=0.036
Ep 1429/2000  reward=+3.4976 log2  ep_best=3.4641 log2 ('RVGRKNVRYVKVAWWWKRW')  global_best=2.0746 log2  τ=0.71  β=0.036
Ep 1430/2000  reward=+3.7902 log2  ep_best=3.1714 log2 ('RLARNLVRFVKVAWWRWRW')  global_best=2.0746 log2  τ=0.71  β=0.036
Ep 1431/2000  reward=+2.8224 log2  ep_best=4.1393 log2 ('RVMRKNVRYVKVAWWRWCR')  global_best=2.0746 log2  τ=0.71  β=0.036
Ep 1432/2000  reward=+3.3405 log2  ep_best=3.6212 log2 ('RVGRKNVRFVKGLWKWWRW')  global_best=2.0746 log2  τ=0.71  β=0.036
Ep 1433/2000  reward=+3.9946 log2  ep_best=2.9670 log2 ('RLARKLVRYVKVAWWWWRW')  global_best=2.0746 log2  τ=0.71  β=0.036
Ep 1434/2000  reward=+3.7146 log2  ep_best=3.2470 log2 ('RSGRKLVRWLKGLKKKKVW')  global_best=2.0746 log2  τ=0.71  β=0.035
Ep 1435/2000  reward=+3.6106 log2  ep_best=3.3510 log2 ('RVARKLVRFVKGLWKWKRW')  global_best=2.0746 log2  τ=0.71  β=0.035
Ep 1436/2000  reward=+3.2668 log2  ep_best=3.6948 log2 ('RGGRKLVRYVKGLYRKWRW')  global_best=2.0746 log2  τ=0.71  β=0.035
Ep 1437/2000  reward=+2.8295 log2  ep_best=4.1322 log2 ('RVGRKNVRRVLVAWWRWRW')  global_best=2.0746 log2  τ=0.71  β=0.035
Ep 1438/2000  reward=+3.8290 log2  ep_best=3.1327 log2 ('RLGRKLVRFIQGLKWKKVW')  global_best=2.0746 log2  τ=0.71  β=0.035
Ep 1439/2000  reward=+3.9742 log2  ep_best=2.9874 log2 ('RLARKLVRFVKGLKKWWWW')  global_best=2.0746 log2  τ=0.71  β=0.035
Ep 1440/2000  reward=+2.9341 log2  ep_best=4.0276 log2 ('RMGRKLVRYLQGLRRWWVK')  global_best=2.0746 log2  τ=0.70  β=0.035
Ep 1441/2000  reward=+1.9830 log2  ep_best=4.9786 log2 ('RVGRKLVRFVQGLKKKKVW')  global_best=2.0746 log2  τ=0.70  β=0.035
Ep 1442/2000  reward=+3.4143 log2  ep_best=3.5474 log2 ('RLARKLVRFVKGLKKWKRW')  global_best=2.0746 log2  τ=0.70  β=0.035
Ep 1443/2000  reward=+2.8708 log2  ep_best=4.0909 log2 ('RSGRKLVRRIQGLWKKKVW')  global_best=2.0746 log2  τ=0.70  β=0.035
Ep 1444/2000  reward=+3.2283 log2  ep_best=3.7333 log2 ('RLARKLVRFGKGLKKWWWW')  global_best=2.0746 log2  τ=0.70  β=0.035
Ep 1445/2000  reward=+3.5379 log2  ep_best=3.4237 log2 ('RLGRKLVRFVKGLKKWKRI')  global_best=2.0746 log2  τ=0.70  β=0.035
Ep 1446/2000  reward=+2.8498 log2  ep_best=4.1119 log2 ('RVARKLVRYVWVLRKRWCW')  global_best=2.0746 log2  τ=0.70  β=0.035
Ep 1447/2000  reward=+3.2368 log2  ep_best=3.7248 log2 ('RLARKLVRFVKGLKKWKKK')  global_best=2.0746 log2  τ=0.70  β=0.035
Ep 1448/2000  reward=+3.3405 log2  ep_best=3.6212 log2 ('RVGRKNVRFVKGLWKWWRW')  global_best=2.0746 log2  τ=0.70  β=0.035
Ep 1449/2000  reward=+4.4635 log2  ep_best=2.4981 log2 ('RLARKLVRFVKVAKKWWWW')  global_best=2.0746 log2  τ=0.70  β=0.035
Ep 1450/2000  reward=+4.1016 log2  ep_best=2.8600 log2 ('RLGRKLVRFVKVAKKWWWW')  global_best=2.0746 log2  τ=0.70  β=0.035
Ep 1451/2000  reward=+3.1638 log2  ep_best=3.7979 log2 ('RVMRKLVRFGKGLKWWWRR')  global_best=2.0746 log2  τ=0.69  β=0.035
Ep 1452/2000  reward=+4.5031 log2  ep_best=2.4585 log2 ('RLGRKLVRYVKGLWKWKRW')  global_best=2.0746 log2  τ=0.69  β=0.035
Ep 1453/2000  reward=+3.6105 log2  ep_best=3.3511 log2 ('RVGRKLVRFVKGLKKWWWW')  global_best=2.0746 log2  τ=0.69  β=0.035
Ep 1454/2000  reward=+4.3899 log2  ep_best=2.5717 log2 ('RVGRKLVRYVKGLKWWKFK')  global_best=2.0746 log2  τ=0.69  β=0.035
Ep 1455/2000  reward=+3.0717 log2  ep_best=3.8899 log2 ('RMARKLVRFVKGLWKWWRR')  global_best=2.0746 log2  τ=0.69  β=0.035
Ep 1456/2000  reward=+2.8621 log2  ep_best=4.0996 log2 ('RVGRKNVRFVLGLKKRWWW')  global_best=2.0746 log2  τ=0.69  β=0.034
Ep 1457/2000  reward=+1.7804 log2  ep_best=5.1813 log2 ('RSARNLCRRGKVMRWWWRW')  global_best=2.0746 log2  τ=0.69  β=0.034
Ep 1458/2000  reward=+3.1894 log2  ep_best=3.7722 log2 ('RGGRKLVRFVKGLKKWKYI')  global_best=2.0746 log2  τ=0.69  β=0.034
Ep 1459/2000  reward=+3.6036 log2  ep_best=3.3581 log2 ('RLARKLVRYVKVAYRKRRW')  global_best=2.0746 log2  τ=0.69  β=0.034
Ep 1460/2000  reward=+3.1280 log2  ep_best=3.8336 log2 ('RSGRKLVRYLKGAWRKWVW')  global_best=2.0746 log2  τ=0.69  β=0.034
Ep 1461/2000  reward=+3.1642 log2  ep_best=3.7975 log2 ('RMARKLVRFVKGLKKWKYI')  global_best=2.0746 log2  τ=0.69  β=0.034
Ep 1462/2000  reward=+3.2297 log2  ep_best=3.7320 log2 ('RVGRKNVRFVKGLWKRWWW')  global_best=2.0746 log2  τ=0.68  β=0.034
Ep 1463/2000  reward=+2.4317 log2  ep_best=4.5300 log2 ('RGARKLVRYSWGLRRRWCW')  global_best=2.0746 log2  τ=0.68  β=0.034
Ep 1464/2000  reward=+3.3405 log2  ep_best=3.6212 log2 ('RVGRKNVRFVKGLWKWWRW')  global_best=2.0746 log2  τ=0.68  β=0.034
Ep 1465/2000  reward=+3.9875 log2  ep_best=2.9741 log2 ('RKGRWKVRRVWGLKRWKVW')  global_best=2.0746 log2  τ=0.68  β=0.034
Ep 1466/2000  reward=+3.6105 log2  ep_best=3.3511 log2 ('RVGRKLVRFVKGLKKWWWW')  global_best=2.0746 log2  τ=0.68  β=0.034
Ep 1467/2000  reward=+3.6105 log2  ep_best=3.3511 log2 ('RVGRKLVRFVKGLKKWWWW')  global_best=2.0746 log2  τ=0.68  β=0.034
Ep 1468/2000  reward=+3.6105 log2  ep_best=3.3511 log2 ('RVGRKLVRFVKGLKKWWWW')  global_best=2.0746 log2  τ=0.68  β=0.034
Ep 1469/2000  reward=+3.2182 log2  ep_best=3.7435 log2 ('RVGRKNVRYVKGLWWRWRW')  global_best=2.0746 log2  τ=0.68  β=0.034
Ep 1470/2000  reward=+3.6105 log2  ep_best=3.3511 log2 ('RVGRKLVRFVKGLKKWWWW')  global_best=2.0746 log2  τ=0.68  β=0.034
Ep 1471/2000  reward=+3.3684 log2  ep_best=3.5932 log2 ('RSGRKLVRFVKGLKKWWWW')  global_best=2.0746 log2  τ=0.68  β=0.034
Ep 1472/2000  reward=+4.4278 log2  ep_best=2.5338 log2 ('RVARKLVRYVKVAWKWWWW')  global_best=2.0746 log2  τ=0.68  β=0.034
Ep 1473/2000  reward=+3.6505 log2  ep_best=3.3111 log2 ('RVARKLVRFVKGLKKWWWW')  global_best=2.0746 log2  τ=0.67  β=0.034
Ep 1474/2000  reward=+4.0778 log2  ep_best=2.8839 log2 ('RVGRKLVRYVKGLWKWKRW')  global_best=2.0746 log2  τ=0.67  β=0.034
Ep 1475/2000  reward=+1.0616 log2  ep_best=5.9001 log2 ('RVARKLCRRLKGLRKKKWK')  global_best=2.0746 log2  τ=0.67  β=0.034
Ep 1476/2000  reward=+1.6679 log2  ep_best=5.2937 log2 ('RGGRKKVRYKWGLYRKRCW')  global_best=2.0746 log2  τ=0.67  β=0.034
Ep 1477/2000  reward=+3.9183 log2  ep_best=3.0433 log2 ('RLGRKLVRFVKGLYKWKRW')  global_best=2.0746 log2  τ=0.67  β=0.034
Ep 1478/2000  reward=+3.7917 log2  ep_best=3.1699 log2 ('RVGRKLVRYVKGLKKWWRW')  global_best=2.0746 log2  τ=0.67  β=0.034
Ep 1479/2000  reward=+3.3517 log2  ep_best=3.6099 log2 ('RVARKLVRYVKVARRWWRW')  global_best=2.0746 log2  τ=0.67  β=0.033
Ep 1480/2000  reward=+2.8188 log2  ep_best=4.1428 log2 ('RVGRKNVRFVKGLKKWWWW')  global_best=2.0746 log2  τ=0.67  β=0.033
Ep 1481/2000  reward=+3.9653 log2  ep_best=2.9964 log2 ('RVARKLVRFVKVAWKRWWW')  global_best=2.0746 log2  τ=0.67  β=0.033
Ep 1482/2000  reward=+3.2211 log2  ep_best=3.7406 log2 ('RVARKLCRRVKVMRYLRRW')  global_best=2.0746 log2  τ=0.67  β=0.033
Ep 1483/2000  reward=+3.9208 log2  ep_best=3.0408 log2 ('RVGRKLVRYVKGLWKRWRW')  global_best=2.0746 log2  τ=0.67  β=0.033
Ep 1484/2000  reward=+3.3405 log2  ep_best=3.6212 log2 ('RVGRKNVRFVKGLWKWWRW')  global_best=2.0746 log2  τ=0.66  β=0.033
Ep 1485/2000  reward=+3.7665 log2  ep_best=3.1951 log2 ('RGGRKLVRYVKGLRKWKVW')  global_best=2.0746 log2  τ=0.66  β=0.033
Ep 1486/2000  reward=+2.8314 log2  ep_best=4.1302 log2 ('RVARKLVRFVKGLKKKKWK')  global_best=2.0746 log2  τ=0.66  β=0.033
Ep 1487/2000  reward=+3.7142 log2  ep_best=3.2474 log2 ('RLGRKKVRYVKGLWRWRRW')  global_best=2.0746 log2  τ=0.66  β=0.033
Ep 1488/2000  reward=+2.7635 log2  ep_best=4.1982 log2 ('RVARKLYRRVKGAWKKKWK')  global_best=2.0746 log2  τ=0.66  β=0.033
Ep 1489/2000  reward=+3.7579 log2  ep_best=3.2038 log2 ('RLARKLVRFVKVAWRWWRR')  global_best=2.0746 log2  τ=0.66  β=0.033
Ep 1490/2000  reward=+3.7508 log2  ep_best=3.2109 log2 ('RAGRKLVRFLKGLKWWKYW')  global_best=2.0746 log2  τ=0.66  β=0.033
Ep 1491/2000  reward=+3.8145 log2  ep_best=3.1471 log2 ('RLGRWKVRRVWGLYRWRFW')  global_best=2.0746 log2  τ=0.66  β=0.033
Ep 1492/2000  reward=+2.9666 log2  ep_best=3.9950 log2 ('RLGRKLVRFGKGLKKWKRW')  global_best=2.0746 log2  τ=0.66  β=0.033
Ep 1493/2000  reward=+3.5929 log2  ep_best=3.3687 log2 ('RVARKLVRYVKGLRKWWWW')  global_best=2.0746 log2  τ=0.66  β=0.033
Ep 1494/2000  reward=+3.1894 log2  ep_best=3.7722 log2 ('RGGRKLVRFVKGLKKWKYI')  global_best=2.0746 log2  τ=0.66  β=0.033
Ep 1495/2000  reward=+3.8252 log2  ep_best=3.1365 log2 ('RVARKNVRYVKVAWWRWRW')  global_best=2.0746 log2  τ=0.65  β=0.033
Ep 1496/2000  reward=+3.9254 log2  ep_best=3.0363 log2 ('RLARKLVRYVKGLRKWWRW')  global_best=2.0746 log2  τ=0.65  β=0.033
Ep 1497/2000  reward=+3.8252 log2  ep_best=3.1365 log2 ('RVARKNVRYVKVAWWRWRW')  global_best=2.0746 log2  τ=0.65  β=0.033
Ep 1498/2000  reward=+3.1986 log2  ep_best=3.7630 log2 ('RVGRKNVRYVKGLWKRWRW')  global_best=2.0746 log2  τ=0.65  β=0.033
Ep 1499/2000  reward=+2.9956 log2  ep_best=3.9661 log2 ('RLARKLVRYGKGLYRKRWW')  global_best=2.0746 log2  τ=0.65  β=0.033
Ep 1500/2000  reward=+3.2369 log2  ep_best=3.7248 log2 ('RVGRKKVRYVLGLWRRRRW')  global_best=2.0746 log2  τ=0.65  β=0.033
Ep 1501/2000  reward=+4.0429 log2  ep_best=2.9188 log2 ('RLARKLVRFVKVAWWRWWW')  global_best=2.0746 log2  τ=0.65  β=0.032
Ep 1502/2000  reward=+3.6105 log2  ep_best=3.3511 log2 ('RVGRKLVRFVKGLKKWWWW')  global_best=2.0746 log2  τ=0.65  β=0.032
Ep 1503/2000  reward=+2.9955 log2  ep_best=3.9662 log2 ('RLARKKVRRVWVARRRRFW')  global_best=2.0746 log2  τ=0.65  β=0.032
Ep 1504/2000  reward=+1.7682 log2  ep_best=5.1935 log2 ('RVARKLVRYVKGLKKKKVP')  global_best=2.0746 log2  τ=0.65  β=0.032
Ep 1505/2000  reward=+4.2864 log2  ep_best=2.6752 log2 ('RLARKLVRYVKVARYKWWW')  global_best=2.0746 log2  τ=0.65  β=0.032
Ep 1506/2000  reward=+3.3040 log2  ep_best=3.6576 log2 ('RVGRKLVRYLQGLWRRKVW')  global_best=2.0746 log2  τ=0.64  β=0.032
Ep 1507/2000  reward=+3.2138 log2  ep_best=3.7479 log2 ('RGGRKLVRYVKGLKKWKYK')  global_best=2.0746 log2  τ=0.64  β=0.032
Ep 1508/2000  reward=+3.3222 log2  ep_best=3.6394 log2 ('RVARKLVRFVKGLKKWKYK')  global_best=2.0746 log2  τ=0.64  β=0.032
Ep 1509/2000  reward=+3.7669 log2  ep_best=3.1948 log2 ('RLARKLVRFVKGLRKWWWW')  global_best=2.0746 log2  τ=0.64  β=0.032
Ep 1510/2000  reward=+3.3405 log2  ep_best=3.6212 log2 ('RVGRKNVRFVKGLWKWWRW')  global_best=2.0746 log2  τ=0.64  β=0.032
Ep 1511/2000  reward=+3.6719 log2  ep_best=3.2897 log2 ('RLGRKLVRFVKGLWKWWRR')  global_best=2.0746 log2  τ=0.64  β=0.032
Ep 1512/2000  reward=+3.5007 log2  ep_best=3.4610 log2 ('RLGRKNVRRVKGLWKWWRW')  global_best=2.0746 log2  τ=0.64  β=0.032
Ep 1513/2000  reward=+4.1040 log2  ep_best=2.8577 log2 ('RLGRKLVRFVKGLKKWKWW')  global_best=2.0746 log2  τ=0.64  β=0.032
Ep 1514/2000  reward=+3.8913 log2  ep_best=3.0704 log2 ('RVARKLVRYVKGLWKRWRW')  global_best=2.0746 log2  τ=0.64  β=0.032
Ep 1515/2000  reward=+3.2283 log2  ep_best=3.7333 log2 ('RLARKLVRFGKGLKKWWWW')  global_best=2.0746 log2  τ=0.64  β=0.032
Ep 1516/2000  reward=+2.8561 log2  ep_best=4.1055 log2 ('RGARKLVRFVQGLKWKKVW')  global_best=2.0746 log2  τ=0.64  β=0.032
Ep 1517/2000  reward=+3.8977 log2  ep_best=3.0639 log2 ('RLARKLVRFVKGLKKWKWW')  global_best=2.0746 log2  τ=0.63  β=0.032
Ep 1518/2000  reward=+3.3486 log2  ep_best=3.6131 log2 ('RVARKLVRYVKGLRKKWWW')  global_best=2.0746 log2  τ=0.63  β=0.032
Ep 1519/2000  reward=+3.7669 log2  ep_best=3.1948 log2 ('RLARKLVRFVKGLRKWWWW')  global_best=2.0746 log2  τ=0.63  β=0.032
Ep 1520/2000  reward=+4.1212 log2  ep_best=2.8405 log2 ('RLARKLVRFGKVAWKWLRW')  global_best=2.0746 log2  τ=0.63  β=0.032
Ep 1521/2000  reward=+3.7354 log2  ep_best=3.2262 log2 ('RVGRKLVRFVKGLWKWWRW')  global_best=2.0746 log2  τ=0.63  β=0.032
Ep 1522/2000  reward=+4.2602 log2  ep_best=2.7015 log2 ('RLARKLVRFLKVAKYWWWR')  global_best=2.0746 log2  τ=0.63  β=0.032
Ep 1523/2000  reward=+2.7657 log2  ep_best=4.1960 log2 ('RVGRKLVRYGKGLWKRKRW')  global_best=2.0746 log2  τ=0.63  β=0.031
Ep 1524/2000  reward=+2.9704 log2  ep_best=3.9912 log2 ('RVGRKKVRFVQGLWKRWVW')  global_best=2.0746 log2  τ=0.63  β=0.031
Ep 1525/2000  reward=+3.9946 log2  ep_best=2.9670 log2 ('RLARKLVRYVKVAWWWWRW')  global_best=2.0746 log2  τ=0.63  β=0.031
Ep 1526/2000  reward=+3.0523 log2  ep_best=3.9094 log2 ('RVGRKLVRWLQGLRKKKVW')  global_best=2.0746 log2  τ=0.63  β=0.031
Ep 1527/2000  reward=+4.1040 log2  ep_best=2.8577 log2 ('RLGRKLVRFVKGLKKWKWW')  global_best=2.0746 log2  τ=0.63  β=0.031
Ep 1528/2000  reward=+3.5007 log2  ep_best=3.4610 log2 ('RLGRKNVRRVKGLWKWWRW')  global_best=2.0746 log2  τ=0.63  β=0.031
Ep 1529/2000  reward=+0.5859 log2  ep_best=6.3757 log2 ('RAGRKLVRFLQGLKKKKVI')  global_best=2.0746 log2  τ=0.62  β=0.031
Ep 1530/2000  reward=+2.7624 log2  ep_best=4.1992 log2 ('RVARNLVRYVKGLRWRWRR')  global_best=2.0746 log2  τ=0.62  β=0.031
Ep 1531/2000  reward=+3.5619 log2  ep_best=3.3998 log2 ('RVARKNVRFVKGLWKWWWW')  global_best=2.0746 log2  τ=0.62  β=0.031
Ep 1532/2000  reward=+3.6105 log2  ep_best=3.3511 log2 ('RVGRKLVRFVKGLKKWWWW')  global_best=2.0746 log2  τ=0.62  β=0.031
Ep 1533/2000  reward=+2.1684 log2  ep_best=4.7933 log2 ('RVGRKNVRFVNGLWWRWRR')  global_best=2.0746 log2  τ=0.62  β=0.031
Ep 1534/2000  reward=+3.9348 log2  ep_best=3.0269 log2 ('RLGRKLVRFVKGLRKWWWW')  global_best=2.0746 log2  τ=0.62  β=0.031
Ep 1535/2000  reward=+3.0783 log2  ep_best=3.8834 log2 ('RLGRKLVRFVQGLKWWKYR')  global_best=2.0746 log2  τ=0.62  β=0.031
Ep 1536/2000  reward=+3.7742 log2  ep_best=3.1875 log2 ('RLGRKLVRYVKGLWRWRRR')  global_best=2.0746 log2  τ=0.62  β=0.031
Ep 1537/2000  reward=+4.1040 log2  ep_best=2.8577 log2 ('RLGRKLVRFVKGLKKWKWW')  global_best=2.0746 log2  τ=0.62  β=0.031
Ep 1538/2000  reward=+3.9183 log2  ep_best=3.0433 log2 ('RLGRKLVRFVKGLYKWKRW')  global_best=2.0746 log2  τ=0.62  β=0.031
Ep 1539/2000  reward=+3.7731 log2  ep_best=3.1886 log2 ('RVGRKLVRYVKVAWKRWRW')  global_best=2.0746 log2  τ=0.62  β=0.031
Ep 1540/2000  reward=+3.5498 log2  ep_best=3.4118 log2 ('RLGRKLVRFVKGLKKWKWR')  global_best=2.0746 log2  τ=0.61  β=0.031
Ep 1541/2000  reward=+3.2751 log2  ep_best=3.6866 log2 ('RVARKLVRYGKVAWKRWRW')  global_best=2.0746 log2  τ=0.61  β=0.031
Ep 1542/2000  reward=+3.5540 log2  ep_best=3.4076 log2 ('RGGRKLVRFVKGLKKWWRF')  global_best=2.0746 log2  τ=0.61  β=0.031
Ep 1543/2000  reward=+3.5365 log2  ep_best=3.4252 log2 ('RVGRKLVRYVKGLRKKWVW')  global_best=2.0746 log2  τ=0.61  β=0.031
Ep 1544/2000  reward=+2.2909 log2  ep_best=4.6707 log2 ('RVARKLVRYIQGLRRKRVW')  global_best=2.0746 log2  τ=0.61  β=0.031
Ep 1545/2000  reward=+3.3813 log2  ep_best=3.5803 log2 ('RGGRKLVRFVKGLKKWWRI')  global_best=2.0746 log2  τ=0.61  β=0.030
Ep 1546/2000  reward=+4.0778 log2  ep_best=2.8839 log2 ('RVGRKLVRYVKGLWKWKRW')  global_best=2.0746 log2  τ=0.61  β=0.030
Ep 1547/2000  reward=+2.9488 log2  ep_best=4.0129 log2 ('RVGRKLVRFVKGLKKWKRW')  global_best=2.0746 log2  τ=0.61  β=0.030
Ep 1548/2000  reward=+3.0051 log2  ep_best=3.9566 log2 ('RVGRKLVRFVKGLKKRWWW')  global_best=2.0746 log2  τ=0.61  β=0.030
Ep 1549/2000  reward=+3.1894 log2  ep_best=3.7722 log2 ('RGGRKLVRFVKGLKKWKYI')  global_best=2.0746 log2  τ=0.61  β=0.030
Ep 1550/2000  reward=+3.1986 log2  ep_best=3.7630 log2 ('RVGRKNVRYVKGLWKRWRW')  global_best=2.0746 log2  τ=0.61  β=0.030
Ep 1551/2000  reward=+3.1149 log2  ep_best=3.8467 log2 ('RVGRKKVRFVLGLWWWKRR')  global_best=2.0746 log2  τ=0.60  β=0.030
Ep 1552/2000  reward=+1.9830 log2  ep_best=4.9786 log2 ('RVGRKLVRFVQGLKKKKVW')  global_best=2.0746 log2  τ=0.60  β=0.030
Ep 1553/2000  reward=+2.5094 log2  ep_best=4.4522 log2 ('RVGRKLVRFVQGLKKWKYW')  global_best=2.0746 log2  τ=0.60  β=0.030
Ep 1554/2000  reward=+4.1021 log2  ep_best=2.8595 log2 ('RLGRKLVRFVKGLWKWKRW')  global_best=2.0746 log2  τ=0.60  β=0.030
Ep 1555/2000  reward=+2.9876 log2  ep_best=3.9741 log2 ('RVARKLVRYVKGLWKRKRR')  global_best=2.0746 log2  τ=0.60  β=0.030
Ep 1556/2000  reward=+4.3566 log2  ep_best=2.6050 log2 ('RVGRKLVRYLKGLWKWKRW')  global_best=2.0746 log2  τ=0.60  β=0.030
Ep 1557/2000  reward=+4.0778 log2  ep_best=2.8839 log2 ('RVGRKLVRYVKGLWKWKRW')  global_best=2.0746 log2  τ=0.60  β=0.030
Ep 1558/2000  reward=+3.7354 log2  ep_best=3.2262 log2 ('RVGRKLVRFVKGLWKWWRW')  global_best=2.0746 log2  τ=0.60  β=0.030
Ep 1559/2000  reward=+2.8215 log2  ep_best=4.1401 log2 ('RGGRKLVRFVKGLWKRKRW')  global_best=2.0746 log2  τ=0.60  β=0.030
Ep 1560/2000  reward=+3.3824 log2  ep_best=3.5793 log2 ('RGGRKLVRYVKGLWWRRRW')  global_best=2.0746 log2  τ=0.60  β=0.030
Ep 1561/2000  reward=+3.7354 log2  ep_best=3.2262 log2 ('RVGRKLVRFVKGLWKWWRW')  global_best=2.0746 log2  τ=0.60  β=0.030
Ep 1562/2000  reward=+3.7205 log2  ep_best=3.2412 log2 ('RVGRKLVRRLKGLKKWKLK')  global_best=2.0746 log2  τ=0.59  β=0.030
Ep 1563/2000  reward=+4.0927 log2  ep_best=2.8689 log2 ('RGARKLVRFLKGLKKWKLK')  global_best=2.0746 log2  τ=0.59  β=0.030
Ep 1564/2000  reward=+3.1986 log2  ep_best=3.7630 log2 ('RVGRKNVRYVKGLWKRWRW')  global_best=2.0746 log2  τ=0.59  β=0.030
Ep 1565/2000  reward=+3.6097 log2  ep_best=3.3519 log2 ('RLGRKLVRFVKGLKKWKRW')  global_best=2.0746 log2  τ=0.59  β=0.030
Ep 1566/2000  reward=+2.1542 log2  ep_best=4.8074 log2 ('RVARNKCRRVKVAWWRWRW')  global_best=2.0746 log2  τ=0.59  β=0.030
Ep 1567/2000  reward=+1.2570 log2  ep_best=5.7047 log2 ('RVARKLCRRVKGGRFKWWW')  global_best=2.0746 log2  τ=0.59  β=0.029
Ep 1568/2000  reward=+2.5080 log2  ep_best=4.4537 log2 ('RSGRKLVRFVKGLKWWKRR')  global_best=2.0746 log2  τ=0.59  β=0.029
Ep 1569/2000  reward=+3.3501 log2  ep_best=3.6116 log2 ('RVARKLVRRVKGLWWWKRW')  global_best=2.0746 log2  τ=0.59  β=0.029
Ep 1570/2000  reward=+4.0652 log2  ep_best=2.8965 log2 ('RLGRKLVRRVKVAWKWWWW')  global_best=2.0746 log2  τ=0.59  β=0.029
Ep 1571/2000  reward=+4.1040 log2  ep_best=2.8577 log2 ('RLGRKLVRFVKGLKKWKWW')  global_best=2.0746 log2  τ=0.59  β=0.029
Ep 1572/2000  reward=+3.9835 log2  ep_best=2.9781 log2 ('RLARKLVRFVKGLWKWKRW')  global_best=2.0746 log2  τ=0.59  β=0.029
Ep 1573/2000  reward=+1.9413 log2  ep_best=5.0204 log2 ('RVGRKLVRYVQGLKKKKVW')  global_best=2.0746 log2  τ=0.58  β=0.029
Ep 1574/2000  reward=+4.6532 log2  ep_best=2.3085 log2 ('RLARKLVRFVKVAKKWLWW')  global_best=2.0746 log2  τ=0.58  β=0.029
Ep 1575/2000  reward=+3.8235 log2  ep_best=3.1382 log2 ('RVARKLVRFVKGLWKWWWW')  global_best=2.0746 log2  τ=0.58  β=0.029
Ep 1576/2000  reward=+3.7669 log2  ep_best=3.1948 log2 ('RLARKLVRFVKGLRKWWWW')  global_best=2.0746 log2  τ=0.58  β=0.029
Ep 1577/2000  reward=+3.3275 log2  ep_best=3.6341 log2 ('RLARKLVRFVKGLKKWKYR')  global_best=2.0746 log2  τ=0.58  β=0.029
Ep 1578/2000  reward=+3.2182 log2  ep_best=3.7435 log2 ('RVGRKNVRYVKGLWWRWRW')  global_best=2.0746 log2  τ=0.58  β=0.029
Ep 1579/2000  reward=+3.0051 log2  ep_best=3.9566 log2 ('RVGRKLVRFVKGLKKRWWW')  global_best=2.0746 log2  τ=0.58  β=0.029
Ep 1580/2000  reward=+3.1161 log2  ep_best=3.8456 log2 ('RVGRKLVRYVKGLKKRWRW')  global_best=2.0746 log2  τ=0.58  β=0.029
Ep 1581/2000  reward=+2.9340 log2  ep_best=4.0276 log2 ('RVGRKLVRFVKGLKKWKRI')  global_best=2.0746 log2  τ=0.58  β=0.029
Ep 1582/2000  reward=+2.9991 log2  ep_best=3.9626 log2 ('RVARKLVRFGKGLWWRWRR')  global_best=2.0746 log2  τ=0.58  β=0.029
Ep 1583/2000  reward=+4.1074 log2  ep_best=2.8543 log2 ('RLGRKLVRYVKGLRKWWRW')  global_best=2.0746 log2  τ=0.58  β=0.029
Ep 1584/2000  reward=+2.7003 log2  ep_best=4.2613 log2 ('RVGRKNVRFVKGLWKWWRR')  global_best=2.0746 log2  τ=0.57  β=0.029
Ep 1585/2000  reward=+3.8252 log2  ep_best=3.1365 log2 ('RVARKNVRYVKVAWWRWRW')  global_best=2.0746 log2  τ=0.57  β=0.029
Ep 1586/2000  reward=+3.2897 log2  ep_best=3.6720 log2 ('RLGRKNVRYVKGLYRWKRW')  global_best=2.0746 log2  τ=0.57  β=0.029
Ep 1587/2000  reward=+3.9742 log2  ep_best=2.9874 log2 ('RLARKLVRFVKGLKKWWWW')  global_best=2.0746 log2  τ=0.57  β=0.029
Ep 1588/2000  reward=+3.6285 log2  ep_best=3.3331 log2 ('RVGRKLVRYVKGLRKWWRW')  global_best=2.0746 log2  τ=0.57  β=0.029
Ep 1589/2000  reward=+2.6130 log2  ep_best=4.3487 log2 ('RVARKKVRYVKGLRWRWCW')  global_best=2.0746 log2  τ=0.57  β=0.029
Ep 1590/2000  reward=+3.9208 log2  ep_best=3.0408 log2 ('RVGRKLVRYVKGLWKRWRW')  global_best=2.0746 log2  τ=0.57  β=0.028
Ep 1591/2000  reward=+3.4041 log2  ep_best=3.5575 log2 ('RLARKLVRFVKGLWKWKRR')  global_best=2.0746 log2  τ=0.57  β=0.028
Ep 1592/2000  reward=+3.1986 log2  ep_best=3.7630 log2 ('RVGRKNVRYVKGLWKRWRW')  global_best=2.0746 log2  τ=0.57  β=0.028
Ep 1593/2000  reward=+2.9988 log2  ep_best=3.9628 log2 ('RVGRKNVRYVLVAWKRWRW')  global_best=2.0746 log2  τ=0.57  β=0.028
Ep 1594/2000  reward=+4.3058 log2  ep_best=2.6559 log2 ('RVARKLVRYLKGLKWKKVW')  global_best=2.0746 log2  τ=0.57  β=0.028
Ep 1595/2000  reward=+3.7354 log2  ep_best=3.2262 log2 ('RVGRKLVRFVKGLWKWWRW')  global_best=2.0746 log2  τ=0.56  β=0.028
Ep 1596/2000  reward=+3.4907 log2  ep_best=3.4710 log2 ('RVGRKKVRFVLGLWKWKYR')  global_best=2.0746 log2  τ=0.56  β=0.028
Ep 1597/2000  reward=+3.4430 log2  ep_best=3.5186 log2 ('RLARKLYRRGKGLWWRKWR')  global_best=2.0746 log2  τ=0.56  β=0.028
Ep 1598/2000  reward=+3.5927 log2  ep_best=3.3690 log2 ('RLGRKLVRFGKGLKWWKRW')  global_best=2.0746 log2  τ=0.56  β=0.028
Ep 1599/2000  reward=+2.9866 log2  ep_best=3.9750 log2 ('RVGRKKVRYVKGLYRWRRW')  global_best=2.0746 log2  τ=0.56  β=0.028
Ep 1600/2000  reward=+3.5274 log2  ep_best=3.4343 log2 ('RVGRKLVRYVKGLRYKWWW')  global_best=2.0746 log2  τ=0.56  β=0.028
Ep 1601/2000  reward=+3.9239 log2  ep_best=3.0377 log2 ('RLGRKLVRYLKGLRRRWRW')  global_best=2.0746 log2  τ=0.56  β=0.028
Ep 1602/2000  reward=+3.9181 log2  ep_best=3.0436 log2 ('RVGRKLVRILYGLYKKKWK')  global_best=2.0746 log2  τ=0.56  β=0.028
Ep 1603/2000  reward=+2.5105 log2  ep_best=4.4511 log2 ('RGGRKLVRFVQGLKKWKVW')  global_best=2.0746 log2  τ=0.56  β=0.028
Ep 1604/2000  reward=+4.1530 log2  ep_best=2.8086 log2 ('RVARKLVRYVKVAWKRWRW')  global_best=2.0746 log2  τ=0.56  β=0.028
Ep 1605/2000  reward=+2.5429 log2  ep_best=4.4188 log2 ('RVGRKNVRFVNGLWKRWRW')  global_best=2.0746 log2  τ=0.56  β=0.028
Ep 1606/2000  reward=+3.4251 log2  ep_best=3.5366 log2 ('RLARKLVRYVKVGRKWWWW')  global_best=2.0746 log2  τ=0.55  β=0.028
Ep 1607/2000  reward=+3.6851 log2  ep_best=3.2765 log2 ('RVGRKKVRRWKVLRKWKVW')  global_best=2.0746 log2  τ=0.55  β=0.028
Ep 1608/2000  reward=+3.8235 log2  ep_best=3.1382 log2 ('RVARKLVRFVKGLWKWWWW')  global_best=2.0746 log2  τ=0.55  β=0.028
Ep 1609/2000  reward=+4.4352 log2  ep_best=2.5264 log2 ('RLSRKLVRFVKVAKKWWWW')  global_best=2.0746 log2  τ=0.55  β=0.028
Ep 1610/2000  reward=+3.9867 log2  ep_best=2.9749 log2 ('RVGRKLVRYVKGLWKRWWW')  global_best=2.0746 log2  τ=0.55  β=0.028
Ep 1611/2000  reward=+2.4263 log2  ep_best=4.5354 log2 ('RVGRKKVRRVWGLRWRRCW')  global_best=2.0746 log2  τ=0.55  β=0.028
Ep 1612/2000  reward=+3.7354 log2  ep_best=3.2262 log2 ('RVGRKLVRFVKGLWKWWRW')  global_best=2.0746 log2  τ=0.55  β=0.027
Ep 1613/2000  reward=+2.7548 log2  ep_best=4.2069 log2 ('RLGRKLVRYVQGLRRKWVW')  global_best=2.0746 log2  τ=0.55  β=0.027
Ep 1614/2000  reward=+3.1986 log2  ep_best=3.7630 log2 ('RVGRKNVRYVKGLWKRWRW')  global_best=2.0746 log2  τ=0.55  β=0.027
Ep 1615/2000  reward=+3.9254 log2  ep_best=3.0363 log2 ('RLARKLVRYVKGLRKWWRW')  global_best=2.0746 log2  τ=0.55  β=0.027
Ep 1616/2000  reward=+3.6097 log2  ep_best=3.3519 log2 ('RLGRKLVRFVKGLKKWKRW')  global_best=2.0746 log2  τ=0.55  β=0.027
Ep 1617/2000  reward=+4.1074 log2  ep_best=2.8543 log2 ('RLGRKLVRYVKGLRKWWRW')  global_best=2.0746 log2  τ=0.54  β=0.027
Ep 1618/2000  reward=+3.3020 log2  ep_best=3.6597 log2 ('RGGRKLVRFVKGLKKWKFI')  global_best=2.0746 log2  τ=0.54  β=0.027
Ep 1619/2000  reward=+3.9171 log2  ep_best=3.0445 log2 ('RVGRKKVRYVKGLWKWKVW')  global_best=2.0746 log2  τ=0.54  β=0.027
Ep 1620/2000  reward=+2.9307 log2  ep_best=4.0309 log2 ('RMGRKLVRFVKGLWWRWRR')  global_best=2.0746 log2  τ=0.54  β=0.027
Ep 1621/2000  reward=+2.2663 log2  ep_best=4.6954 log2 ('RMSRNLVRFVKGLRWRWRR')  global_best=2.0746 log2  τ=0.54  β=0.027
Ep 1622/2000  reward=+3.6106 log2  ep_best=3.3510 log2 ('RVARKLVRFVKGLWKWKRW')  global_best=2.0746 log2  τ=0.54  β=0.027
Ep 1623/2000  reward=+3.9183 log2  ep_best=3.0433 log2 ('RLGRKLVRFVKGLYKWKRW')  global_best=2.0746 log2  τ=0.54  β=0.027
Ep 1624/2000  reward=+4.1074 log2  ep_best=2.8543 log2 ('RLGRKLVRYVKGLRKWWRW')  global_best=2.0746 log2  τ=0.54  β=0.027
Ep 1625/2000  reward=+3.7106 log2  ep_best=3.2510 log2 ('RVGRKLVRFVKGLKWWWRW')  global_best=2.0746 log2  τ=0.54  β=0.027
Ep 1626/2000  reward=+3.4871 log2  ep_best=3.4745 log2 ('RVARKLVRYVKVARYKRWW')  global_best=2.0746 log2  τ=0.54  β=0.027
Ep 1627/2000  reward=+3.3510 log2  ep_best=3.6107 log2 ('RVGRKNVRFVLGLWKRWWW')  global_best=2.0746 log2  τ=0.54  β=0.027
Ep 1628/2000  reward=+3.9254 log2  ep_best=3.0363 log2 ('RLARKLVRYVKGLRKWWRW')  global_best=2.0746 log2  τ=0.53  β=0.027
Ep 1629/2000  reward=+3.9742 log2  ep_best=2.9874 log2 ('RLARKLVRFVKGLKKWWWW')  global_best=2.0746 log2  τ=0.53  β=0.027
Ep 1630/2000  reward=+3.7757 log2  ep_best=3.1860 log2 ('RGGRKLVRYVKGLYRWRVK')  global_best=2.0746 log2  τ=0.53  β=0.027
Ep 1631/2000  reward=+3.3343 log2  ep_best=3.6274 log2 ('RVSRKLVRFVKGLWWRWRR')  global_best=2.0746 log2  τ=0.53  β=0.027
Ep 1632/2000  reward=+2.9045 log2  ep_best=4.0571 log2 ('RVARKLVRFGKGLWWRKRR')  global_best=2.0746 log2  τ=0.53  β=0.027
Ep 1633/2000  reward=+2.8314 log2  ep_best=4.1302 log2 ('RVARKLVRFVKGLKKKKWK')  global_best=2.0746 log2  τ=0.53  β=0.027
Ep 1634/2000  reward=+4.1040 log2  ep_best=2.8577 log2 ('RLGRKLVRFVKGLKKWKWW')  global_best=2.0746 log2  τ=0.53  β=0.026
Ep 1635/2000  reward=+4.2125 log2  ep_best=2.7491 log2 ('RLGRKLVRFLKGLKKWWWW')  global_best=2.0746 log2  τ=0.53  β=0.026
Ep 1636/2000  reward=+2.8521 log2  ep_best=4.1095 log2 ('RVSRKNVRFVKGLKKWWWW')  global_best=2.0746 log2  τ=0.53  β=0.026
Ep 1637/2000  reward=+2.6840 log2  ep_best=4.2777 log2 ('RVGRKKVRYVNGLWRRRRW')  global_best=2.0746 log2  τ=0.53  β=0.026
Ep 1638/2000  reward=+3.1986 log2  ep_best=3.7630 log2 ('RVGRKNVRYVKGLWKRWRW')  global_best=2.0746 log2  τ=0.53  β=0.026
Ep 1639/2000  reward=+3.8396 log2  ep_best=3.1221 log2 ('RGGRKLVRFVKGLKKWKLK')  global_best=2.0746 log2  τ=0.53  β=0.026
Ep 1640/2000  reward=+3.5540 log2  ep_best=3.4076 log2 ('RGGRKLVRFVKGLKKWWRF')  global_best=2.0746 log2  τ=0.52  β=0.026
Ep 1641/2000  reward=+3.6636 log2  ep_best=3.2981 log2 ('RVARKNVRYVKVAWKRWRW')  global_best=2.0746 log2  τ=0.52  β=0.026
Ep 1642/2000  reward=+3.7686 log2  ep_best=3.1931 log2 ('RLSRKLVRYVKGLRWWKRR')  global_best=2.0746 log2  τ=0.52  β=0.026
Ep 1643/2000  reward=+4.4988 log2  ep_best=2.4629 log2 ('RVARKLVRFVKVAWKWLWW')  global_best=2.0746 log2  τ=0.52  β=0.026
Ep 1644/2000  reward=+4.1074 log2  ep_best=2.8543 log2 ('RLGRKLVRYVKGLRKWWRW')  global_best=2.0746 log2  τ=0.52  β=0.026
Ep 1645/2000  reward=+2.9551 log2  ep_best=4.0065 log2 ('RVGRKNVRFVKGLWWWWRW')  global_best=2.0746 log2  τ=0.52  β=0.026
Ep 1646/2000  reward=+3.3194 log2  ep_best=3.6422 log2 ('RVGRKLVRRLKGLRKWWWR')  global_best=2.0746 log2  τ=0.52  β=0.026
Ep 1647/2000  reward=+3.4824 log2  ep_best=3.4793 log2 ('RVGRKNVRYVKGLWKRWWW')  global_best=2.0746 log2  τ=0.52  β=0.026
Ep 1648/2000  reward=+2.9488 log2  ep_best=4.0129 log2 ('RVGRKLVRFVKGLKKWKRW')  global_best=2.0746 log2  τ=0.52  β=0.026
Ep 1649/2000  reward=+3.7667 log2  ep_best=3.1949 log2 ('RLGRKKVRRVWGLYRKRWW')  global_best=2.0746 log2  τ=0.52  β=0.026
Ep 1650/2000  reward=+2.8431 log2  ep_best=4.1185 log2 ('RVARNLYRFVKGLWKRKRR')  global_best=2.0746 log2  τ=0.52  β=0.026
Ep 1651/2000  reward=+4.0433 log2  ep_best=2.9184 log2 ('RVARKKVRFVNVAWKRLWW')  global_best=2.0746 log2  τ=0.51  β=0.026
Ep 1652/2000  reward=+2.5429 log2  ep_best=4.4188 log2 ('RVGRKNVRFVNGLWKRWRW')  global_best=2.0746 log2  τ=0.51  β=0.026
Ep 1653/2000  reward=+3.8913 log2  ep_best=3.0704 log2 ('RVARKLVRYVKGLWKRWRW')  global_best=2.0746 log2  τ=0.51  β=0.026
Ep 1654/2000  reward=+4.1081 log2  ep_best=2.8535 log2 ('RLGRKLVRYVKVAWRWRRW')  global_best=2.0746 log2  τ=0.51  β=0.026
Ep 1655/2000  reward=+2.3503 log2  ep_best=4.6114 log2 ('RSARKLYRRVKGLRRKWRW')  global_best=2.0746 log2  τ=0.51  β=0.026
Ep 1656/2000  reward=+1.4839 log2  ep_best=5.4777 log2 ('RSGRKLVRFVKGLKKKKLK')  global_best=2.0746 log2  τ=0.51  β=0.025
Ep 1657/2000  reward=+4.5276 log2  ep_best=2.4340 log2 ('RLSRKLVRYVKGLWKWKRW')  global_best=2.0746 log2  τ=0.51  β=0.025
Ep 1658/2000  reward=+3.3184 log2  ep_best=3.6432 log2 ('RVGRKNVRYVKVAWWRWRW')  global_best=2.0746 log2  τ=0.51  β=0.025
Ep 1659/2000  reward=+3.8778 log2  ep_best=3.0839 log2 ('RLARKLVRWLKGLKKKKKW')  global_best=2.0746 log2  τ=0.51  β=0.025
Ep 1660/2000  reward=+3.8434 log2  ep_best=3.1183 log2 ('RVARKLVRYVKGLWKKKYK')  global_best=2.0746 log2  τ=0.51  β=0.025
Ep 1661/2000  reward=+2.6840 log2  ep_best=4.2777 log2 ('RVGRKKVRYVNGLWRRRRW')  global_best=2.0746 log2  τ=0.51  β=0.025
Ep 1662/2000  reward=+4.1422 log2  ep_best=2.8195 log2 ('RVARKLVRFVKVAKKWWWW')  global_best=2.0746 log2  τ=0.50  β=0.025
Ep 1663/2000  reward=+2.7076 log2  ep_best=4.2541 log2 ('RMGRKLVRYLQGLRRWRVW')  global_best=2.0746 log2  τ=0.50  β=0.025
Ep 1664/2000  reward=+3.0752 log2  ep_best=3.8864 log2 ('RVARKNVRYVKGLWWRWRR')  global_best=2.0746 log2  τ=0.50  β=0.025
Ep 1665/2000  reward=+2.5056 log2  ep_best=4.4560 log2 ('RGGRKLVRYLQGLRRWRVW')  global_best=2.0746 log2  τ=0.50  β=0.025
Ep 1666/2000  reward=+3.1788 log2  ep_best=3.7829 log2 ('RVARKLVRYVKVAKRKWRW')  global_best=2.0746 log2  τ=0.50  β=0.025
Ep 1667/2000  reward=+3.9279 log2  ep_best=3.0338 log2 ('RLGRKLVRFVKGLYKWWRW')  global_best=2.0746 log2  τ=0.50  β=0.025
Ep 1668/2000  reward=+2.7950 log2  ep_best=4.1666 log2 ('RGARKLVRYVKGLKKKKVW')  global_best=2.0746 log2  τ=0.50  β=0.025
Ep 1669/2000  reward=+3.4896 log2  ep_best=3.4720 log2 ('RSGRKLVRFLKGLKWWKYR')  global_best=2.0746 log2  τ=0.50  β=0.025
Ep 1670/2000  reward=+3.8977 log2  ep_best=3.0639 log2 ('RLARKLVRFVKGLKKWKWW')  global_best=2.0746 log2  τ=0.50  β=0.025
Ep 1671/2000  reward=+3.5867 log2  ep_best=3.3750 log2 ('RVGRKLVRYVKVLRYKRWW')  global_best=2.0746 log2  τ=0.50  β=0.025
Ep 1672/2000  reward=+2.3420 log2  ep_best=4.6196 log2 ('RVGRKNVRYVWVLRRWRCW')  global_best=2.0746 log2  τ=0.50  β=0.025
Ep 1673/2000  reward=+3.7713 log2  ep_best=3.1904 log2 ('RSGRKLVRYVKGLYRKWVK')  global_best=2.0746 log2  τ=0.49  β=0.025
Ep 1674/2000  reward=+2.7246 log2  ep_best=4.2370 log2 ('RKGRKLVRFIKGLKWWKRR')  global_best=2.0746 log2  τ=0.49  β=0.025
Ep 1675/2000  reward=+3.3087 log2  ep_best=3.6529 log2 ('RVGRKNVRFVKGLWKWWWW')  global_best=2.0746 log2  τ=0.49  β=0.025
Ep 1676/2000  reward=+3.0792 log2  ep_best=3.8825 log2 ('RKGRKLVRFGKGLKKWLWW')  global_best=2.0746 log2  τ=0.49  β=0.025
Ep 1677/2000  reward=+2.0591 log2  ep_best=4.9026 log2 ('RVGRKKVRRVKGLRRRRFW')  global_best=2.0746 log2  τ=0.49  β=0.025
Ep 1678/2000  reward=+3.6106 log2  ep_best=3.3510 log2 ('RVARKLVRFVKGLWKWKRW')  global_best=2.0746 log2  τ=0.49  β=0.024
Ep 1679/2000  reward=+3.9835 log2  ep_best=2.9781 log2 ('RLARKLVRFVKGLWKWKRW')  global_best=2.0746 log2  τ=0.49  β=0.024
Ep 1680/2000  reward=+3.6954 log2  ep_best=3.2663 log2 ('RVGRKLVRFVKGLKKWWRF')  global_best=2.0746 log2  τ=0.49  β=0.024
Ep 1681/2000  reward=+2.7504 log2  ep_best=4.2112 log2 ('RGGRKLVRYIQGLWKKKVW')  global_best=2.0746 log2  τ=0.49  β=0.024
Ep 1682/2000  reward=+3.2283 log2  ep_best=3.7333 log2 ('RLARKLVRFGKGLKKWWWW')  global_best=2.0746 log2  τ=0.49  β=0.024
Ep 1683/2000  reward=+3.0588 log2  ep_best=3.9028 log2 ('RGARKLVRYVKGLKKWKVI')  global_best=2.0746 log2  τ=0.49  β=0.024
Ep 1684/2000  reward=+3.0156 log2  ep_best=3.9461 log2 ('RVGRKNVRYVLVAWWRKRW')  global_best=2.0746 log2  τ=0.48  β=0.024
Ep 1685/2000  reward=+4.7994 log2  ep_best=2.1622 log2 ('RLARKLVRFVKVAWKWWWW')  global_best=2.0746 log2  τ=0.48  β=0.024
Ep 1686/2000  reward=+2.6656 log2  ep_best=4.2960 log2 ('RVARNLCRRGKLMWWRRRR')  global_best=2.0746 log2  τ=0.48  β=0.024
Ep 1687/2000  reward=+3.7827 log2  ep_best=3.1790 log2 ('RVARKLVRFVKGLWKWKRF')  global_best=2.0746 log2  τ=0.48  β=0.024
Ep 1688/2000  reward=+3.3020 log2  ep_best=3.6597 log2 ('RGGRKLVRFVKGLKKWKFI')  global_best=2.0746 log2  τ=0.48  β=0.024
Ep 1689/2000  reward=+3.5272 log2  ep_best=3.4344 log2 ('RVGRKNVRYVLGLWKRWRW')  global_best=2.0746 log2  τ=0.48  β=0.024
Ep 1690/2000  reward=+2.7764 log2  ep_best=4.1852 log2 ('RVARNLCRRVKVAWKRWWW')  global_best=2.0746 log2  τ=0.48  β=0.024
Ep 1691/2000  reward=+3.6105 log2  ep_best=3.3511 log2 ('RVGRKLVRFVKGLKKWWWW')  global_best=2.0746 log2  τ=0.48  β=0.024
Ep 1692/2000  reward=+3.1889 log2  ep_best=3.7728 log2 ('RVGRKNVRFVKGLWKRWYW')  global_best=2.0746 log2  τ=0.48  β=0.024
Ep 1693/2000  reward=+4.4635 log2  ep_best=2.4981 log2 ('RLARKLVRFVKVAKKWWWW')  global_best=2.0746 log2  τ=0.48  β=0.024
Ep 1694/2000  reward=+2.1629 log2  ep_best=4.7987 log2 ('RVARKLVRYVQGLKKKKVW')  global_best=2.0746 log2  τ=0.48  β=0.024
Ep 1695/2000  reward=+3.7956 log2  ep_best=3.1661 log2 ('RLGRKLVRYVKGAWKWWRW')  global_best=2.0746 log2  τ=0.47  β=0.024
Ep 1696/2000  reward=+3.3418 log2  ep_best=3.6199 log2 ('RVGRKLVRFVKGLWKWWRR')  global_best=2.0746 log2  τ=0.47  β=0.024
Ep 1697/2000  reward=+4.0881 log2  ep_best=2.8736 log2 ('RVGRKLVRYVKGLWKKWRW')  global_best=2.0746 log2  τ=0.47  β=0.024
Ep 1698/2000  reward=+4.0429 log2  ep_best=2.9188 log2 ('RLARKLVRFVKVAWWRWWW')  global_best=2.0746 log2  τ=0.47  β=0.024
Ep 1699/2000  reward=+2.8311 log2  ep_best=4.1306 log2 ('RVARKNVRYGKGLWWWKRW')  global_best=2.0746 log2  τ=0.47  β=0.024
Ep 1700/2000  reward=+4.5031 log2  ep_best=2.4585 log2 ('RLGRKLVRYVKGLWKWKRW')  global_best=2.0746 log2  τ=0.47  β=0.024
Ep 1701/2000  reward=+3.0441 log2  ep_best=3.9175 log2 ('RLARKLVRRVKGLRKKWWW')  global_best=2.0746 log2  τ=0.47  β=0.023
Ep 1702/2000  reward=+3.6106 log2  ep_best=3.3510 log2 ('RVARKLVRFVKGLWKWKRW')  global_best=2.0746 log2  τ=0.47  β=0.023
Ep 1703/2000  reward=+4.3862 log2  ep_best=2.5754 log2 ('RLARKLVRYVKVARKWWWW')  global_best=2.0746 log2  τ=0.47  β=0.023
Ep 1704/2000  reward=+2.9704 log2  ep_best=3.9912 log2 ('RLARKLVRRKKVVRYNRWW')  global_best=2.0746 log2  τ=0.47  β=0.023
Ep 1705/2000  reward=+3.3405 log2  ep_best=3.6212 log2 ('RVGRKNVRFVKGLWKWWRW')  global_best=2.0746 log2  τ=0.47  β=0.023
Ep 1706/2000  reward=+4.1016 log2  ep_best=2.8600 log2 ('RLGRKLVRFVKVAKKWWWW')  global_best=2.0746 log2  τ=0.46  β=0.023
Ep 1707/2000  reward=+3.5498 log2  ep_best=3.4118 log2 ('RLGRKLVRFVKGLKKWKWR')  global_best=2.0746 log2  τ=0.46  β=0.023
Ep 1708/2000  reward=+3.1986 log2  ep_best=3.7630 log2 ('RVGRKNVRYVKGLWKRWRW')  global_best=2.0746 log2  τ=0.46  β=0.023
Ep 1709/2000  reward=+3.1127 log2  ep_best=3.8489 log2 ('RVARKLVRFVKGLWKWKRR')  global_best=2.0746 log2  τ=0.46  β=0.023
Ep 1710/2000  reward=+4.8754 log2  ep_best=2.0863 log2 ('RLARKLVRFVKVAWKKLWW')  global_best=2.0746 log2  τ=0.46  β=0.023
Ep 1711/2000  reward=+3.5122 log2  ep_best=3.4494 log2 ('RVARKKVRYVNVAWWRWRR')  global_best=2.0746 log2  τ=0.46  β=0.023
Ep 1712/2000  reward=+3.7354 log2  ep_best=3.2262 log2 ('RVGRKLVRFVKGLWKWWRW')  global_best=2.0746 log2  τ=0.46  β=0.023
Ep 1713/2000  reward=+4.0429 log2  ep_best=2.9188 log2 ('RLARKLVRFVKVAWWRWWW')  global_best=2.0746 log2  τ=0.46  β=0.023
Ep 1714/2000  reward=+3.8235 log2  ep_best=3.1382 log2 ('RVARKLVRFVKGLWKWWWW')  global_best=2.0746 log2  τ=0.46  β=0.023
Ep 1715/2000  reward=+2.4523 log2  ep_best=4.5094 log2 ('RVGRKKVRYVWVLRRWRCW')  global_best=2.0746 log2  τ=0.46  β=0.023
Ep 1716/2000  reward=+3.0598 log2  ep_best=3.9019 log2 ('RVARKLVRFVKGLWKRKRF')  global_best=2.0746 log2  τ=0.46  β=0.023
Ep 1717/2000  reward=+4.0514 log2  ep_best=2.9102 log2 ('RGGRKLVRYVKGLWKWKYK')  global_best=2.0746 log2  τ=0.45  β=0.023
Ep 1718/2000  reward=+3.4042 log2  ep_best=3.5574 log2 ('RVGRKLVRRVKGLRKWKVW')  global_best=2.0746 log2  τ=0.45  β=0.023
Ep 1719/2000  reward=+3.5718 log2  ep_best=3.3898 log2 ('RVGRKNVRYKKVLWKRWWW')  global_best=2.0746 log2  τ=0.45  β=0.023
Ep 1720/2000  reward=+3.6105 log2  ep_best=3.3511 log2 ('RVGRKLVRFVKGLKKWWWW')  global_best=2.0746 log2  τ=0.45  β=0.023
Ep 1721/2000  reward=+3.4263 log2  ep_best=3.5353 log2 ('RVARKLVRFVKGLWKRWRW')  global_best=2.0746 log2  τ=0.45  β=0.023
Ep 1722/2000  reward=+2.7282 log2  ep_best=4.2334 log2 ('RSGRKLVRFVQGLKWKKVK')  global_best=2.0746 log2  τ=0.45  β=0.023
Ep 1723/2000  reward=+3.7128 log2  ep_best=3.2489 log2 ('RLGRKLVRRVKVARRLRWW')  global_best=2.0746 log2  τ=0.45  β=0.022
Ep 1724/2000  reward=+4.4635 log2  ep_best=2.4981 log2 ('RLARKLVRFVKVAKKWWWW')  global_best=2.0746 log2  τ=0.45  β=0.022
Ep 1725/2000  reward=+3.0475 log2  ep_best=3.9141 log2 ('RVGRKKVRYVKGLYRWRWW')  global_best=2.0746 log2  τ=0.45  β=0.022
Ep 1726/2000  reward=+2.1937 log2  ep_best=4.7680 log2 ('RVARKLYRRVKGLRKKKWK')  global_best=2.0746 log2  τ=0.45  β=0.022
Ep 1727/2000  reward=+3.1836 log2  ep_best=3.7780 log2 ('RVGRKLVRRVKGLWKKKVK')  global_best=2.0746 log2  τ=0.45  β=0.022
Ep 1728/2000  reward=+3.2975 log2  ep_best=3.6642 log2 ('RVGRKNVRYVKGLWKWKRW')  global_best=2.0746 log2  τ=0.44  β=0.022
Ep 1729/2000  reward=+2.8282 log2  ep_best=4.1334 log2 ('RVGRKLVRYVQGLRWRKVW')  global_best=2.0746 log2  τ=0.44  β=0.022
Ep 1730/2000  reward=+3.4263 log2  ep_best=3.5353 log2 ('RVARKLVRFVKGLWKRWRW')  global_best=2.0746 log2  τ=0.44  β=0.022
Ep 1731/2000  reward=+3.7363 log2  ep_best=3.2254 log2 ('RVGRKLVRFVKGLWKWWRF')  global_best=2.0746 log2  τ=0.44  β=0.022
Ep 1732/2000  reward=+3.4227 log2  ep_best=3.5389 log2 ('RVGRKLVRFLQGLKWKKVW')  global_best=2.0746 log2  τ=0.44  β=0.022
Ep 1733/2000  reward=+3.4237 log2  ep_best=3.5380 log2 ('RGGRKLVRYVKGLKKWKVN')  global_best=2.0746 log2  τ=0.44  β=0.022
Ep 1734/2000  reward=+3.7354 log2  ep_best=3.2262 log2 ('RVGRKLVRFVKGLWKWWRW')  global_best=2.0746 log2  τ=0.44  β=0.022
Ep 1735/2000  reward=+3.5991 log2  ep_best=3.3625 log2 ('RVARKLVRFVKGLKKWWRF')  global_best=2.0746 log2  τ=0.44  β=0.022
Ep 1736/2000  reward=+2.9118 log2  ep_best=4.0498 log2 ('RVARKNVRFGKGLWWWKRW')  global_best=2.0746 log2  τ=0.44  β=0.022
Ep 1737/2000  reward=+3.5004 log2  ep_best=3.4613 log2 ('RGARKLVRYVKGLRKWWRI')  global_best=2.0746 log2  τ=0.44  β=0.022
Ep 1738/2000  reward=+2.8621 log2  ep_best=4.0996 log2 ('RVGRKNVRFVLGLKKRWWW')  global_best=2.0746 log2  τ=0.44  β=0.022
Ep 1739/2000  reward=+4.7814 log2  ep_best=2.1803 log2 ('RLSRKLVRFVKVAKKWLWW')  global_best=2.0746 log2  τ=0.44  β=0.022
Ep 1740/2000  reward=+3.9742 log2  ep_best=2.9874 log2 ('RLARKLVRFVKGLKKWWWW')  global_best=2.0746 log2  τ=0.43  β=0.022
Ep 1741/2000  reward=+3.3797 log2  ep_best=3.5819 log2 ('RLGRKNVRYVKGLRKWWRW')  global_best=2.0746 log2  τ=0.43  β=0.022
Ep 1742/2000  reward=+3.1638 log2  ep_best=3.7979 log2 ('RVMRKLVRFGKGLKWWWRR')  global_best=2.0746 log2  τ=0.43  β=0.022
Ep 1743/2000  reward=+3.2369 log2  ep_best=3.7248 log2 ('RVGRKKVRYVLGLWRRRRW')  global_best=2.0746 log2  τ=0.43  β=0.022
Ep 1744/2000  reward=+2.6215 log2  ep_best=4.3401 log2 ('RGGRKLVRFVQGLWRWKVW')  global_best=2.0746 log2  τ=0.43  β=0.022
Ep 1745/2000  reward=+3.0081 log2  ep_best=3.9536 log2 ('RVARKNVRYVKGLRKWWWW')  global_best=2.0746 log2  τ=0.43  β=0.021
Ep 1746/2000  reward=+3.0691 log2  ep_best=3.8925 log2 ('RAGRKLVRFVKGLWKWWRR')  global_best=2.0746 log2  τ=0.43  β=0.021
Ep 1747/2000  reward=+3.6106 log2  ep_best=3.3510 log2 ('RVARKLVRFVKGLWKWKRW')  global_best=2.0746 log2  τ=0.43  β=0.021
Ep 1748/2000  reward=+3.4702 log2  ep_best=3.4914 log2 ('RVGRKLVRYVKGLWKRKRW')  global_best=2.0746 log2  τ=0.43  β=0.021
Ep 1749/2000  reward=+3.9337 log2  ep_best=3.0280 log2 ('RIARKLYRYVKGVRYKWWK')  global_best=2.0746 log2  τ=0.43  β=0.021
Ep 1750/2000  reward=+3.9300 log2  ep_best=3.0317 log2 ('RLGRKNVRYVKGLWKRWWW')  global_best=2.0746 log2  τ=0.43  β=0.021
Ep 1751/2000  reward=+3.7889 log2  ep_best=3.1727 log2 ('RLARKLVRFVKVAWWRWRR')  global_best=2.0746 log2  τ=0.42  β=0.021
Ep 1752/2000  reward=+2.9297 log2  ep_best=4.0320 log2 ('RVGRKNVRYVKGLKKWWRW')  global_best=2.0746 log2  τ=0.42  β=0.021
Ep 1753/2000  reward=+2.9223 log2  ep_best=4.0394 log2 ('RVARKLVRFVKGLKKWKRW')  global_best=2.0746 log2  τ=0.42  β=0.021
Ep 1754/2000  reward=+3.0296 log2  ep_best=3.9321 log2 ('RGARKLVRFVKGLWKWKRR')  global_best=2.0746 log2  τ=0.42  β=0.021
Ep 1755/2000  reward=+2.9457 log2  ep_best=4.0159 log2 ('RGGRKLVRFVKGLWWRWRR')  global_best=2.0746 log2  τ=0.42  β=0.021
Ep 1756/2000  reward=+3.3418 log2  ep_best=3.6199 log2 ('RVGRKLVRFVKGLWKWWRR')  global_best=2.0746 log2  τ=0.42  β=0.021
Ep 1757/2000  reward=+4.1963 log2  ep_best=2.7654 log2 ('RLGRKLVRYVKGLYKWKRW')  global_best=2.0746 log2  τ=0.42  β=0.021
Ep 1758/2000  reward=+1.9403 log2  ep_best=5.0214 log2 ('RVGRKNVRRVWVARRWWCW')  global_best=2.0746 log2  τ=0.42  β=0.021
Ep 1759/2000  reward=+3.7917 log2  ep_best=3.1699 log2 ('RVGRKLVRYVKGLKKWWRW')  global_best=2.0746 log2  τ=0.42  β=0.021
Ep 1760/2000  reward=+2.2247 log2  ep_best=4.7369 log2 ('RVGRKNVRFVYGLWKRWRR')  global_best=2.0746 log2  τ=0.42  β=0.021
Ep 1761/2000  reward=+2.9297 log2  ep_best=4.0320 log2 ('RVGRKNVRYVKGLKKWWRW')  global_best=2.0746 log2  τ=0.42  β=0.021
Ep 1762/2000  reward=+3.3176 log2  ep_best=3.6441 log2 ('RMARKLVRYVKGLKKWKYI')  global_best=2.0746 log2  τ=0.41  β=0.021
Ep 1763/2000  reward=+4.0157 log2  ep_best=2.9460 log2 ('RLGRKLVRYVKGLYKWWRW')  global_best=2.0746 log2  τ=0.41  β=0.021
Ep 1764/2000  reward=+4.7994 log2  ep_best=2.1622 log2 ('RLARKLVRFVKVAWKWWWW')  global_best=2.0746 log2  τ=0.41  β=0.021
Ep 1765/2000  reward=+3.5272 log2  ep_best=3.4344 log2 ('RVGRKNVRYVLGLWKRWRW')  global_best=2.0746 log2  τ=0.41  β=0.021
Ep 1766/2000  reward=+3.4396 log2  ep_best=3.5221 log2 ('RVGRKNVRYVKVAKWWWRW')  global_best=2.0746 log2  τ=0.41  β=0.021
Ep 1767/2000  reward=+4.1074 log2  ep_best=2.8543 log2 ('RLGRKLVRYVKGLRKWWRW')  global_best=2.0746 log2  τ=0.41  β=0.020
Ep 1768/2000  reward=+3.8431 log2  ep_best=3.1186 log2 ('RLARKLVRYVKVARRWWRW')  global_best=2.0746 log2  τ=0.41  β=0.020
Ep 1769/2000  reward=+4.1040 log2  ep_best=2.8577 log2 ('RLGRKLVRFVKGLKKWKWW')  global_best=2.0746 log2  τ=0.41  β=0.020
Ep 1770/2000  reward=+3.6105 log2  ep_best=3.3511 log2 ('RVGRKLVRFVKGLKKWWWW')  global_best=2.0746 log2  τ=0.41  β=0.020
Ep 1771/2000  reward=+3.4824 log2  ep_best=3.4793 log2 ('RVGRKNVRYVKGLWKRWWW')  global_best=2.0746 log2  τ=0.41  β=0.020
Ep 1772/2000  reward=+2.9384 log2  ep_best=4.0232 log2 ('RVGRKKVRFVKGLKWRKVW')  global_best=2.0746 log2  τ=0.41  β=0.020
Ep 1773/2000  reward=+1.8230 log2  ep_best=5.1387 log2 ('RVGRKKVRYVWGLYRRRCW')  global_best=2.0746 log2  τ=0.40  β=0.020
Ep 1774/2000  reward=+4.7994 log2  ep_best=2.1622 log2 ('RLARKLVRFVKVAWKWWWW')  global_best=2.0746 log2  τ=0.40  β=0.020
Ep 1775/2000  reward=+2.8412 log2  ep_best=4.1205 log2 ('RVGRKLVRWLQGLKKKKVK')  global_best=2.0746 log2  τ=0.40  β=0.020
Ep 1776/2000  reward=+3.2975 log2  ep_best=3.6642 log2 ('RVGRKNVRYVKGLWKWKRW')  global_best=2.0746 log2  τ=0.40  β=0.020
Ep 1777/2000  reward=+4.1040 log2  ep_best=2.8577 log2 ('RLGRKLVRFVKGLKKWKWW')  global_best=2.0746 log2  τ=0.40  β=0.020
Ep 1778/2000  reward=+2.6184 log2  ep_best=4.3433 log2 ('RVGRKLVRYGKGLKKWKRW')  global_best=2.0746 log2  τ=0.40  β=0.020
Ep 1779/2000  reward=+3.0265 log2  ep_best=3.9351 log2 ('RVGRKNVRYVNGLWKRWRW')  global_best=2.0746 log2  τ=0.40  β=0.020
Ep 1780/2000  reward=+4.1131 log2  ep_best=2.8486 log2 ('RLARKLVRYVKVAYYKWRW')  global_best=2.0746 log2  τ=0.40  β=0.020
Ep 1781/2000  reward=+3.9208 log2  ep_best=3.0408 log2 ('RVGRKLVRYVKGLWKRWRW')  global_best=2.0746 log2  τ=0.40  β=0.020
Ep 1782/2000  reward=+3.9348 log2  ep_best=3.0269 log2 ('RLGRKLVRFVKGLRKWWWW')  global_best=2.0746 log2  τ=0.40  β=0.020
Ep 1783/2000  reward=+1.8258 log2  ep_best=5.1358 log2 ('RVGRKKVRYVNGLRRRRRW')  global_best=2.0746 log2  τ=0.40  β=0.020
Ep 1784/2000  reward=+4.0156 log2  ep_best=2.9460 log2 ('RKARKLVRYVKVAWRWWRR')  global_best=2.0746 log2  τ=0.39  β=0.020
Ep 1785/2000  reward=+4.5031 log2  ep_best=2.4585 log2 ('RLGRKLVRYVKGLWKWKRW')  global_best=2.0746 log2  τ=0.39  β=0.020
Ep 1786/2000  reward=+4.2829 log2  ep_best=2.6787 log2 ('RLARKLVRFVKVAYRKWWW')  global_best=2.0746 log2  τ=0.39  β=0.020
Ep 1787/2000  reward=+3.6263 log2  ep_best=3.3354 log2 ('RLARKLVRFVQGLKWKKVW')  global_best=2.0746 log2  τ=0.39  β=0.020
Ep 1788/2000  reward=+3.3134 log2  ep_best=3.6483 log2 ('RLGRKLVRRSKGLRRWWWW')  global_best=2.0746 log2  τ=0.39  β=0.020
Ep 1789/2000  reward=+3.9254 log2  ep_best=3.0363 log2 ('RLARKLVRYVKGLRKWWRW')  global_best=2.0746 log2  τ=0.39  β=0.019
Ep 1790/2000  reward=+3.1870 log2  ep_best=3.7747 log2 ('RVARKNVRYVKVAKKRLRW')  global_best=2.0746 log2  τ=0.39  β=0.019
Ep 1791/2000  reward=+3.3948 log2  ep_best=3.5669 log2 ('RVGRKLVRYLKGLRRKRWW')  global_best=2.0746 log2  τ=0.39  β=0.019
Ep 1792/2000  reward=+4.1040 log2  ep_best=2.8577 log2 ('RLGRKLVRFVKGLKKWKWW')  global_best=2.0746 log2  τ=0.39  β=0.019
Ep 1793/2000  reward=+3.7354 log2  ep_best=3.2262 log2 ('RVGRKLVRFVKGLWKWWRW')  global_best=2.0746 log2  τ=0.39  β=0.019
Ep 1794/2000  reward=+3.3405 log2  ep_best=3.6212 log2 ('RVGRKNVRFVKGLWKWWRW')  global_best=2.0746 log2  τ=0.39  β=0.019
Ep 1795/2000  reward=+2.8314 log2  ep_best=4.1302 log2 ('RVARKLVRFVKGLKKKKWK')  global_best=2.0746 log2  τ=0.38  β=0.019
Ep 1796/2000  reward=+4.0203 log2  ep_best=2.9413 log2 ('RGARKLVRFVKGLKKWKIW')  global_best=2.0746 log2  τ=0.38  β=0.019
Ep 1797/2000  reward=+3.1025 log2  ep_best=3.8591 log2 ('RLGRWKVRYVKGLKRWKRR')  global_best=2.0746 log2  τ=0.38  β=0.019
Ep 1798/2000  reward=+4.5031 log2  ep_best=2.4585 log2 ('RLGRKLVRYVKGLWKWKRW')  global_best=2.0746 log2  τ=0.38  β=0.019
Ep 1799/2000  reward=+4.4214 log2  ep_best=2.5403 log2 ('RLGRKLVRYVKVAWKWWRW')  global_best=2.0746 log2  τ=0.38  β=0.019
Ep 1800/2000  reward=+4.1074 log2  ep_best=2.8543 log2 ('RLGRKLVRYVKGLRKWWRW')  global_best=2.0746 log2  τ=0.38  β=0.019
Ep 1801/2000  reward=+4.7994 log2  ep_best=2.1622 log2 ('RLARKLVRFVKVAWKWWWW')  global_best=2.0746 log2  τ=0.38  β=0.019
Ep 1802/2000  reward=+4.5529 log2  ep_best=2.4087 log2 ('RVARKLVRYVKVAWKRLRW')  global_best=2.0746 log2  τ=0.38  β=0.019
Ep 1803/2000  reward=+3.3405 log2  ep_best=3.6212 log2 ('RVGRKNVRFVKGLWKWWRW')  global_best=2.0746 log2  τ=0.38  β=0.019
Ep 1804/2000  reward=+3.7011 log2  ep_best=3.2606 log2 ('RVGRKLVRFVKGLWKWKRW')  global_best=2.0746 log2  τ=0.38  β=0.019
Ep 1805/2000  reward=+3.4435 log2  ep_best=3.5181 log2 ('RVGRKLVRFVKGLWKRWRW')  global_best=2.0746 log2  τ=0.38  β=0.019
Ep 1806/2000  reward=+2.8188 log2  ep_best=4.1428 log2 ('RVGRKNVRFVKGLKKWWWW')  global_best=2.0746 log2  τ=0.37  β=0.019
Ep 1807/2000  reward=+3.8252 log2  ep_best=3.1365 log2 ('RVARKNVRYVKVAWWRWRW')  global_best=2.0746 log2  τ=0.37  β=0.019
Ep 1808/2000  reward=+3.6105 log2  ep_best=3.3511 log2 ('RVGRKLVRFVKGLKKWWWW')  global_best=2.0746 log2  τ=0.37  β=0.019
Ep 1809/2000  reward=+2.9597 log2  ep_best=4.0020 log2 ('RVGRKLVRFVQGLWKKKVW')  global_best=2.0746 log2  τ=0.37  β=0.019
Ep 1810/2000  reward=+3.6851 log2  ep_best=3.2766 log2 ('RVGRKLVRYVKVARIKWWW')  global_best=2.0746 log2  τ=0.37  β=0.019
Ep 1811/2000  reward=+3.0792 log2  ep_best=3.8825 log2 ('RKGRKLVRFGKGLKKWLWW')  global_best=2.0746 log2  τ=0.37  β=0.019
Ep 1812/2000  reward=+3.1171 log2  ep_best=3.8445 log2 ('RVARKLCRYVKVMRYKWRW')  global_best=2.0746 log2  τ=0.37  β=0.018
Ep 1813/2000  reward=+2.5053 log2  ep_best=4.4564 log2 ('RVARNKCRRVKLAWWRWRW')  global_best=2.0746 log2  τ=0.37  β=0.018
Ep 1814/2000  reward=+2.7737 log2  ep_best=4.1879 log2 ('RGGRKLVRFVQGLKKWKVK')  global_best=2.0746 log2  τ=0.37  β=0.018
Ep 1815/2000  reward=+3.1642 log2  ep_best=3.7975 log2 ('RMARKLVRFVKGLKKWKYI')  global_best=2.0746 log2  τ=0.37  β=0.018
Ep 1816/2000  reward=+3.2777 log2  ep_best=3.6839 log2 ('RLARKLVRFGKGLKKWWWR')  global_best=2.0746 log2  τ=0.37  β=0.018
Ep 1817/2000  reward=+2.8469 log2  ep_best=4.1148 log2 ('RSGRKLVRWLQGLKKKKVW')  global_best=2.0746 log2  τ=0.36  β=0.018
Ep 1818/2000  reward=+3.5774 log2  ep_best=3.3842 log2 ('RGARKLVRFVKGLWKWWRF')  global_best=2.0746 log2  τ=0.36  β=0.018
Ep 1819/2000  reward=+3.2555 log2  ep_best=3.7062 log2 ('RGARKLVRYVKGLKKWKYK')  global_best=2.0746 log2  τ=0.36  β=0.018
Ep 1820/2000  reward=+3.6105 log2  ep_best=3.3511 log2 ('RVGRKLVRFVKGLKKWWWW')  global_best=2.0746 log2  τ=0.36  β=0.018
Ep 1821/2000  reward=+3.5195 log2  ep_best=3.4422 log2 ('RVARKKVRFVKGLWKWWWW')  global_best=2.0746 log2  τ=0.36  β=0.018
Ep 1822/2000  reward=+4.1016 log2  ep_best=2.8600 log2 ('RLGRKLVRFVKVAKKWWWW')  global_best=2.0746 log2  τ=0.36  β=0.018
Ep 1823/2000  reward=+3.8235 log2  ep_best=3.1382 log2 ('RVARKLVRFVKGLWKWWWW')  global_best=2.0746 log2  τ=0.36  β=0.018
Ep 1824/2000  reward=+3.8252 log2  ep_best=3.1365 log2 ('RVARKNVRYVKVAWWRWRW')  global_best=2.0746 log2  τ=0.36  β=0.018
Ep 1825/2000  reward=+4.2101 log2  ep_best=2.7515 log2 ('RLGRKLVRFVKGLKKWKYW')  global_best=2.0746 log2  τ=0.36  β=0.018
Ep 1826/2000  reward=+3.7607 log2  ep_best=3.2009 log2 ('RLGRKLVRFVKVAWWWWRW')  global_best=2.0746 log2  τ=0.36  β=0.018
Ep 1827/2000  reward=+4.1081 log2  ep_best=2.8535 log2 ('RLGRKLVRYVKVAWRWRRW')  global_best=2.0746 log2  τ=0.36  β=0.018
Ep 1828/2000  reward=+2.9488 log2  ep_best=4.0129 log2 ('RVGRKLVRFVKGLKKWKRW')  global_best=2.0746 log2  τ=0.35  β=0.018
Ep 1829/2000  reward=+3.1799 log2  ep_best=3.7818 log2 ('RLGRKLVRFGKGLKKWWWW')  global_best=2.0746 log2  τ=0.35  β=0.018
Ep 1830/2000  reward=+4.1074 log2  ep_best=2.8543 log2 ('RLGRKLVRYVKGLRKWWRW')  global_best=2.0746 log2  τ=0.35  β=0.018
Ep 1831/2000  reward=+3.5360 log2  ep_best=3.4257 log2 ('RVGRKLVRYVKGLWWRRRW')  global_best=2.0746 log2  τ=0.35  β=0.018
Ep 1832/2000  reward=+3.8087 log2  ep_best=3.1529 log2 ('RGARKLVRYVKGLRKWKVW')  global_best=2.0746 log2  τ=0.35  β=0.018
Ep 1833/2000  reward=+3.8913 log2  ep_best=3.0704 log2 ('RVARKLVRYVKGLWKRWRW')  global_best=2.0746 log2  τ=0.35  β=0.018
Ep 1834/2000  reward=+4.3461 log2  ep_best=2.6155 log2 ('RLARKLVRFVNVAWKRWWW')  global_best=2.0746 log2  τ=0.35  β=0.017
Ep 1835/2000  reward=+3.7011 log2  ep_best=3.2606 log2 ('RVGRKLVRFVKGLWKWKRW')  global_best=2.0746 log2  τ=0.35  β=0.017
Ep 1836/2000  reward=+4.7058 log2  ep_best=2.2558 log2 ('RSARKLYRRVWGLWKKKFW')  global_best=2.0746 log2  τ=0.35  β=0.017
Ep 1837/2000  reward=+3.8252 log2  ep_best=3.1365 log2 ('RVARKNVRYVKVAWWRWRW')  global_best=2.0746 log2  τ=0.35  β=0.017
Ep 1838/2000  reward=+4.5276 log2  ep_best=2.4340 log2 ('RLSRKLVRYVKGLWKWKRW')  global_best=2.0746 log2  τ=0.35  β=0.017
Ep 1839/2000  reward=+4.2409 log2  ep_best=2.7207 log2 ('RLSRKLVRYVKGLRKWWRW')  global_best=2.0746 log2  τ=0.34  β=0.017
Ep 1840/2000  reward=+3.0456 log2  ep_best=3.9161 log2 ('RVGRKLVRYVQGLKKWKVK')  global_best=2.0746 log2  τ=0.34  β=0.017
Ep 1841/2000  reward=+3.5648 log2  ep_best=3.3969 log2 ('RVGRKNVRYVLGLWKRWWW')  global_best=2.0746 log2  τ=0.34  β=0.017
Ep 1842/2000  reward=+3.5619 log2  ep_best=3.3998 log2 ('RVARKNVRFVKGLWKWWWW')  global_best=2.0746 log2  τ=0.34  β=0.017
Ep 1843/2000  reward=+3.6488 log2  ep_best=3.3129 log2 ('RVGRKLVRYVKGLYKKWRW')  global_best=2.0746 log2  τ=0.34  β=0.017
Ep 1844/2000  reward=+3.8235 log2  ep_best=3.1382 log2 ('RVARKLVRFVKGLWKWWWW')  global_best=2.0746 log2  τ=0.34  β=0.017
Ep 1845/2000  reward=+3.5619 log2  ep_best=3.3998 log2 ('RVARKNVRFVKGLWKWWWW')  global_best=2.0746 log2  τ=0.34  β=0.017
Ep 1846/2000  reward=+2.8261 log2  ep_best=4.1356 log2 ('RSARKLVRFVQGLKWKKVW')  global_best=2.0746 log2  τ=0.34  β=0.017
Ep 1847/2000  reward=+4.2877 log2  ep_best=2.6739 log2 ('RVARKNVRYVKVAWKRLRW')  global_best=2.0746 log2  τ=0.34  β=0.017
Ep 1848/2000  reward=+3.9878 log2  ep_best=2.9738 log2 ('RLGRKLVRYVKGLYRWKRW')  global_best=2.0746 log2  τ=0.34  β=0.017
Ep 1849/2000  reward=+3.3797 log2  ep_best=3.5819 log2 ('RLGRKNVRYVKGLRKWWRW')  global_best=2.0746 log2  τ=0.34  β=0.017
Ep 1850/2000  reward=+3.0620 log2  ep_best=3.8997 log2 ('RGGRKLVRYVKGLKRWRRW')  global_best=2.0746 log2  τ=0.34  β=0.017
Ep 1851/2000  reward=+3.5930 log2  ep_best=3.3687 log2 ('RLARKLVRFVKGLKKWWWR')  global_best=2.0746 log2  τ=0.33  β=0.017
Ep 1852/2000  reward=+2.8314 log2  ep_best=4.1302 log2 ('RVARKLVRFVKGLKKKKWK')  global_best=2.0746 log2  τ=0.33  β=0.017
Ep 1853/2000  reward=+3.1894 log2  ep_best=3.7722 log2 ('RGGRKLVRFVKGLKKWKYI')  global_best=2.0746 log2  τ=0.33  β=0.017
Ep 1854/2000  reward=+2.4243 log2  ep_best=4.5373 log2 ('RSGRKLVRFVQGLKKWKVW')  global_best=2.0746 log2  τ=0.33  β=0.017
Ep 1855/2000  reward=+3.8977 log2  ep_best=3.0639 log2 ('RLARKLVRFVKGLKKWKWW')  global_best=2.0746 log2  τ=0.33  β=0.017
Ep 1856/2000  reward=+4.4635 log2  ep_best=2.4981 log2 ('RLARKLVRFVKVAKKWWWW')  global_best=2.0746 log2  τ=0.33  β=0.016
Ep 1857/2000  reward=+3.1127 log2  ep_best=3.8489 log2 ('RVARKLVRFVKGLWKWKRR')  global_best=2.0746 log2  τ=0.33  β=0.016
Ep 1858/2000  reward=+3.8336 log2  ep_best=3.1281 log2 ('RVARKLVRYTKGLWKWKRW')  global_best=2.0746 log2  τ=0.33  β=0.016
Ep 1859/2000  reward=+3.3107 log2  ep_best=3.6509 log2 ('RVGRKKVRFVKGLWKWWWR')  global_best=2.0746 log2  τ=0.33  β=0.016
Ep 1860/2000  reward=+4.1040 log2  ep_best=2.8577 log2 ('RLGRKLVRFVKGLKKWKWW')  global_best=2.0746 log2  τ=0.33  β=0.016
Ep 1861/2000  reward=+3.6370 log2  ep_best=3.3247 log2 ('RLARKLVRFVKGLYKKKWW')  global_best=2.0746 log2  τ=0.33  β=0.016
Ep 1862/2000  reward=+3.2039 log2  ep_best=3.7577 log2 ('RGARKLVRFVKGLWWRKYR')  global_best=2.0746 log2  τ=0.32  β=0.016
Ep 1863/2000  reward=+4.0778 log2  ep_best=2.8839 log2 ('RVGRKLVRYVKGLWKWKRW')  global_best=2.0746 log2  τ=0.32  β=0.016
Ep 1864/2000  reward=+3.6429 log2  ep_best=3.3188 log2 ('RLGRKNVRRVWGLRRWRFW')  global_best=2.0746 log2  τ=0.32  β=0.016
Ep 1865/2000  reward=+2.8188 log2  ep_best=4.1428 log2 ('RVGRKNVRFVKGLKKWWWW')  global_best=2.0746 log2  τ=0.32  β=0.016
Ep 1866/2000  reward=+4.1021 log2  ep_best=2.8595 log2 ('RLGRKLVRFVKGLWKWKRW')  global_best=2.0746 log2  τ=0.32  β=0.016
Ep 1867/2000  reward=+3.4820 log2  ep_best=3.4796 log2 ('RVGRKLVRYVKVGWKRWWW')  global_best=2.0746 log2  τ=0.32  β=0.016
Ep 1868/2000  reward=+3.3020 log2  ep_best=3.6597 log2 ('RGGRKLVRFVKGLKKWKFI')  global_best=2.0746 log2  τ=0.32  β=0.016
Ep 1869/2000  reward=+3.6105 log2  ep_best=3.3511 log2 ('RVGRKLVRFVKGLKKWWWW')  global_best=2.0746 log2  τ=0.32  β=0.016
Ep 1870/2000  reward=+3.9653 log2  ep_best=2.9964 log2 ('RVARKLVRFVKVAWKRWWW')  global_best=2.0746 log2  τ=0.32  β=0.016
Ep 1871/2000  reward=+3.6105 log2  ep_best=3.3511 log2 ('RVGRKLVRFVKGLKKWWWW')  global_best=2.0746 log2  τ=0.32  β=0.016
Ep 1872/2000  reward=+4.0778 log2  ep_best=2.8839 log2 ('RVGRKLVRYVKGLWKWKRW')  global_best=2.0746 log2  τ=0.32  β=0.016
Ep 1873/2000  reward=+3.8817 log2  ep_best=3.0799 log2 ('RLSRKLVRFVKGLKKWKWW')  global_best=2.0746 log2  τ=0.31  β=0.016
Ep 1874/2000  reward=+3.7354 log2  ep_best=3.2262 log2 ('RVGRKLVRFVKGLWKWWRW')  global_best=2.0746 log2  τ=0.31  β=0.016
Ep 1875/2000  reward=+2.1177 log2  ep_best=4.8439 log2 ('RAARKLVRFGKGLKKWKRI')  global_best=2.0746 log2  τ=0.31  β=0.016
Ep 1876/2000  reward=+3.3087 log2  ep_best=3.6529 log2 ('RVGRKNVRFVKGLWKWWWW')  global_best=2.0746 log2  τ=0.31  β=0.016
Ep 1877/2000  reward=+4.1074 log2  ep_best=2.8543 log2 ('RLGRKLVRYVKGLRKWWRW')  global_best=2.0746 log2  τ=0.31  β=0.016
Ep 1878/2000  reward=+4.1638 log2  ep_best=2.7979 log2 ('RLARKLVRFVKGLKKWKVW')  global_best=2.0746 log2  τ=0.31  β=0.015
Ep 1879/2000  reward=+2.4964 log2  ep_best=4.4653 log2 ('RVGRKLVRFIYGLKKKKLK')  global_best=2.0746 log2  τ=0.31  β=0.015
Ep 1880/2000  reward=+3.1986 log2  ep_best=3.7630 log2 ('RVGRKNVRYVKGLWKRWRW')  global_best=2.0746 log2  τ=0.31  β=0.015
Ep 1881/2000  reward=+3.7360 log2  ep_best=3.2256 log2 ('RVARKKVRYVKVAWWRWRW')  global_best=2.0746 log2  τ=0.31  β=0.015
Ep 1882/2000  reward=+4.0778 log2  ep_best=2.8839 log2 ('RVGRKLVRYVKGLWKWKRW')  global_best=2.0746 log2  τ=0.31  β=0.015
Ep 1883/2000  reward=+3.7410 log2  ep_best=3.2207 log2 ('RVGRKLVRFVLGLWKRWWW')  global_best=2.0746 log2  τ=0.31  β=0.015
Ep 1884/2000  reward=+4.3551 log2  ep_best=2.6065 log2 ('RLARKLVRRVWGLRKKWVW')  global_best=2.0746 log2  τ=0.30  β=0.015
Ep 1885/2000  reward=+3.2412 log2  ep_best=3.7205 log2 ('RGGRKLVRFVKGLKKWWYW')  global_best=2.0746 log2  τ=0.30  β=0.015
Ep 1886/2000  reward=+2.9488 log2  ep_best=4.0129 log2 ('RVGRKLVRFVKGLKKWKRW')  global_best=2.0746 log2  τ=0.30  β=0.015
Ep 1887/2000  reward=+3.6106 log2  ep_best=3.3510 log2 ('RVARKLVRFVKGLWKWKRW')  global_best=2.0746 log2  τ=0.30  β=0.015
Ep 1888/2000  reward=+3.0016 log2  ep_best=3.9600 log2 ('RLGRKLVRYVKGAWRKRRW')  global_best=2.0746 log2  τ=0.30  β=0.015
Ep 1889/2000  reward=+3.7843 log2  ep_best=3.1773 log2 ('RGARKLVRFVKGLWKWKRW')  global_best=2.0746 log2  τ=0.30  β=0.015
Ep 1890/2000  reward=+3.3405 log2  ep_best=3.6212 log2 ('RVGRKNVRFVKGLWKWWRW')  global_best=2.0746 log2  τ=0.30  β=0.015
Ep 1891/2000  reward=+2.8545 log2  ep_best=4.1071 log2 ('RMGRKLVRYLQGLKWRKFK')  global_best=2.0746 log2  τ=0.30  β=0.015
Ep 1892/2000  reward=+2.7537 log2  ep_best=4.2079 log2 ('RGGRKLVRYVQGLKKWKVK')  global_best=2.0746 log2  τ=0.30  β=0.015
Ep 1893/2000  reward=+2.5361 log2  ep_best=4.4255 log2 ('RGGRKLVRYIQGLRKWRVK')  global_best=2.0746 log2  τ=0.30  β=0.015
Ep 1894/2000  reward=+3.8089 log2  ep_best=3.1528 log2 ('RVARKLVRFVKGLKKWKYI')  global_best=2.0746 log2  τ=0.30  β=0.015
Ep 1895/2000  reward=+1.4059 log2  ep_best=5.5557 log2 ('RGARKLVRYGKGLRRKRRW')  global_best=2.0746 log2  τ=0.29  β=0.015
Ep 1896/2000  reward=+3.0296 log2  ep_best=3.9321 log2 ('RGARKLVRFVKGLWKWKRR')  global_best=2.0746 log2  τ=0.29  β=0.015
Ep 1897/2000  reward=+3.8087 log2  ep_best=3.1529 log2 ('RGARKLVRYVKGLRKWKVW')  global_best=2.0746 log2  τ=0.29  β=0.015
Ep 1898/2000  reward=+2.8126 log2  ep_best=4.1490 log2 ('RVGRKLVRYVKGLYRKRRW')  global_best=2.0746 log2  τ=0.29  β=0.015
Ep 1899/2000  reward=+3.3182 log2  ep_best=3.6434 log2 ('RSARKLYRFVKGLKKWKRW')  global_best=2.0746 log2  τ=0.29  β=0.015
Ep 1900/2000  reward=+4.4586 log2  ep_best=2.5030 log2 ('RLGRKLVRFVKVAWKWWWW')  global_best=2.0746 log2  τ=0.29  β=0.015
Ep 1901/2000  reward=+3.6105 log2  ep_best=3.3511 log2 ('RVGRKLVRFVKGLKKWWWW')  global_best=2.0746 log2  τ=0.29  β=0.014
Ep 1902/2000  reward=+2.7737 log2  ep_best=4.1879 log2 ('RGGRKLVRFVQGLKKWKVK')  global_best=2.0746 log2  τ=0.29  β=0.014
Ep 1903/2000  reward=+4.0954 log2  ep_best=2.8662 log2 ('RLSRKLVRFVKGLKKWWWW')  global_best=2.0746 log2  τ=0.29  β=0.014
Ep 1904/2000  reward=+3.5495 log2  ep_best=3.4121 log2 ('RLGRKLVRYLKGLKKKKKW')  global_best=2.0746 log2  τ=0.29  β=0.014
Ep 1905/2000  reward=+3.1649 log2  ep_best=3.7967 log2 ('RVGRKLVRKLQGLWKKKVK')  global_best=2.0746 log2  τ=0.29  β=0.014
Ep 1906/2000  reward=+3.8817 log2  ep_best=3.0799 log2 ('RLSRKLVRFVKGLKKWKWW')  global_best=2.0746 log2  τ=0.28  β=0.014
Ep 1907/2000  reward=+2.6925 log2  ep_best=4.2691 log2 ('RAARKLVRFVKGLKKWKRI')  global_best=2.0746 log2  τ=0.28  β=0.014
Ep 1908/2000  reward=+2.4835 log2  ep_best=4.4782 log2 ('RVGRKLVRYVQGLYRKWVK')  global_best=2.0746 log2  τ=0.28  β=0.014
Ep 1909/2000  reward=+3.6105 log2  ep_best=3.3511 log2 ('RVGRKLVRFVKGLKKWWWW')  global_best=2.0746 log2  τ=0.28  β=0.014
Ep 1910/2000  reward=+1.8230 log2  ep_best=5.1387 log2 ('RVGRKKVRYVWGLYRRRCW')  global_best=2.0746 log2  τ=0.28  β=0.014
Ep 1911/2000  reward=+3.0294 log2  ep_best=3.9323 log2 ('RVGRKLVRFVKGLWKWKRR')  global_best=2.0746 log2  τ=0.28  β=0.014
Ep 1912/2000  reward=+3.7354 log2  ep_best=3.2262 log2 ('RVGRKLVRFVKGLWKWWRW')  global_best=2.0746 log2  τ=0.28  β=0.014
Ep 1913/2000  reward=+2.4571 log2  ep_best=4.5046 log2 ('RVGRKNVRYVKGLYKKWRW')  global_best=2.0746 log2  τ=0.28  β=0.014
Ep 1914/2000  reward=+2.9785 log2  ep_best=3.9832 log2 ('RVARKLVRFVKGLKKRWWW')  global_best=2.0746 log2  τ=0.28  β=0.014
Ep 1915/2000  reward=+3.3291 log2  ep_best=3.6326 log2 ('RVGRKLVRFGKGLWWWKRW')  global_best=2.0746 log2  τ=0.28  β=0.014
Ep 1916/2000  reward=+2.8314 log2  ep_best=4.1302 log2 ('RVARKLVRFVKGLKKKKWK')  global_best=2.0746 log2  τ=0.28  β=0.014
Ep 1917/2000  reward=+3.7069 log2  ep_best=3.2547 log2 ('RGGRKLVRFVKGLWKWKRW')  global_best=2.0746 log2  τ=0.27  β=0.014
Ep 1918/2000  reward=+3.5272 log2  ep_best=3.4344 log2 ('RVGRKNVRYVLGLWKRWRW')  global_best=2.0746 log2  τ=0.27  β=0.014
Ep 1919/2000  reward=+3.6105 log2  ep_best=3.3511 log2 ('RVGRKLVRFVKGLKKWWWW')  global_best=2.0746 log2  τ=0.27  β=0.014
Ep 1920/2000  reward=+3.4824 log2  ep_best=3.4793 log2 ('RVGRKNVRYVKGLWKRWWW')  global_best=2.0746 log2  τ=0.27  β=0.014
Ep 1921/2000  reward=+3.3950 log2  ep_best=3.5667 log2 ('RMGRKLVRYVKGLRRWWRI')  global_best=2.0746 log2  τ=0.27  β=0.014
Ep 1922/2000  reward=+2.2171 log2  ep_best=4.7445 log2 ('RVGRKNVRYVKGLRKKWWW')  global_best=2.0746 log2  τ=0.27  β=0.014
Ep 1923/2000  reward=+3.2608 log2  ep_best=3.7008 log2 ('RLGRKKVRFVKGLKWWKYR')  global_best=2.0746 log2  τ=0.27  β=0.013
Ep 1924/2000  reward=+3.8977 log2  ep_best=3.0639 log2 ('RLARKLVRFVKGLKKWKWW')  global_best=2.0746 log2  τ=0.27  β=0.013
Ep 1925/2000  reward=+3.6505 log2  ep_best=3.3111 log2 ('RVARKLVRFVKGLKKWWWW')  global_best=2.0746 log2  τ=0.27  β=0.013
Ep 1926/2000  reward=+2.7963 log2  ep_best=4.1653 log2 ('RVARKLVRFVQGLWWRKRW')  global_best=2.0746 log2  τ=0.27  β=0.013
Ep 1927/2000  reward=+4.1021 log2  ep_best=2.8595 log2 ('RLGRKLVRFVKGLWKWKRW')  global_best=2.0746 log2  τ=0.27  β=0.013
Ep 1928/2000  reward=+3.9953 log2  ep_best=2.9663 log2 ('RLARKLVRFLKVAKRKWWW')  global_best=2.0746 log2  τ=0.26  β=0.013
Ep 1929/2000  reward=+4.0904 log2  ep_best=2.8712 log2 ('RGGRKLVRYVKGLKKWKFK')  global_best=2.0746 log2  τ=0.26  β=0.013
Ep 1930/2000  reward=+3.3405 log2  ep_best=3.6212 log2 ('RVGRKNVRFVKGLWKWWRW')  global_best=2.0746 log2  τ=0.26  β=0.013
Ep 1931/2000  reward=+3.3561 log2  ep_best=3.6055 log2 ('RGGRKLVRFVKGLWKRWRW')  global_best=2.0746 log2  τ=0.26  β=0.013
Ep 1932/2000  reward=+2.8621 log2  ep_best=4.0996 log2 ('RVGRKNVRFVLGLKKRWWW')  global_best=2.0746 log2  τ=0.26  β=0.013
Ep 1933/2000  reward=+2.3355 log2  ep_best=4.6262 log2 ('RVGRKNVRYGLGLWKRKRW')  global_best=2.0746 log2  τ=0.26  β=0.013
Ep 1934/2000  reward=+2.4523 log2  ep_best=4.5094 log2 ('RVGRKKVRYVWVLRRWRCW')  global_best=2.0746 log2  τ=0.26  β=0.013
Ep 1935/2000  reward=+2.6962 log2  ep_best=4.2655 log2 ('RVGRKKVRYVKVLRWRWCW')  global_best=2.0746 log2  τ=0.26  β=0.013
Ep 1936/2000  reward=+4.2230 log2  ep_best=2.7386 log2 ('RVARKLVRYVKVAWWKRRW')  global_best=2.0746 log2  τ=0.26  β=0.013
Ep 1937/2000  reward=+2.3127 log2  ep_best=4.6489 log2 ('RVARKLVRYIQGLRRKWRW')  global_best=2.0746 log2  τ=0.26  β=0.013
Ep 1938/2000  reward=+3.1642 log2  ep_best=3.7975 log2 ('RMARKLVRFVKGLKKWKYI')  global_best=2.0746 log2  τ=0.26  β=0.013
Ep 1939/2000  reward=+2.1443 log2  ep_best=4.8173 log2 ('RVGRKNVRYVNGLWKRWRR')  global_best=2.0746 log2  τ=0.25  β=0.013
Ep 1940/2000  reward=+3.7607 log2  ep_best=3.2009 log2 ('RLGRKLVRFVKVAWWWWRW')  global_best=2.0746 log2  τ=0.25  β=0.013
Ep 1941/2000  reward=+4.2409 log2  ep_best=2.7207 log2 ('RLSRKLVRYVKGLRKWWRW')  global_best=2.0746 log2  τ=0.25  β=0.013
Ep 1942/2000  reward=+3.5272 log2  ep_best=3.4344 log2 ('RVGRKNVRYVLGLWKRWRW')  global_best=2.0746 log2  τ=0.25  β=0.013
Ep 1943/2000  reward=+3.0840 log2  ep_best=3.8776 log2 ('RLARKLVRRVKGLRWRWRR')  global_best=2.0746 log2  τ=0.25  β=0.013
Ep 1944/2000  reward=+2.5511 log2  ep_best=4.4105 log2 ('RGARNLVRFVKGLKKWKRI')  global_best=2.0746 log2  τ=0.25  β=0.013
Ep 1945/2000  reward=+3.9670 log2  ep_best=2.9946 log2 ('RLGRKLVRRVKGLYRLRWK')  global_best=2.0746 log2  τ=0.25  β=0.012
Ep 1946/2000  reward=+3.8396 log2  ep_best=3.1221 log2 ('RGGRKLVRFVKGLKKWKLK')  global_best=2.0746 log2  τ=0.25  β=0.012
Ep 1947/2000  reward=+3.5304 log2  ep_best=3.4312 log2 ('RGARKLVRFVKGLKKWWRF')  global_best=2.0746 log2  τ=0.25  β=0.012
Ep 1948/2000  reward=+2.8004 log2  ep_best=4.1613 log2 ('RLARKLVRFAKGLWRRRRR')  global_best=2.0746 log2  τ=0.25  β=0.012
Ep 1949/2000  reward=+3.8755 log2  ep_best=3.0861 log2 ('RLGRKLVRFVKVGWKWWWW')  global_best=2.0746 log2  τ=0.25  β=0.012
Ep 1950/2000  reward=+3.1994 log2  ep_best=3.7623 log2 ('RLARKLVRFGKGLKKWKWW')  global_best=2.0746 log2  τ=0.25  β=0.012
Ep 1951/2000  reward=+3.3865 log2  ep_best=3.5752 log2 ('RVARKNVRFVKGLWKWWRW')  global_best=2.0746 log2  τ=0.24  β=0.012
Ep 1952/2000  reward=+3.7011 log2  ep_best=3.2606 log2 ('RVGRKLVRFVKGLWKWKRW')  global_best=2.0746 log2  τ=0.24  β=0.012
Ep 1953/2000  reward=+3.9254 log2  ep_best=3.0363 log2 ('RLARKLVRYVKGLRKWWRW')  global_best=2.0746 log2  τ=0.24  β=0.012
Ep 1954/2000  reward=+4.3862 log2  ep_best=2.5754 log2 ('RLARKLVRYVKVARKWWWW')  global_best=2.0746 log2  τ=0.24  β=0.012
Ep 1955/2000  reward=+2.8188 log2  ep_best=4.1428 log2 ('RVGRKNVRFVKGLKKWWWW')  global_best=2.0746 log2  τ=0.24  β=0.012
Ep 1956/2000  reward=+3.4684 log2  ep_best=3.4932 log2 ('RVGRKLVRYVKGLRWWWRR')  global_best=2.0746 log2  τ=0.24  β=0.012
Ep 1957/2000  reward=+3.6105 log2  ep_best=3.3511 log2 ('RVGRKLVRFVKGLKKWWWW')  global_best=2.0746 log2  τ=0.24  β=0.012
Ep 1958/2000  reward=+3.8125 log2  ep_best=3.1491 log2 ('RVGRKLVRFLKGLKKWKKI')  global_best=2.0746 log2  τ=0.24  β=0.012
Ep 1959/2000  reward=+2.8812 log2  ep_best=4.0804 log2 ('RVARKLVRFVKGLKKKKWW')  global_best=2.0746 log2  τ=0.24  β=0.012
Ep 1960/2000  reward=+2.7175 log2  ep_best=4.2441 log2 ('RVGRKKVRYVKVLYRKRWW')  global_best=2.0746 log2  τ=0.24  β=0.012
Ep 1961/2000  reward=+4.1789 log2  ep_best=2.7827 log2 ('RLARKLVRYVKVARYKWRW')  global_best=2.0746 log2  τ=0.24  β=0.012
Ep 1962/2000  reward=+3.1986 log2  ep_best=3.7630 log2 ('RVGRKNVRYVKGLWKRWRW')  global_best=2.0746 log2  τ=0.23  β=0.012
Ep 1963/2000  reward=+4.6606 log2  ep_best=2.3010 log2 ('RLARKLVRFVKVAKWWWWW')  global_best=2.0746 log2  τ=0.23  β=0.012
Ep 1964/2000  reward=+3.7354 log2  ep_best=3.2262 log2 ('RVGRKLVRFVKGLWKWWRW')  global_best=2.0746 log2  τ=0.23  β=0.012
Ep 1965/2000  reward=+3.1649 log2  ep_best=3.7967 log2 ('RVGRKLVRKLQGLWKKKVK')  global_best=2.0746 log2  τ=0.23  β=0.012
Ep 1966/2000  reward=+2.9223 log2  ep_best=4.0394 log2 ('RVARKLVRFVKGLKKWKRW')  global_best=2.0746 log2  τ=0.23  β=0.012
Ep 1967/2000  reward=+3.8235 log2  ep_best=3.1382 log2 ('RVARKLVRFVKGLWKWWWW')  global_best=2.0746 log2  τ=0.23  β=0.011
Ep 1968/2000  reward=+3.2166 log2  ep_best=3.7450 log2 ('RGARKLVRFVKGLWKWWRR')  global_best=2.0746 log2  τ=0.23  β=0.011
Ep 1969/2000  reward=+3.3405 log2  ep_best=3.6212 log2 ('RVGRKNVRFVKGLWKWWRW')  global_best=2.0746 log2  τ=0.23  β=0.011
Ep 1970/2000  reward=+4.8278 log2  ep_best=2.1338 log2 ('RLSRKLVRYVKVAWKWWRW')  global_best=2.0746 log2  τ=0.23  β=0.011
Ep 1971/2000  reward=+3.8235 log2  ep_best=3.1382 log2 ('RVARKLVRFVKGLWKWWWW')  global_best=2.0746 log2  τ=0.23  β=0.011
Ep 1972/2000  reward=+3.9183 log2  ep_best=3.0433 log2 ('RLGRKLVRFVKGLYKWKRW')  global_best=2.0746 log2  τ=0.23  β=0.011
Ep 1973/2000  reward=+2.9980 log2  ep_best=3.9636 log2 ('RVARKNVRYVKVLRWRWCW')  global_best=2.0746 log2  τ=0.22  β=0.011
Ep 1974/2000  reward=+3.8485 log2  ep_best=3.1131 log2 ('RVARKLVRYVKVAWWRWRW')  global_best=2.0746 log2  τ=0.22  β=0.011
Ep 1975/2000  reward=+3.6106 log2  ep_best=3.3510 log2 ('RVARKLVRFVKGLWKWKRW')  global_best=2.0746 log2  τ=0.22  β=0.011
Ep 1976/2000  reward=+4.1021 log2  ep_best=2.8595 log2 ('RLGRKLVRFVKGLWKWKRW')  global_best=2.0746 log2  τ=0.22  β=0.011
Ep 1977/2000  reward=+2.3878 log2  ep_best=4.5739 log2 ('RMGRKLVRFIQGLWKKKVW')  global_best=2.0746 log2  τ=0.22  β=0.011
Ep 1978/2000  reward=+3.7069 log2  ep_best=3.2547 log2 ('RGGRKLVRFVKGLWKWKRW')  global_best=2.0746 log2  τ=0.22  β=0.011
Ep 1979/2000  reward=+3.0456 log2  ep_best=3.9161 log2 ('RVGRKLVRYVQGLKKWKVK')  global_best=2.0746 log2  τ=0.22  β=0.011
Ep 1980/2000  reward=+3.7354 log2  ep_best=3.2262 log2 ('RVGRKLVRFVKGLWKWWRW')  global_best=2.0746 log2  τ=0.22  β=0.011
Ep 1981/2000  reward=+4.3195 log2  ep_best=2.6421 log2 ('RLGRKLVRFLKVAKKWWWW')  global_best=2.0746 log2  τ=0.22  β=0.011
Ep 1982/2000  reward=+2.5903 log2  ep_best=4.3714 log2 ('RMGRKLVRPLKGLRRRRVW')  global_best=2.0746 log2  τ=0.22  β=0.011
Ep 1983/2000  reward=+2.7557 log2  ep_best=4.2060 log2 ('RGGRKLVRFVKGLKKWKRI')  global_best=2.0746 log2  τ=0.22  β=0.011
Ep 1984/2000  reward=+3.5980 log2  ep_best=3.3636 log2 ('RGARKLVRFVKGLWKWKRI')  global_best=2.0746 log2  τ=0.21  β=0.011
Ep 1985/2000  reward=+1.8838 log2  ep_best=5.0779 log2 ('RMARKLVRYVQGLKKWKHI')  global_best=2.0746 log2  τ=0.21  β=0.011
Ep 1986/2000  reward=+3.0292 log2  ep_best=3.9324 log2 ('RVGRKNVRYVKVAKWRWRW')  global_best=2.0746 log2  τ=0.21  β=0.011
Ep 1987/2000  reward=+3.9254 log2  ep_best=3.0363 log2 ('RLARKLVRYVKGLRKWWRW')  global_best=2.0746 log2  τ=0.21  β=0.011
Ep 1988/2000  reward=+3.6106 log2  ep_best=3.3510 log2 ('RVARKLVRFVKGLWKWKRW')  global_best=2.0746 log2  τ=0.21  β=0.011
Ep 1989/2000  reward=+2.9307 log2  ep_best=4.0309 log2 ('RMGRKLVRFVKGLWWRWRR')  global_best=2.0746 log2  τ=0.21  β=0.010
Ep 1990/2000  reward=+3.1894 log2  ep_best=3.7722 log2 ('RGGRKLVRFVKGLKKWKYI')  global_best=2.0746 log2  τ=0.21  β=0.010
Ep 1991/2000  reward=+3.7827 log2  ep_best=3.1790 log2 ('RVARKLVRFVKGLWKWKRF')  global_best=2.0746 log2  τ=0.21  β=0.010
Ep 1992/2000  reward=+3.1191 log2  ep_best=3.8426 log2 ('RSGRKLVRFVKGLKKWWWR')  global_best=2.0746 log2  τ=0.21  β=0.010
Ep 1993/2000  reward=+1.8635 log2  ep_best=5.0982 log2 ('RGGRKLVRYLQGLKKKKVW')  global_best=2.0746 log2  τ=0.21  β=0.010
Ep 1994/2000  reward=+3.4824 log2  ep_best=3.4793 log2 ('RVGRKNVRYVKGLWKRWWW')  global_best=2.0746 log2  τ=0.21  β=0.010
Ep 1995/2000  reward=+3.4824 log2  ep_best=3.4793 log2 ('RVGRKNVRYVKGLWKRWWW')  global_best=2.0746 log2  τ=0.20  β=0.010
Ep 1996/2000  reward=+2.1686 log2  ep_best=4.7931 log2 ('RVGRKLVRFVQGLKKKKFK')  global_best=2.0746 log2  τ=0.20  β=0.010
Ep 1997/2000  reward=+3.8252 log2  ep_best=3.1365 log2 ('RVARKNVRYVKVAWWRWRW')  global_best=2.0746 log2  τ=0.20  β=0.010
Ep 1998/2000  reward=+1.2196 log2  ep_best=5.7420 log2 ('RSGRKLVRFVQGLKKKKFK')  global_best=2.0746 log2  τ=0.20  β=0.010
Ep 1999/2000  reward=+2.8903 log2  ep_best=4.0713 log2 ('RVGRKNVRYVKGLRWWWRR')  global_best=2.0746 log2  τ=0.20  β=0.010
Ep 2000/2000  reward=+3.9941 log2  ep_best=2.9676 log2 ('RVSRKLVRFVKGLWKWWWW')  global_best=2.0746 log2  τ=0.20  β=0.010

Optimisation complete.
  Start : 'RMARNLVRYVQGLKKKKVI'  6.9616 log2 MIC  (124.6 µM)
  Best  : 'RLARKLVRYVKVAWKKWWW'  2.0746 log2 MIC  (4.2 µM)
  Improvement: +4.8870 log2 MIC  (29.6x fold)
  Log saved  : results/hydrodamin-2_a2c_1773334087_log.csv
  JSON saved : results/hydrodamin-2_a2c_1773334087_results.json
  Done: 'hydrodamin-2'
--- Finished peptide: hydrodamin-2 at Thu Mar 12 06:09:24 PM CET 2026 ---
--- Starting peptide: mammuthusin-3 at Thu Mar 12 06:09:24 PM CET 2026 ---

======================================================================
  SEED: 'mammuthusin-3'  →  'KTLKIIRLLF'
======================================================================
Loading models …
Encoding start peptide: 'KTLKIIRLLF'
Start score (mean log2 MIC over E.coli): 4.3043
Ep   1/2000  reward=+0.0000 log2  ep_best=4.3043 log2 ('KTLKIIRLLF')  global_best=4.3043 log2  τ=2.00  β=0.100
Ep   2/2000  reward=+0.0000 log2  ep_best=4.3043 log2 ('KTLKIIRLLF')  global_best=4.3043 log2  τ=2.00  β=0.100
Ep   3/2000  reward=+0.0000 log2  ep_best=4.3043 log2 ('KTLKIIRLLF')  global_best=4.3043 log2  τ=2.00  β=0.100
Ep   4/2000  reward=+0.0000 log2  ep_best=4.3043 log2 ('KTLKIIRLLF')  global_best=4.3043 log2  τ=2.00  β=0.100
Ep   5/2000  reward=+0.0000 log2  ep_best=4.3043 log2 ('KTLKIIRLLF')  global_best=4.3043 log2  τ=2.00  β=0.100
Ep   6/2000  reward=+0.0000 log2  ep_best=4.3043 log2 ('KTLKIIRLLF')  global_best=4.3043 log2  τ=2.00  β=0.100
Ep   7/2000  reward=+0.0000 log2  ep_best=4.3043 log2 ('KTLKIIRLLF')  global_best=4.3043 log2  τ=1.99  β=0.100
Ep   8/2000  reward=+0.0000 log2  ep_best=4.3043 log2 ('KTLKIIRLLF')  global_best=4.3043 log2  τ=1.99  β=0.100
Ep   9/2000  reward=+0.0000 log2  ep_best=4.3043 log2 ('KTLKIIRLLF')  global_best=4.3043 log2  τ=1.99  β=0.100
Ep  10/2000  reward=+0.0000 log2  ep_best=4.3043 log2 ('KTLKIIRLLF')  global_best=4.3043 log2  τ=1.99  β=0.100
Ep  11/2000  reward=+0.0000 log2  ep_best=4.3043 log2 ('KTLKIIRLLF')  global_best=4.3043 log2  τ=1.99  β=0.100
Ep  12/2000  reward=+0.0000 log2  ep_best=4.3043 log2 ('KTLKIIRLLF')  global_best=4.3043 log2  τ=1.99  β=0.100
Ep  13/2000  reward=+0.0000 log2  ep_best=4.3043 log2 ('KTLKIIRLLF')  global_best=4.3043 log2  τ=1.99  β=0.099
Ep  14/2000  reward=+0.0000 log2  ep_best=4.3043 log2 ('KTLKIIRLLF')  global_best=4.3043 log2  τ=1.99  β=0.099
Ep  15/2000  reward=+0.0000 log2  ep_best=4.3043 log2 ('KTLKIIRLLF')  global_best=4.3043 log2  τ=1.99  β=0.099
Ep  16/2000  reward=+0.0000 log2  ep_best=4.3043 log2 ('KTLKIIRLLF')  global_best=4.3043 log2  τ=1.99  β=0.099
Ep  17/2000  reward=+0.0000 log2  ep_best=4.3043 log2 ('KTLKIIRLLF')  global_best=4.3043 log2  τ=1.99  β=0.099
Ep  18/2000  reward=+0.0000 log2  ep_best=4.3043 log2 ('KTLKIIRLLF')  global_best=4.3043 log2  τ=1.98  β=0.099
Ep  19/2000  reward=+0.0000 log2  ep_best=4.3043 log2 ('KTLKIIRLLF')  global_best=4.3043 log2  τ=1.98  β=0.099
Ep  20/2000  reward=+0.0000 log2  ep_best=4.3043 log2 ('KTLKIIRLLF')  global_best=4.3043 log2  τ=1.98  β=0.099
Ep  21/2000  reward=+0.0000 log2  ep_best=4.3043 log2 ('KTLKIIRLLF')  global_best=4.3043 log2  τ=1.98  β=0.099
Ep  22/2000  reward=+0.0000 log2  ep_best=4.3043 log2 ('KTLKIIRLLF')  global_best=4.3043 log2  τ=1.98  β=0.099
Ep  23/2000  reward=+0.0000 log2  ep_best=4.3043 log2 ('KTLKIIRLLF')  global_best=4.3043 log2  τ=1.98  β=0.099
Ep  24/2000  reward=+0.0000 log2  ep_best=4.3043 log2 ('KTLKIIRLLF')  global_best=4.3043 log2  τ=1.98  β=0.099
Ep  25/2000  reward=+0.0000 log2  ep_best=4.3043 log2 ('KTLKIIRLLF')  global_best=4.3043 log2  τ=1.98  β=0.099
Ep  26/2000  reward=+0.0000 log2  ep_best=4.3043 log2 ('KTLKIIRLLF')  global_best=4.3043 log2  τ=1.98  β=0.099
Ep  27/2000  reward=+0.0000 log2  ep_best=4.3043 log2 ('KTLKIIRLLF')  global_best=4.3043 log2  τ=1.98  β=0.099
Ep  28/2000  reward=+0.0000 log2  ep_best=4.3043 log2 ('KTLKIIRLLF')  global_best=4.3043 log2  τ=1.98  β=0.099
Ep  29/2000  reward=+0.0000 log2  ep_best=4.3043 log2 ('KTLKIIRLLF')  global_best=4.3043 log2  τ=1.97  β=0.099
Ep  30/2000  reward=+0.0000 log2  ep_best=4.3043 log2 ('KTLKIIRLLF')  global_best=4.3043 log2  τ=1.97  β=0.099
Ep  31/2000  reward=+0.0000 log2  ep_best=4.3043 log2 ('KTLKIIRLLF')  global_best=4.3043 log2  τ=1.97  β=0.099
Ep  32/2000  reward=+0.0000 log2  ep_best=4.3043 log2 ('KTLKIIRLLF')  global_best=4.3043 log2  τ=1.97  β=0.099
Ep  33/2000  reward=+0.0000 log2  ep_best=4.3043 log2 ('KTLKIIRLLF')  global_best=4.3043 log2  τ=1.97  β=0.099
Ep  34/2000  reward=+0.0000 log2  ep_best=4.3043 log2 ('KTLKIIRLLF')  global_best=4.3043 log2  τ=1.97  β=0.099
Ep  35/2000  reward=+0.0000 log2  ep_best=4.3043 log2 ('KTLKIIRLLF')  global_best=4.3043 log2  τ=1.97  β=0.098
Ep  36/2000  reward=+0.0000 log2  ep_best=4.3043 log2 ('KTLKIIRLLF')  global_best=4.3043 log2  τ=1.97  β=0.098
Ep  37/2000  reward=+0.0000 log2  ep_best=4.3043 log2 ('KTLKIIRLLF')  global_best=4.3043 log2  τ=1.97  β=0.098
Ep  38/2000  reward=+0.0000 log2  ep_best=4.3043 log2 ('KTLKIIRLLF')  global_best=4.3043 log2  τ=1.97  β=0.098
Ep  39/2000  reward=+0.0000 log2  ep_best=4.3043 log2 ('KTLKIIRLLF')  global_best=4.3043 log2  τ=1.97  β=0.098
Ep  40/2000  reward=+0.0000 log2  ep_best=4.3043 log2 ('KTLKIIRLLF')  global_best=4.3043 log2  τ=1.96  β=0.098
Ep  41/2000  reward=+0.0000 log2  ep_best=4.3043 log2 ('KTLKIIRLLF')  global_best=4.3043 log2  τ=1.96  β=0.098
Ep  42/2000  reward=+0.0000 log2  ep_best=4.3043 log2 ('KTLKIIRLLF')  global_best=4.3043 log2  τ=1.96  β=0.098
Ep  43/2000  reward=+0.0000 log2  ep_best=4.3043 log2 ('KTLKIIRLLF')  global_best=4.3043 log2  τ=1.96  β=0.098
Ep  44/2000  reward=+0.0000 log2  ep_best=4.3043 log2 ('KTLKIIRLLF')  global_best=4.3043 log2  τ=1.96  β=0.098
Ep  45/2000  reward=+0.0000 log2  ep_best=4.3043 log2 ('KTLKIIRLLF')  global_best=4.3043 log2  τ=1.96  β=0.098
Ep  46/2000  reward=+0.0000 log2  ep_best=4.3043 log2 ('KTLKIIRLLF')  global_best=4.3043 log2  τ=1.96  β=0.098
Ep  47/2000  reward=+0.0000 log2  ep_best=4.3043 log2 ('KTLKIIRLLF')  global_best=4.3043 log2  τ=1.96  β=0.098
Ep  48/2000  reward=+0.0000 log2  ep_best=4.3043 log2 ('KTLKIIRLLF')  global_best=4.3043 log2  τ=1.96  β=0.098
Ep  49/2000  reward=+0.0000 log2  ep_best=4.3043 log2 ('KTLKIIRLLF')  global_best=4.3043 log2  τ=1.96  β=0.098
Ep  50/2000  reward=+0.0000 log2  ep_best=4.3043 log2 ('KTLKIIRLLF')  global_best=4.3043 log2  τ=1.96  β=0.098
Ep  51/2000  reward=+0.0000 log2  ep_best=4.3043 log2 ('KTLKIIRLLF')  global_best=4.3043 log2  τ=1.95  β=0.098
Ep  52/2000  reward=+0.0000 log2  ep_best=4.3043 log2 ('KTLKIIRLLF')  global_best=4.3043 log2  τ=1.95  β=0.098
Ep  53/2000  reward=+0.0000 log2  ep_best=4.3043 log2 ('KTLKIIRLLF')  global_best=4.3043 log2  τ=1.95  β=0.098
Ep  54/2000  reward=+0.0000 log2  ep_best=4.3043 log2 ('KTLKIIRLLF')  global_best=4.3043 log2  τ=1.95  β=0.098
Ep  55/2000  reward=+0.0000 log2  ep_best=4.3043 log2 ('KTLKIIRLLF')  global_best=4.3043 log2  τ=1.95  β=0.098
Ep  56/2000  reward=+0.0000 log2  ep_best=4.3043 log2 ('KTLKIIRLLF')  global_best=4.3043 log2  τ=1.95  β=0.098
Ep  57/2000  reward=+0.0000 log2  ep_best=4.3043 log2 ('KTLKIIRLLF')  global_best=4.3043 log2  τ=1.95  β=0.097
Ep  58/2000  reward=+0.0000 log2  ep_best=4.3043 log2 ('KTLKIIRLLF')  global_best=4.3043 log2  τ=1.95  β=0.097
Ep  59/2000  reward=+0.0000 log2  ep_best=4.3043 log2 ('KTLKIIRLLF')  global_best=4.3043 log2  τ=1.95  β=0.097
Ep  60/2000  reward=+0.0000 log2  ep_best=4.3043 log2 ('KTLKIIRLLF')  global_best=4.3043 log2  τ=1.95  β=0.097
Ep  61/2000  reward=+0.0000 log2  ep_best=4.3043 log2 ('KTLKIIRLLF')  global_best=4.3043 log2  τ=1.95  β=0.097
Ep  62/2000  reward=+0.0000 log2  ep_best=4.3043 log2 ('KTLKIIRLLF')  global_best=4.3043 log2  τ=1.95  β=0.097
Ep  63/2000  reward=+0.0000 log2  ep_best=4.3043 log2 ('KTLKIIRLLF')  global_best=4.3043 log2  τ=1.94  β=0.097
Ep  64/2000  reward=+0.0000 log2  ep_best=4.3043 log2 ('KTLKIIRLLF')  global_best=4.3043 log2  τ=1.94  β=0.097
Ep  65/2000  reward=+0.0000 log2  ep_best=4.3043 log2 ('KTLKIIRLLF')  global_best=4.3043 log2  τ=1.94  β=0.097
Ep  66/2000  reward=+0.0000 log2  ep_best=4.3043 log2 ('KTLKIIRLLF')  global_best=4.3043 log2  τ=1.94  β=0.097
Ep  67/2000  reward=+0.0000 log2  ep_best=4.3043 log2 ('KTLKIIRLLF')  global_best=4.3043 log2  τ=1.94  β=0.097
Ep  68/2000  reward=+0.0000 log2  ep_best=4.3043 log2 ('KTLKIIRLLF')  global_best=4.3043 log2  τ=1.94  β=0.097
Ep  69/2000  reward=+0.0000 log2  ep_best=4.3043 log2 ('KTLKIIRLLF')  global_best=4.3043 log2  τ=1.94  β=0.097
Ep  70/2000  reward=+0.0000 log2  ep_best=4.3043 log2 ('KTLKIIRLLF')  global_best=4.3043 log2  τ=1.94  β=0.097
Ep  71/2000  reward=+0.0000 log2  ep_best=4.3043 log2 ('KTLKIIRLLF')  global_best=4.3043 log2  τ=1.94  β=0.097
Ep  72/2000  reward=+0.0000 log2  ep_best=4.3043 log2 ('KTLKIIRLLF')  global_best=4.3043 log2  τ=1.94  β=0.097
Ep  73/2000  reward=+0.0000 log2  ep_best=4.3043 log2 ('KTLKIIRLLF')  global_best=4.3043 log2  τ=1.94  β=0.097
Ep  74/2000  reward=+0.0000 log2  ep_best=4.3043 log2 ('KTLKIIRLLF')  global_best=4.3043 log2  τ=1.93  β=0.097
Ep  75/2000  reward=+0.0000 log2  ep_best=4.3043 log2 ('KTLKIIRLLF')  global_best=4.3043 log2  τ=1.93  β=0.097
Ep  76/2000  reward=+0.0000 log2  ep_best=4.3043 log2 ('KTLKIIRLLF')  global_best=4.3043 log2  τ=1.93  β=0.097
Ep  77/2000  reward=+0.0000 log2  ep_best=4.3043 log2 ('KTLKIIRLLF')  global_best=4.3043 log2  τ=1.93  β=0.097
Ep  78/2000  reward=+0.0000 log2  ep_best=4.3043 log2 ('KTLKIIRLLF')  global_best=4.3043 log2  τ=1.93  β=0.097
Ep  79/2000  reward=+0.0000 log2  ep_best=4.3043 log2 ('KTLKIIRLLF')  global_best=4.3043 log2  τ=1.93  β=0.096
Ep  80/2000  reward=+0.0000 log2  ep_best=4.3043 log2 ('KTLKIIRLLF')  global_best=4.3043 log2  τ=1.93  β=0.096
Ep  81/2000  reward=+0.0000 log2  ep_best=4.3043 log2 ('KTLKIIRLLF')  global_best=4.3043 log2  τ=1.93  β=0.096
Ep  82/2000  reward=+0.0000 log2  ep_best=4.3043 log2 ('KTLKIIRLLF')  global_best=4.3043 log2  τ=1.93  β=0.096
Ep  83/2000  reward=+0.0000 log2  ep_best=4.3043 log2 ('KTLKIIRLLF')  global_best=4.3043 log2  τ=1.93  β=0.096
Ep  84/2000  reward=+0.0000 log2  ep_best=4.3043 log2 ('KTLKIIRLLF')  global_best=4.3043 log2  τ=1.93  β=0.096
Ep  85/2000  reward=+0.0000 log2  ep_best=4.3043 log2 ('KTLKIIRLLF')  global_best=4.3043 log2  τ=1.92  β=0.096
Ep  86/2000  reward=+0.0000 log2  ep_best=4.3043 log2 ('KTLKIIRLLF')  global_best=4.3043 log2  τ=1.92  β=0.096
Ep  87/2000  reward=+0.0000 log2  ep_best=4.3043 log2 ('KTLKIIRLLF')  global_best=4.3043 log2  τ=1.92  β=0.096
Ep  88/2000  reward=+0.0000 log2  ep_best=4.3043 log2 ('KTLKIIRLLF')  global_best=4.3043 log2  τ=1.92  β=0.096
Ep  89/2000  reward=+0.0000 log2  ep_best=4.3043 log2 ('KTLKIIRLLF')  global_best=4.3043 log2  τ=1.92  β=0.096
Ep  90/2000  reward=+0.0000 log2  ep_best=4.3043 log2 ('KTLKIIRLLF')  global_best=4.3043 log2  τ=1.92  β=0.096
Ep  91/2000  reward=+0.0000 log2  ep_best=4.3043 log2 ('KTLKIIRLLF')  global_best=4.3043 log2  τ=1.92  β=0.096
Ep  92/2000  reward=+0.0000 log2  ep_best=4.3043 log2 ('KTLKIIRLLF')  global_best=4.3043 log2  τ=1.92  β=0.096
Ep  93/2000  reward=+0.0000 log2  ep_best=4.3043 log2 ('KTLKIIRLLF')  global_best=4.3043 log2  τ=1.92  β=0.096
Ep  94/2000  reward=+0.0000 log2  ep_best=4.3043 log2 ('KTLKIIRLLF')  global_best=4.3043 log2  τ=1.92  β=0.096
Ep  95/2000  reward=+0.0000 log2  ep_best=4.3043 log2 ('KTLKIIRLLF')  global_best=4.3043 log2  τ=1.92  β=0.096
Ep  96/2000  reward=+0.0000 log2  ep_best=4.3043 log2 ('KTLKIIRLLF')  global_best=4.3043 log2  τ=1.91  β=0.096
Ep  97/2000  reward=+0.0000 log2  ep_best=4.3043 log2 ('KTLKIIRLLF')  global_best=4.3043 log2  τ=1.91  β=0.096
Ep  98/2000  reward=+0.0000 log2  ep_best=4.3043 log2 ('KTLKIIRLLF')  global_best=4.3043 log2  τ=1.91  β=0.096
Ep  99/2000  reward=+0.0000 log2  ep_best=4.3043 log2 ('KTLKIIRLLF')  global_best=4.3043 log2  τ=1.91  β=0.096
Ep 100/2000  reward=+0.0000 log2  ep_best=4.3043 log2 ('KTLKIIRLLF')  global_best=4.3043 log2  τ=1.91  β=0.096
Ep 101/2000  reward=+0.0000 log2  ep_best=4.3043 log2 ('KTLKIIRLLF')  global_best=4.3043 log2  τ=1.91  β=0.095
Ep 102/2000  reward=+0.0000 log2  ep_best=4.3043 log2 ('KTLKIIRLLF')  global_best=4.3043 log2  τ=1.91  β=0.095
Ep 103/2000  reward=+0.0000 log2  ep_best=4.3043 log2 ('KTLKIIRLLF')  global_best=4.3043 log2  τ=1.91  β=0.095
Ep 104/2000  reward=+0.0000 log2  ep_best=4.3043 log2 ('KTLKIIRLLF')  global_best=4.3043 log2  τ=1.91  β=0.095
Ep 105/2000  reward=+0.0000 log2  ep_best=4.3043 log2 ('KTLKIIRLLF')  global_best=4.3043 log2  τ=1.91  β=0.095
Ep 106/2000  reward=+0.0000 log2  ep_best=4.3043 log2 ('KTLKIIRLLF')  global_best=4.3043 log2  τ=1.91  β=0.095
Ep 107/2000  reward=+0.0000 log2  ep_best=4.3043 log2 ('KTLKIIRLLF')  global_best=4.3043 log2  τ=1.90  β=0.095
Ep 108/2000  reward=+0.0000 log2  ep_best=4.3043 log2 ('KTLKIIRLLF')  global_best=4.3043 log2  τ=1.90  β=0.095
Ep 109/2000  reward=+0.0000 log2  ep_best=4.3043 log2 ('KTLKIIRLLF')  global_best=4.3043 log2  τ=1.90  β=0.095
Ep 110/2000  reward=+0.0000 log2  ep_best=4.3043 log2 ('KTLKIIRLLF')  global_best=4.3043 log2  τ=1.90  β=0.095
Ep 111/2000  reward=+0.0000 log2  ep_best=4.3043 log2 ('KTLKIIRLLF')  global_best=4.3043 log2  τ=1.90  β=0.095
Ep 112/2000  reward=+0.0000 log2  ep_best=4.3043 log2 ('KTLKIIRLLF')  global_best=4.3043 log2  τ=1.90  β=0.095
Ep 113/2000  reward=+0.0000 log2  ep_best=4.3043 log2 ('KTLKIIRLLF')  global_best=4.3043 log2  τ=1.90  β=0.095
Ep 114/2000  reward=+0.0000 log2  ep_best=4.3043 log2 ('KTLKIIRLLF')  global_best=4.3043 log2  τ=1.90  β=0.095
Ep 115/2000  reward=+0.0000 log2  ep_best=4.3043 log2 ('KTLKIIRLLF')  global_best=4.3043 log2  τ=1.90  β=0.095
Ep 116/2000  reward=+0.0000 log2  ep_best=4.3043 log2 ('KTLKIIRLLF')  global_best=4.3043 log2  τ=1.90  β=0.095
Ep 117/2000  reward=+0.0000 log2  ep_best=4.3043 log2 ('KTLKIIRLLF')  global_best=4.3043 log2  τ=1.90  β=0.095
Ep 118/2000  reward=+0.0000 log2  ep_best=4.3043 log2 ('KTLKIIRLLF')  global_best=4.3043 log2  τ=1.89  β=0.095
Ep 119/2000  reward=+0.0000 log2  ep_best=4.3043 log2 ('KTLKIIRLLF')  global_best=4.3043 log2  τ=1.89  β=0.095
Ep 120/2000  reward=+0.0000 log2  ep_best=4.3043 log2 ('KTLKIIRLLF')  global_best=4.3043 log2  τ=1.89  β=0.095
Ep 121/2000  reward=+0.0000 log2  ep_best=4.3043 log2 ('KTLKIIRLLF')  global_best=4.3043 log2  τ=1.89  β=0.095
Ep 122/2000  reward=+0.0000 log2  ep_best=4.3043 log2 ('KTLKIIRLLF')  global_best=4.3043 log2  τ=1.89  β=0.095
Ep 123/2000  reward=+0.0000 log2  ep_best=4.3043 log2 ('KTLKIIRLLF')  global_best=4.3043 log2  τ=1.89  β=0.095
Ep 124/2000  reward=+0.0000 log2  ep_best=4.3043 log2 ('KTLKIIRLLF')  global_best=4.3043 log2  τ=1.89  β=0.094
Ep 125/2000  reward=+0.0000 log2  ep_best=4.3043 log2 ('KTLKIIRLLF')  global_best=4.3043 log2  τ=1.89  β=0.094
Ep 126/2000  reward=+0.0000 log2  ep_best=4.3043 log2 ('KTLKIIRLLF')  global_best=4.3043 log2  τ=1.89  β=0.094
Ep 127/2000  reward=+0.0000 log2  ep_best=4.3043 log2 ('KTLKIIRLLF')  global_best=4.3043 log2  τ=1.89  β=0.094
Ep 128/2000  reward=+0.0000 log2  ep_best=4.3043 log2 ('KTLKIIRLLF')  global_best=4.3043 log2  τ=1.89  β=0.094
Ep 129/2000  reward=+0.0000 log2  ep_best=4.3043 log2 ('KTLKIIRLLF')  global_best=4.3043 log2  τ=1.88  β=0.094
Ep 130/2000  reward=+0.0000 log2  ep_best=4.3043 log2 ('KTLKIIRLLF')  global_best=4.3043 log2  τ=1.88  β=0.094
Ep 131/2000  reward=+0.0000 log2  ep_best=4.3043 log2 ('KTLKIIRLLF')  global_best=4.3043 log2  τ=1.88  β=0.094
Ep 132/2000  reward=+0.0000 log2  ep_best=4.3043 log2 ('KTLKIIRLLF')  global_best=4.3043 log2  τ=1.88  β=0.094
Ep 133/2000  reward=+0.0000 log2  ep_best=4.3043 log2 ('KTLKIIRLLF')  global_best=4.3043 log2  τ=1.88  β=0.094
Ep 134/2000  reward=+0.0000 log2  ep_best=4.3043 log2 ('KTLKIIRLLF')  global_best=4.3043 log2  τ=1.88  β=0.094
Ep 135/2000  reward=+0.0000 log2  ep_best=4.3043 log2 ('KTLKIIRLLF')  global_best=4.3043 log2  τ=1.88  β=0.094
Ep 136/2000  reward=+0.0000 log2  ep_best=4.3043 log2 ('KTLKIIRLLF')  global_best=4.3043 log2  τ=1.88  β=0.094
Ep 137/2000  reward=+0.0000 log2  ep_best=4.3043 log2 ('KTLKIIRLLF')  global_best=4.3043 log2  τ=1.88  β=0.094
Ep 138/2000  reward=+0.0000 log2  ep_best=4.3043 log2 ('KTLKIIRLLF')  global_best=4.3043 log2  τ=1.88  β=0.094
Ep 139/2000  reward=+0.0000 log2  ep_best=4.3043 log2 ('KTLKIIRLLF')  global_best=4.3043 log2  τ=1.88  β=0.094
Ep 140/2000  reward=+0.0000 log2  ep_best=4.3043 log2 ('KTLKIIRLLF')  global_best=4.3043 log2  τ=1.87  β=0.094
Ep 141/2000  reward=+0.0000 log2  ep_best=4.3043 log2 ('KTLKIIRLLF')  global_best=4.3043 log2  τ=1.87  β=0.094
Ep 142/2000  reward=+0.0000 log2  ep_best=4.3043 log2 ('KTLKIIRLLF')  global_best=4.3043 log2  τ=1.87  β=0.094
Ep 143/2000  reward=+0.0000 log2  ep_best=4.3043 log2 ('KTLKIIRLLF')  global_best=4.3043 log2  τ=1.87  β=0.094
Ep 144/2000  reward=+0.0000 log2  ep_best=4.3043 log2 ('KTLKIIRLLF')  global_best=4.3043 log2  τ=1.87  β=0.094
Ep 145/2000  reward=+0.0000 log2  ep_best=4.3043 log2 ('KTLKIIRLLF')  global_best=4.3043 log2  τ=1.87  β=0.094
Ep 146/2000  reward=+0.0000 log2  ep_best=4.3043 log2 ('KTLKIIRLLF')  global_best=4.3043 log2  τ=1.87  β=0.093
Ep 147/2000  reward=+0.0000 log2  ep_best=4.3043 log2 ('KTLKIIRLLF')  global_best=4.3043 log2  τ=1.87  β=0.093
Ep 148/2000  reward=+0.0000 log2  ep_best=4.3043 log2 ('KTLKIIRLLF')  global_best=4.3043 log2  τ=1.87  β=0.093
Ep 149/2000  reward=+0.0000 log2  ep_best=4.3043 log2 ('KTLKIIRLLF')  global_best=4.3043 log2  τ=1.87  β=0.093
Ep 150/2000  reward=+0.0000 log2  ep_best=4.3043 log2 ('KTLKIIRLLF')  global_best=4.3043 log2  τ=1.87  β=0.093
Ep 151/2000  reward=+0.0000 log2  ep_best=4.3043 log2 ('KTLKIIRLLF')  global_best=4.3043 log2  τ=1.86  β=0.093
Ep 152/2000  reward=+0.0000 log2  ep_best=4.3043 log2 ('KTLKIIRLLF')  global_best=4.3043 log2  τ=1.86  β=0.093
Ep 153/2000  reward=+0.0000 log2  ep_best=4.3043 log2 ('KTLKIIRLLF')  global_best=4.3043 log2  τ=1.86  β=0.093
Ep 154/2000  reward=+0.0000 log2  ep_best=4.3043 log2 ('KTLKIIRLLF')  global_best=4.3043 log2  τ=1.86  β=0.093
Ep 155/2000  reward=+0.0000 log2  ep_best=4.3043 log2 ('KTLKIIRLLF')  global_best=4.3043 log2  τ=1.86  β=0.093
Ep 156/2000  reward=+0.0000 log2  ep_best=4.3043 log2 ('KTLKIIRLLF')  global_best=4.3043 log2  τ=1.86  β=0.093
Ep 157/2000  reward=+0.0000 log2  ep_best=4.3043 log2 ('KTLKIIRLLF')  global_best=4.3043 log2  τ=1.86  β=0.093
Ep 158/2000  reward=+0.0000 log2  ep_best=4.3043 log2 ('KTLKIIRLLF')  global_best=4.3043 log2  τ=1.86  β=0.093
Ep 159/2000  reward=+0.0000 log2  ep_best=4.3043 log2 ('KTLKIIRLLF')  global_best=4.3043 log2  τ=1.86  β=0.093
Ep 160/2000  reward=+0.0000 log2  ep_best=4.3043 log2 ('KTLKIIRLLF')  global_best=4.3043 log2  τ=1.86  β=0.093
Ep 161/2000  reward=+0.0000 log2  ep_best=4.3043 log2 ('KTLKIIRLLF')  global_best=4.3043 log2  τ=1.86  β=0.093
Ep 162/2000  reward=+0.0000 log2  ep_best=4.3043 log2 ('KTLKIIRLLF')  global_best=4.3043 log2  τ=1.86  β=0.093
Ep 163/2000  reward=+0.0000 log2  ep_best=4.3043 log2 ('KTLKIIRLLF')  global_best=4.3043 log2  τ=1.85  β=0.093
Ep 164/2000  reward=+0.0000 log2  ep_best=4.3043 log2 ('KTLKIIRLLF')  global_best=4.3043 log2  τ=1.85  β=0.093
Ep 165/2000  reward=+0.0000 log2  ep_best=4.3043 log2 ('KTLKIIRLLF')  global_best=4.3043 log2  τ=1.85  β=0.093
Ep 166/2000  reward=+0.0000 log2  ep_best=4.3043 log2 ('KTLKIIRLLF')  global_best=4.3043 log2  τ=1.85  β=0.093
Ep 167/2000  reward=+0.0000 log2  ep_best=4.3043 log2 ('KTLKIIRLLF')  global_best=4.3043 log2  τ=1.85  β=0.093
Ep 168/2000  reward=+0.0000 log2  ep_best=4.3043 log2 ('KTLKIIRLLF')  global_best=4.3043 log2  τ=1.85  β=0.092
Ep 169/2000  reward=+0.0000 log2  ep_best=4.3043 log2 ('KTLKIIRLLF')  global_best=4.3043 log2  τ=1.85  β=0.092
Ep 170/2000  reward=+0.0000 log2  ep_best=4.3043 log2 ('KTLKIIRLLF')  global_best=4.3043 log2  τ=1.85  β=0.092
Ep 171/2000  reward=+0.0000 log2  ep_best=4.3043 log2 ('KTLKIIRLLF')  global_best=4.3043 log2  τ=1.85  β=0.092
Ep 172/2000  reward=+0.0000 log2  ep_best=4.3043 log2 ('KTLKIIRLLF')  global_best=4.3043 log2  τ=1.85  β=0.092
Ep 173/2000  reward=+0.0000 log2  ep_best=4.3043 log2 ('KTLKIIRLLF')  global_best=4.3043 log2  τ=1.85  β=0.092
Ep 174/2000  reward=+0.0000 log2  ep_best=4.3043 log2 ('KTLKIIRLLF')  global_best=4.3043 log2  τ=1.84  β=0.092
Ep 175/2000  reward=+0.0000 log2  ep_best=4.3043 log2 ('KTLKIIRLLF')  global_best=4.3043 log2  τ=1.84  β=0.092
Ep 176/2000  reward=+0.0000 log2  ep_best=4.3043 log2 ('KTLKIIRLLF')  global_best=4.3043 log2  τ=1.84  β=0.092
Ep 177/2000  reward=+0.0000 log2  ep_best=4.3043 log2 ('KTLKIIRLLF')  global_best=4.3043 log2  τ=1.84  β=0.092
Ep 178/2000  reward=+0.0000 log2  ep_best=4.3043 log2 ('KTLKIIRLLF')  global_best=4.3043 log2  τ=1.84  β=0.092
Ep 179/2000  reward=+0.0000 log2  ep_best=4.3043 log2 ('KTLKIIRLLF')  global_best=4.3043 log2  τ=1.84  β=0.092
Ep 180/2000  reward=+0.0000 log2  ep_best=4.3043 log2 ('KTLKIIRLLF')  global_best=4.3043 log2  τ=1.84  β=0.092
Ep 181/2000  reward=+0.0000 log2  ep_best=4.3043 log2 ('KTLKIIRLLF')  global_best=4.3043 log2  τ=1.84  β=0.092
Ep 182/2000  reward=+0.0000 log2  ep_best=4.3043 log2 ('KTLKIIRLLF')  global_best=4.3043 log2  τ=1.84  β=0.092
Ep 183/2000  reward=+0.0000 log2  ep_best=4.3043 log2 ('KTLKIIRLLF')  global_best=4.3043 log2  τ=1.84  β=0.092
Ep 184/2000  reward=+0.0000 log2  ep_best=4.3043 log2 ('KTLKIIRLLF')  global_best=4.3043 log2  τ=1.84  β=0.092
Ep 185/2000  reward=+0.0000 log2  ep_best=4.3043 log2 ('KTLKIIRLLF')  global_best=4.3043 log2  τ=1.83  β=0.092
Ep 186/2000  reward=+0.0000 log2  ep_best=4.3043 log2 ('KTLKIIRLLF')  global_best=4.3043 log2  τ=1.83  β=0.092
Ep 187/2000  reward=+0.0000 log2  ep_best=4.3043 log2 ('KTLKIIRLLF')  global_best=4.3043 log2  τ=1.83  β=0.092
Ep 188/2000  reward=+0.0000 log2  ep_best=4.3043 log2 ('KTLKIIRLLF')  global_best=4.3043 log2  τ=1.83  β=0.092
Ep 189/2000  reward=+0.0000 log2  ep_best=4.3043 log2 ('KTLKIIRLLF')  global_best=4.3043 log2  τ=1.83  β=0.092
Ep 190/2000  reward=+0.0000 log2  ep_best=4.3043 log2 ('KTLKIIRLLF')  global_best=4.3043 log2  τ=1.83  β=0.091
Ep 191/2000  reward=+0.0000 log2  ep_best=4.3043 log2 ('KTLKIIRLLF')  global_best=4.3043 log2  τ=1.83  β=0.091
Ep 192/2000  reward=+0.0000 log2  ep_best=4.3043 log2 ('KTLKIIRLLF')  global_best=4.3043 log2  τ=1.83  β=0.091
Ep 193/2000  reward=+0.0000 log2  ep_best=4.3043 log2 ('KTLKIIRLLF')  global_best=4.3043 log2  τ=1.83  β=0.091
Ep 194/2000  reward=+0.0000 log2  ep_best=4.3043 log2 ('KTLKIIRLLF')  global_best=4.3043 log2  τ=1.83  β=0.091
Ep 195/2000  reward=+0.0000 log2  ep_best=4.3043 log2 ('KTLKIIRLLF')  global_best=4.3043 log2  τ=1.83  β=0.091
Ep 196/2000  reward=+0.0000 log2  ep_best=4.3043 log2 ('KTLKIIRLLF')  global_best=4.3043 log2  τ=1.82  β=0.091
Ep 197/2000  reward=+0.0000 log2  ep_best=4.3043 log2 ('KTLKIIRLLF')  global_best=4.3043 log2  τ=1.82  β=0.091
Ep 198/2000  reward=+0.0000 log2  ep_best=4.3043 log2 ('KTLKIIRLLF')  global_best=4.3043 log2  τ=1.82  β=0.091
Ep 199/2000  reward=+0.0000 log2  ep_best=4.3043 log2 ('KTLKIIRLLF')  global_best=4.3043 log2  τ=1.82  β=0.091
Ep 200/2000  reward=+0.0000 log2  ep_best=4.3043 log2 ('KTLKIIRLLF')  global_best=4.3043 log2  τ=1.82  β=0.091
Ep 201/2000  reward=+0.0000 log2  ep_best=4.3043 log2 ('KTLKIIRLLF')  global_best=4.3043 log2  τ=1.82  β=0.091
Ep 202/2000  reward=+0.0000 log2  ep_best=4.3043 log2 ('KTLKIIRLLF')  global_best=4.3043 log2  τ=1.82  β=0.091
Ep 203/2000  reward=+0.0000 log2  ep_best=4.3043 log2 ('KTLKIIRLLF')  global_best=4.3043 log2  τ=1.82  β=0.091
Ep 204/2000  reward=+0.0000 log2  ep_best=4.3043 log2 ('KTLKIIRLLF')  global_best=4.3043 log2  τ=1.82  β=0.091
Ep 205/2000  reward=+0.0000 log2  ep_best=4.3043 log2 ('KTLKIIRLLF')  global_best=4.3043 log2  τ=1.82  β=0.091
Ep 206/2000  reward=+0.0000 log2  ep_best=4.3043 log2 ('KTLKIIRLLF')  global_best=4.3043 log2  τ=1.82  β=0.091
Ep 207/2000  reward=+0.0000 log2  ep_best=4.3043 log2 ('KTLKIIRLLF')  global_best=4.3043 log2  τ=1.81  β=0.091
Ep 208/2000  reward=+0.0000 log2  ep_best=4.3043 log2 ('KTLKIIRLLF')  global_best=4.3043 log2  τ=1.81  β=0.091
Ep 209/2000  reward=+0.0000 log2  ep_best=4.3043 log2 ('KTLKIIRLLF')  global_best=4.3043 log2  τ=1.81  β=0.091
Ep 210/2000  reward=+0.0000 log2  ep_best=4.3043 log2 ('KTLKIIRLLF')  global_best=4.3043 log2  τ=1.81  β=0.091
Ep 211/2000  reward=+0.0000 log2  ep_best=4.3043 log2 ('KTLKIIRLLF')  global_best=4.3043 log2  τ=1.81  β=0.091
Ep 212/2000  reward=+0.0000 log2  ep_best=4.3043 log2 ('KTLKIIRLLF')  global_best=4.3043 log2  τ=1.81  β=0.091
Ep 213/2000  reward=+0.0000 log2  ep_best=4.3043 log2 ('KTLKIIRLLF')  global_best=4.3043 log2  τ=1.81  β=0.090
Ep 214/2000  reward=+0.0000 log2  ep_best=4.3043 log2 ('KTLKIIRLLF')  global_best=4.3043 log2  τ=1.81  β=0.090
Ep 215/2000  reward=+0.0000 log2  ep_best=4.3043 log2 ('KTLKIIRLLF')  global_best=4.3043 log2  τ=1.81  β=0.090
Ep 216/2000  reward=+0.0000 log2  ep_best=4.3043 log2 ('KTLKIIRLLF')  global_best=4.3043 log2  τ=1.81  β=0.090
Ep 217/2000  reward=+0.0000 log2  ep_best=4.3043 log2 ('KTLKIIRLLF')  global_best=4.3043 log2  τ=1.81  β=0.090
Ep 218/2000  reward=+0.0000 log2  ep_best=4.3043 log2 ('KTLKIIRLLF')  global_best=4.3043 log2  τ=1.80  β=0.090
Ep 219/2000  reward=+0.0000 log2  ep_best=4.3043 log2 ('KTLKIIRLLF')  global_best=4.3043 log2  τ=1.80  β=0.090
Ep 220/2000  reward=+0.0000 log2  ep_best=4.3043 log2 ('KTLKIIRLLF')  global_best=4.3043 log2  τ=1.80  β=0.090
Ep 221/2000  reward=+0.0000 log2  ep_best=4.3043 log2 ('KTLKIIRLLF')  global_best=4.3043 log2  τ=1.80  β=0.090
Ep 222/2000  reward=+0.0000 log2  ep_best=4.3043 log2 ('KTLKIIRLLF')  global_best=4.3043 log2  τ=1.80  β=0.090
Ep 223/2000  reward=+0.0000 log2  ep_best=4.3043 log2 ('KTLKIIRLLF')  global_best=4.3043 log2  τ=1.80  β=0.090
Ep 224/2000  reward=+0.0000 log2  ep_best=4.3043 log2 ('KTLKIIRLLF')  global_best=4.3043 log2  τ=1.80  β=0.090
Ep 225/2000  reward=+0.0000 log2  ep_best=4.3043 log2 ('KTLKIIRLLF')  global_best=4.3043 log2  τ=1.80  β=0.090
Ep 226/2000  reward=+0.0000 log2  ep_best=4.3043 log2 ('KTLKIIRLLF')  global_best=4.3043 log2  τ=1.80  β=0.090
Ep 227/2000  reward=+0.0000 log2  ep_best=4.3043 log2 ('KTLKIIRLLF')  global_best=4.3043 log2  τ=1.80  β=0.090
Ep 228/2000  reward=+0.0000 log2  ep_best=4.3043 log2 ('KTLKIIRLLF')  global_best=4.3043 log2  τ=1.80  β=0.090
Ep 229/2000  reward=+0.0000 log2  ep_best=4.3043 log2 ('KTLKIIRLLF')  global_best=4.3043 log2  τ=1.79  β=0.090
Ep 230/2000  reward=+0.0000 log2  ep_best=4.3043 log2 ('KTLKIIRLLF')  global_best=4.3043 log2  τ=1.79  β=0.090
Ep 231/2000  reward=+0.0000 log2  ep_best=4.3043 log2 ('KTLKIIRLLF')  global_best=4.3043 log2  τ=1.79  β=0.090
Ep 232/2000  reward=+0.0000 log2  ep_best=4.3043 log2 ('KTLKIIRLLF')  global_best=4.3043 log2  τ=1.79  β=0.090
Ep 233/2000  reward=+0.0000 log2  ep_best=4.3043 log2 ('KTLKIIRLLF')  global_best=4.3043 log2  τ=1.79  β=0.090
Ep 234/2000  reward=+0.0000 log2  ep_best=4.3043 log2 ('KTLKIIRLLF')  global_best=4.3043 log2  τ=1.79  β=0.090
Ep 235/2000  reward=+0.0000 log2  ep_best=4.3043 log2 ('KTLKIIRLLF')  global_best=4.3043 log2  τ=1.79  β=0.089
Ep 236/2000  reward=+0.0000 log2  ep_best=4.3043 log2 ('KTLKIIRLLF')  global_best=4.3043 log2  τ=1.79  β=0.089
Ep 237/2000  reward=+0.0000 log2  ep_best=4.3043 log2 ('KTLKIIRLLF')  global_best=4.3043 log2  τ=1.79  β=0.089
Ep 238/2000  reward=+0.0000 log2  ep_best=4.3043 log2 ('KTLKIIRLLF')  global_best=4.3043 log2  τ=1.79  β=0.089
Ep 239/2000  reward=+0.0000 log2  ep_best=4.3043 log2 ('KTLKIIRLLF')  global_best=4.3043 log2  τ=1.79  β=0.089
Ep 240/2000  reward=+0.0000 log2  ep_best=4.3043 log2 ('KTLKIIRLLF')  global_best=4.3043 log2  τ=1.78  β=0.089
Ep 241/2000  reward=+0.0000 log2  ep_best=4.3043 log2 ('KTLKIIRLLF')  global_best=4.3043 log2  τ=1.78  β=0.089
Ep 242/2000  reward=+0.0000 log2  ep_best=4.3043 log2 ('KTLKIIRLLF')  global_best=4.3043 log2  τ=1.78  β=0.089
Ep 243/2000  reward=+0.0000 log2  ep_best=4.3043 log2 ('KTLKIIRLLF')  global_best=4.3043 log2  τ=1.78  β=0.089
Ep 244/2000  reward=+0.0000 log2  ep_best=4.3043 log2 ('KTLKIIRLLF')  global_best=4.3043 log2  τ=1.78  β=0.089
Ep 245/2000  reward=+0.0000 log2  ep_best=4.3043 log2 ('KTLKIIRLLF')  global_best=4.3043 log2  τ=1.78  β=0.089
Ep 246/2000  reward=+0.0000 log2  ep_best=4.3043 log2 ('KTLKIIRLLF')  global_best=4.3043 log2  τ=1.78  β=0.089
Ep 247/2000  reward=+0.0000 log2  ep_best=4.3043 log2 ('KTLKIIRLLF')  global_best=4.3043 log2  τ=1.78  β=0.089
Ep 248/2000  reward=+0.0000 log2  ep_best=4.3043 log2 ('KTLKIIRLLF')  global_best=4.3043 log2  τ=1.78  β=0.089
Ep 249/2000  reward=+0.0000 log2  ep_best=4.3043 log2 ('KTLKIIRLLF')  global_best=4.3043 log2  τ=1.78  β=0.089
Ep 250/2000  reward=+0.0000 log2  ep_best=4.3043 log2 ('KTLKIIRLLF')  global_best=4.3043 log2  τ=1.78  β=0.089
Ep 251/2000  reward=+0.0000 log2  ep_best=4.3043 log2 ('KTLKIIRLLF')  global_best=4.3043 log2  τ=1.77  β=0.089
Ep 252/2000  reward=+0.0000 log2  ep_best=4.3043 log2 ('KTLKIIRLLF')  global_best=4.3043 log2  τ=1.77  β=0.089
Ep 253/2000  reward=+0.0000 log2  ep_best=4.3043 log2 ('KTLKIIRLLF')  global_best=4.3043 log2  τ=1.77  β=0.089
Ep 254/2000  reward=+0.0000 log2  ep_best=4.3043 log2 ('KTLKIIRLLF')  global_best=4.3043 log2  τ=1.77  β=0.089
Ep 255/2000  reward=+0.0000 log2  ep_best=4.3043 log2 ('KTLKIIRLLF')  global_best=4.3043 log2  τ=1.77  β=0.089
Ep 256/2000  reward=+0.0000 log2  ep_best=4.3043 log2 ('KTLKIIRLLF')  global_best=4.3043 log2  τ=1.77  β=0.089
Ep 257/2000  reward=+0.0000 log2  ep_best=4.3043 log2 ('KTLKIIRLLF')  global_best=4.3043 log2  τ=1.77  β=0.088
Ep 258/2000  reward=+0.0000 log2  ep_best=4.3043 log2 ('KTLKIIRLLF')  global_best=4.3043 log2  τ=1.77  β=0.088
Ep 259/2000  reward=+0.0000 log2  ep_best=4.3043 log2 ('KTLKIIRLLF')  global_best=4.3043 log2  τ=1.77  β=0.088
Ep 260/2000  reward=+0.0000 log2  ep_best=4.3043 log2 ('KTLKIIRLLF')  global_best=4.3043 log2  τ=1.77  β=0.088
Ep 261/2000  reward=+0.0000 log2  ep_best=4.3043 log2 ('KTLKIIRLLF')  global_best=4.3043 log2  τ=1.77  β=0.088
Ep 262/2000  reward=+0.0000 log2  ep_best=4.3043 log2 ('KTLKIIRLLF')  global_best=4.3043 log2  τ=1.76  β=0.088
Ep 263/2000  reward=+0.0000 log2  ep_best=4.3043 log2 ('KTLKIIRLLF')  global_best=4.3043 log2  τ=1.76  β=0.088
Ep 264/2000  reward=+0.0000 log2  ep_best=4.3043 log2 ('KTLKIIRLLF')  global_best=4.3043 log2  τ=1.76  β=0.088
Ep 265/2000  reward=+0.0000 log2  ep_best=4.3043 log2 ('KTLKIIRLLF')  global_best=4.3043 log2  τ=1.76  β=0.088
Ep 266/2000  reward=+0.0000 log2  ep_best=4.3043 log2 ('KTLKIIRLLF')  global_best=4.3043 log2  τ=1.76  β=0.088
Ep 267/2000  reward=+0.0000 log2  ep_best=4.3043 log2 ('KTLKIIRLLF')  global_best=4.3043 log2  τ=1.76  β=0.088
Ep 268/2000  reward=+0.0000 log2  ep_best=4.3043 log2 ('KTLKIIRLLF')  global_best=4.3043 log2  τ=1.76  β=0.088
Ep 269/2000  reward=+0.0000 log2  ep_best=4.3043 log2 ('KTLKIIRLLF')  global_best=4.3043 log2  τ=1.76  β=0.088
Ep 270/2000  reward=+0.0000 log2  ep_best=4.3043 log2 ('KTLKIIRLLF')  global_best=4.3043 log2  τ=1.76  β=0.088
Ep 271/2000  reward=+0.0000 log2  ep_best=4.3043 log2 ('KTLKIIRLLF')  global_best=4.3043 log2  τ=1.76  β=0.088
Ep 272/2000  reward=+0.0000 log2  ep_best=4.3043 log2 ('KTLKIIRLLF')  global_best=4.3043 log2  τ=1.76  β=0.088
Ep 273/2000  reward=+0.0000 log2  ep_best=4.3043 log2 ('KTLKIIRLLF')  global_best=4.3043 log2  τ=1.76  β=0.088
Ep 274/2000  reward=+0.0000 log2  ep_best=4.3043 log2 ('KTLKIIRLLF')  global_best=4.3043 log2  τ=1.75  β=0.088
Ep 275/2000  reward=+0.0000 log2  ep_best=4.3043 log2 ('KTLKIIRLLF')  global_best=4.3043 log2  τ=1.75  β=0.088
Ep 276/2000  reward=+0.0000 log2  ep_best=4.3043 log2 ('KTLKIIRLLF')  global_best=4.3043 log2  τ=1.75  β=0.088
Ep 277/2000  reward=+0.0000 log2  ep_best=4.3043 log2 ('KTLKIIRLLF')  global_best=4.3043 log2  τ=1.75  β=0.088
Ep 278/2000  reward=+0.0000 log2  ep_best=4.3043 log2 ('KTLKIIRLLF')  global_best=4.3043 log2  τ=1.75  β=0.088
Ep 279/2000  reward=+0.0000 log2  ep_best=4.3043 log2 ('KTLKIIRLLF')  global_best=4.3043 log2  τ=1.75  β=0.087
Ep 280/2000  reward=+0.0000 log2  ep_best=4.3043 log2 ('KTLKIIRLLF')  global_best=4.3043 log2  τ=1.75  β=0.087
Ep 281/2000  reward=+0.0000 log2  ep_best=4.3043 log2 ('KTLKIIRLLF')  global_best=4.3043 log2  τ=1.75  β=0.087
Ep 282/2000  reward=+0.0000 log2  ep_best=4.3043 log2 ('KTLKIIRLLF')  global_best=4.3043 log2  τ=1.75  β=0.087
Ep 283/2000  reward=+0.0000 log2  ep_best=4.3043 log2 ('KTLKIIRLLF')  global_best=4.3043 log2  τ=1.75  β=0.087
Ep 284/2000  reward=+0.0000 log2  ep_best=4.3043 log2 ('KTLKIIRLLF')  global_best=4.3043 log2  τ=1.75  β=0.087
Ep 285/2000  reward=+0.0000 log2  ep_best=4.3043 log2 ('KTLKIIRLLF')  global_best=4.3043 log2  τ=1.74  β=0.087
Ep 286/2000  reward=+0.0000 log2  ep_best=4.3043 log2 ('KTLKIIRLLF')  global_best=4.3043 log2  τ=1.74  β=0.087
Ep 287/2000  reward=+0.0000 log2  ep_best=4.3043 log2 ('KTLKIIRLLF')  global_best=4.3043 log2  τ=1.74  β=0.087
Ep 288/2000  reward=+0.0000 log2  ep_best=4.3043 log2 ('KTLKIIRLLF')  global_best=4.3043 log2  τ=1.74  β=0.087
Ep 289/2000  reward=+0.0000 log2  ep_best=4.3043 log2 ('KTLKIIRLLF')  global_best=4.3043 log2  τ=1.74  β=0.087
Ep 290/2000  reward=+0.0000 log2  ep_best=4.3043 log2 ('KTLKIIRLLF')  global_best=4.3043 log2  τ=1.74  β=0.087
Ep 291/2000  reward=+0.0000 log2  ep_best=4.3043 log2 ('KTLKIIRLLF')  global_best=4.3043 log2  τ=1.74  β=0.087
Ep 292/2000  reward=+0.0000 log2  ep_best=4.3043 log2 ('KTLKIIRLLF')  global_best=4.3043 log2  τ=1.74  β=0.087
Ep 293/2000  reward=+0.0000 log2  ep_best=4.3043 log2 ('KTLKIIRLLF')  global_best=4.3043 log2  τ=1.74  β=0.087
Ep 294/2000  reward=+0.0000 log2  ep_best=4.3043 log2 ('KTLKIIRLLF')  global_best=4.3043 log2  τ=1.74  β=0.087
Ep 295/2000  reward=+0.0000 log2  ep_best=4.3043 log2 ('KTLKIIRLLF')  global_best=4.3043 log2  τ=1.74  β=0.087
Ep 296/2000  reward=+0.0000 log2  ep_best=4.3043 log2 ('KTLKIIRLLF')  global_best=4.3043 log2  τ=1.73  β=0.087
Ep 297/2000  reward=+0.0000 log2  ep_best=4.3043 log2 ('KTLKIIRLLF')  global_best=4.3043 log2  τ=1.73  β=0.087
Ep 298/2000  reward=+0.0000 log2  ep_best=4.3043 log2 ('KTLKIIRLLF')  global_best=4.3043 log2  τ=1.73  β=0.087
Ep 299/2000  reward=+0.0000 log2  ep_best=4.3043 log2 ('KTLKIIRLLF')  global_best=4.3043 log2  τ=1.73  β=0.087
Ep 300/2000  reward=+0.0000 log2  ep_best=4.3043 log2 ('KTLKIIRLLF')  global_best=4.3043 log2  τ=1.73  β=0.087
Ep 301/2000  reward=+0.0000 log2  ep_best=4.3043 log2 ('KTLKIIRLLF')  global_best=4.3043 log2  τ=1.73  β=0.086
Ep 302/2000  reward=+0.0000 log2  ep_best=4.3043 log2 ('KTLKIIRLLF')  global_best=4.3043 log2  τ=1.73  β=0.086
Ep 303/2000  reward=+0.0000 log2  ep_best=4.3043 log2 ('KTLKIIRLLF')  global_best=4.3043 log2  τ=1.73  β=0.086
Ep 304/2000  reward=+0.0000 log2  ep_best=4.3043 log2 ('KTLKIIRLLF')  global_best=4.3043 log2  τ=1.73  β=0.086
Ep 305/2000  reward=+0.0000 log2  ep_best=4.3043 log2 ('KTLKIIRLLF')  global_best=4.3043 log2  τ=1.73  β=0.086
Ep 306/2000  reward=+0.0000 log2  ep_best=4.3043 log2 ('KTLKIIRLLF')  global_best=4.3043 log2  τ=1.73  β=0.086
Ep 307/2000  reward=+0.0000 log2  ep_best=4.3043 log2 ('KTLKIIRLLF')  global_best=4.3043 log2  τ=1.72  β=0.086
Ep 308/2000  reward=+0.0000 log2  ep_best=4.3043 log2 ('KTLKIIRLLF')  global_best=4.3043 log2  τ=1.72  β=0.086
Ep 309/2000  reward=+0.0000 log2  ep_best=4.3043 log2 ('KTLKIIRLLF')  global_best=4.3043 log2  τ=1.72  β=0.086
Ep 310/2000  reward=+0.0000 log2  ep_best=4.3043 log2 ('KTLKIIRLLF')  global_best=4.3043 log2  τ=1.72  β=0.086
Ep 311/2000  reward=+0.0000 log2  ep_best=4.3043 log2 ('KTLKIIRLLF')  global_best=4.3043 log2  τ=1.72  β=0.086
Ep 312/2000  reward=+0.0000 log2  ep_best=4.3043 log2 ('KTLKIIRLLF')  global_best=4.3043 log2  τ=1.72  β=0.086
Ep 313/2000  reward=+0.0000 log2  ep_best=4.3043 log2 ('KTLKIIRLLF')  global_best=4.3043 log2  τ=1.72  β=0.086
Ep 314/2000  reward=+0.0000 log2  ep_best=4.3043 log2 ('KTLKIIRLLF')  global_best=4.3043 log2  τ=1.72  β=0.086
Ep 315/2000  reward=+0.0000 log2  ep_best=4.3043 log2 ('KTLKIIRLLF')  global_best=4.3043 log2  τ=1.72  β=0.086
Ep 316/2000  reward=+0.0000 log2  ep_best=4.3043 log2 ('KTLKIIRLLF')  global_best=4.3043 log2  τ=1.72  β=0.086
Ep 317/2000  reward=+0.0000 log2  ep_best=4.3043 log2 ('KTLKIIRLLF')  global_best=4.3043 log2  τ=1.72  β=0.086
Ep 318/2000  reward=+0.0000 log2  ep_best=4.3043 log2 ('KTLKIIRLLF')  global_best=4.3043 log2  τ=1.71  β=0.086
Ep 319/2000  reward=+0.0000 log2  ep_best=4.3043 log2 ('KTLKIIRLLF')  global_best=4.3043 log2  τ=1.71  β=0.086
Ep 320/2000  reward=+0.0000 log2  ep_best=4.3043 log2 ('KTLKIIRLLF')  global_best=4.3043 log2  τ=1.71  β=0.086
Ep 321/2000  reward=+0.0000 log2  ep_best=4.3043 log2 ('KTLKIIRLLF')  global_best=4.3043 log2  τ=1.71  β=0.086
Ep 322/2000  reward=+0.0000 log2  ep_best=4.3043 log2 ('KTLKIIRLLF')  global_best=4.3043 log2  τ=1.71  β=0.086
Ep 323/2000  reward=+0.0000 log2  ep_best=4.3043 log2 ('KTLKIIRLLF')  global_best=4.3043 log2  τ=1.71  β=0.086
Ep 324/2000  reward=+0.0000 log2  ep_best=4.3043 log2 ('KTLKIIRLLF')  global_best=4.3043 log2  τ=1.71  β=0.085
Ep 325/2000  reward=+0.0000 log2  ep_best=4.3043 log2 ('KTLKIIRLLF')  global_best=4.3043 log2  τ=1.71  β=0.085
Ep 326/2000  reward=+0.0000 log2  ep_best=4.3043 log2 ('KTLKIIRLLF')  global_best=4.3043 log2  τ=1.71  β=0.085
Ep 327/2000  reward=+0.0000 log2  ep_best=4.3043 log2 ('KTLKIIRLLF')  global_best=4.3043 log2  τ=1.71  β=0.085
Ep 328/2000  reward=+0.0000 log2  ep_best=4.3043 log2 ('KTLKIIRLLF')  global_best=4.3043 log2  τ=1.71  β=0.085
Ep 329/2000  reward=+0.0000 log2  ep_best=4.3043 log2 ('KTLKIIRLLF')  global_best=4.3043 log2  τ=1.70  β=0.085
Ep 330/2000  reward=+0.0000 log2  ep_best=4.3043 log2 ('KTLKIIRLLF')  global_best=4.3043 log2  τ=1.70  β=0.085
Ep 331/2000  reward=+0.0000 log2  ep_best=4.3043 log2 ('KTLKIIRLLF')  global_best=4.3043 log2  τ=1.70  β=0.085
Ep 332/2000  reward=+0.0000 log2  ep_best=4.3043 log2 ('KTLKIIRLLF')  global_best=4.3043 log2  τ=1.70  β=0.085
Ep 333/2000  reward=+0.0000 log2  ep_best=4.3043 log2 ('KTLKIIRLLF')  global_best=4.3043 log2  τ=1.70  β=0.085
Ep 334/2000  reward=+0.0000 log2  ep_best=4.3043 log2 ('KTLKIIRLLF')  global_best=4.3043 log2  τ=1.70  β=0.085
Ep 335/2000  reward=+0.0000 log2  ep_best=4.3043 log2 ('KTLKIIRLLF')  global_best=4.3043 log2  τ=1.70  β=0.085
Ep 336/2000  reward=+0.0000 log2  ep_best=4.3043 log2 ('KTLKIIRLLF')  global_best=4.3043 log2  τ=1.70  β=0.085
Ep 337/2000  reward=+0.0000 log2  ep_best=4.3043 log2 ('KTLKIIRLLF')  global_best=4.3043 log2  τ=1.70  β=0.085
Ep 338/2000  reward=+0.0000 log2  ep_best=4.3043 log2 ('KTLKIIRLLF')  global_best=4.3043 log2  τ=1.70  β=0.085
Ep 339/2000  reward=+0.0000 log2  ep_best=4.3043 log2 ('KTLKIIRLLF')  global_best=4.3043 log2  τ=1.70  β=0.085
Ep 340/2000  reward=+0.0000 log2  ep_best=4.3043 log2 ('KTLKIIRLLF')  global_best=4.3043 log2  τ=1.69  β=0.085
Ep 341/2000  reward=+0.0000 log2  ep_best=4.3043 log2 ('KTLKIIRLLF')  global_best=4.3043 log2  τ=1.69  β=0.085
Ep 342/2000  reward=+0.0000 log2  ep_best=4.3043 log2 ('KTLKIIRLLF')  global_best=4.3043 log2  τ=1.69  β=0.085
Ep 343/2000  reward=+0.0000 log2  ep_best=4.3043 log2 ('KTLKIIRLLF')  global_best=4.3043 log2  τ=1.69  β=0.085
Ep 344/2000  reward=+0.0000 log2  ep_best=4.3043 log2 ('KTLKIIRLLF')  global_best=4.3043 log2  τ=1.69  β=0.085
Ep 345/2000  reward=+0.0000 log2  ep_best=4.3043 log2 ('KTLKIIRLLF')  global_best=4.3043 log2  τ=1.69  β=0.085
Ep 346/2000  reward=+0.0000 log2  ep_best=4.3043 log2 ('KTLKIIRLLF')  global_best=4.3043 log2  τ=1.69  β=0.084
Ep 347/2000  reward=+0.0000 log2  ep_best=4.3043 log2 ('KTLKIIRLLF')  global_best=4.3043 log2  τ=1.69  β=0.084
Ep 348/2000  reward=+0.0000 log2  ep_best=4.3043 log2 ('KTLKIIRLLF')  global_best=4.3043 log2  τ=1.69  β=0.084
Ep 349/2000  reward=+0.0000 log2  ep_best=4.3043 log2 ('KTLKIIRLLF')  global_best=4.3043 log2  τ=1.69  β=0.084
Ep 350/2000  reward=+0.0000 log2  ep_best=4.3043 log2 ('KTLKIIRLLF')  global_best=4.3043 log2  τ=1.69  β=0.084
Ep 351/2000  reward=+0.0000 log2  ep_best=4.3043 log2 ('KTLKIIRLLF')  global_best=4.3043 log2  τ=1.68  β=0.084
Ep 352/2000  reward=+0.0000 log2  ep_best=4.3043 log2 ('KTLKIIRLLF')  global_best=4.3043 log2  τ=1.68  β=0.084
Ep 353/2000  reward=+0.0000 log2  ep_best=4.3043 log2 ('KTLKIIRLLF')  global_best=4.3043 log2  τ=1.68  β=0.084
Ep 354/2000  reward=+0.0000 log2  ep_best=4.3043 log2 ('KTLKIIRLLF')  global_best=4.3043 log2  τ=1.68  β=0.084
Ep 355/2000  reward=+0.0000 log2  ep_best=4.3043 log2 ('KTLKIIRLLF')  global_best=4.3043 log2  τ=1.68  β=0.084
Ep 356/2000  reward=+0.0000 log2  ep_best=4.3043 log2 ('KTLKIIRLLF')  global_best=4.3043 log2  τ=1.68  β=0.084
Ep 357/2000  reward=+0.0000 log2  ep_best=4.3043 log2 ('KTLKIIRLLF')  global_best=4.3043 log2  τ=1.68  β=0.084
Ep 358/2000  reward=+0.0000 log2  ep_best=4.3043 log2 ('KTLKIIRLLF')  global_best=4.3043 log2  τ=1.68  β=0.084
Ep 359/2000  reward=+0.0000 log2  ep_best=4.3043 log2 ('KTLKIIRLLF')  global_best=4.3043 log2  τ=1.68  β=0.084
Ep 360/2000  reward=+0.0000 log2  ep_best=4.3043 log2 ('KTLKIIRLLF')  global_best=4.3043 log2  τ=1.68  β=0.084
Ep 361/2000  reward=+0.0000 log2  ep_best=4.3043 log2 ('KTLKIIRLLF')  global_best=4.3043 log2  τ=1.68  β=0.084
Ep 362/2000  reward=+0.0000 log2  ep_best=4.3043 log2 ('KTLKIIRLLF')  global_best=4.3043 log2  τ=1.67  β=0.084
Ep 363/2000  reward=+0.0000 log2  ep_best=4.3043 log2 ('KTLKIIRLLF')  global_best=4.3043 log2  τ=1.67  β=0.084
Ep 364/2000  reward=+0.0000 log2  ep_best=4.3043 log2 ('KTLKIIRLLF')  global_best=4.3043 log2  τ=1.67  β=0.084
Ep 365/2000  reward=+0.0000 log2  ep_best=4.3043 log2 ('KTLKIIRLLF')  global_best=4.3043 log2  τ=1.67  β=0.084
Ep 366/2000  reward=+0.0000 log2  ep_best=4.3043 log2 ('KTLKIIRLLF')  global_best=4.3043 log2  τ=1.67  β=0.084
Ep 367/2000  reward=+0.0000 log2  ep_best=4.3043 log2 ('KTLKIIRLLF')  global_best=4.3043 log2  τ=1.67  β=0.084
Ep 368/2000  reward=+0.0000 log2  ep_best=4.3043 log2 ('KTLKIIRLLF')  global_best=4.3043 log2  τ=1.67  β=0.083
Ep 369/2000  reward=+0.0000 log2  ep_best=4.3043 log2 ('KTLKIIRLLF')  global_best=4.3043 log2  τ=1.67  β=0.083
Ep 370/2000  reward=+0.0000 log2  ep_best=4.3043 log2 ('KTLKIIRLLF')  global_best=4.3043 log2  τ=1.67  β=0.083
Ep 371/2000  reward=+0.0000 log2  ep_best=4.3043 log2 ('KTLKIIRLLF')  global_best=4.3043 log2  τ=1.67  β=0.083
Ep 372/2000  reward=+0.0000 log2  ep_best=4.3043 log2 ('KTLKIIRLLF')  global_best=4.3043 log2  τ=1.67  β=0.083
Ep 373/2000  reward=+0.0000 log2  ep_best=4.3043 log2 ('KTLKIIRLLF')  global_best=4.3043 log2  τ=1.67  β=0.083
Ep 374/2000  reward=+0.0000 log2  ep_best=4.3043 log2 ('KTLKIIRLLF')  global_best=4.3043 log2  τ=1.66  β=0.083
Ep 375/2000  reward=+0.0000 log2  ep_best=4.3043 log2 ('KTLKIIRLLF')  global_best=4.3043 log2  τ=1.66  β=0.083
Ep 376/2000  reward=+0.0000 log2  ep_best=4.3043 log2 ('KTLKIIRLLF')  global_best=4.3043 log2  τ=1.66  β=0.083
Ep 377/2000  reward=+0.0000 log2  ep_best=4.3043 log2 ('KTLKIIRLLF')  global_best=4.3043 log2  τ=1.66  β=0.083
Ep 378/2000  reward=+0.0000 log2  ep_best=4.3043 log2 ('KTLKIIRLLF')  global_best=4.3043 log2  τ=1.66  β=0.083
Ep 379/2000  reward=+0.0000 log2  ep_best=4.3043 log2 ('KTLKIIRLLF')  global_best=4.3043 log2  τ=1.66  β=0.083
Ep 380/2000  reward=+0.0000 log2  ep_best=4.3043 log2 ('KTLKIIRLLF')  global_best=4.3043 log2  τ=1.66  β=0.083
Ep 381/2000  reward=+0.0000 log2  ep_best=4.3043 log2 ('KTLKIIRLLF')  global_best=4.3043 log2  τ=1.66  β=0.083
Ep 382/2000  reward=+0.0000 log2  ep_best=4.3043 log2 ('KTLKIIRLLF')  global_best=4.3043 log2  τ=1.66  β=0.083
Ep 383/2000  reward=+0.0000 log2  ep_best=4.3043 log2 ('KTLKIIRLLF')  global_best=4.3043 log2  τ=1.66  β=0.083
Ep 384/2000  reward=+0.0000 log2  ep_best=4.3043 log2 ('KTLKIIRLLF')  global_best=4.3043 log2  τ=1.66  β=0.083
Ep 385/2000  reward=+0.0000 log2  ep_best=4.3043 log2 ('KTLKIIRLLF')  global_best=4.3043 log2  τ=1.65  β=0.083
Ep 386/2000  reward=+0.0000 log2  ep_best=4.3043 log2 ('KTLKIIRLLF')  global_best=4.3043 log2  τ=1.65  β=0.083
Ep 387/2000  reward=+0.0000 log2  ep_best=4.3043 log2 ('KTLKIIRLLF')  global_best=4.3043 log2  τ=1.65  β=0.083
Ep 388/2000  reward=+0.0000 log2  ep_best=4.3043 log2 ('KTLKIIRLLF')  global_best=4.3043 log2  τ=1.65  β=0.083
Ep 389/2000  reward=+0.0000 log2  ep_best=4.3043 log2 ('KTLKIIRLLF')  global_best=4.3043 log2  τ=1.65  β=0.083
Ep 390/2000  reward=+0.0000 log2  ep_best=4.3043 log2 ('KTLKIIRLLF')  global_best=4.3043 log2  τ=1.65  β=0.082
Ep 391/2000  reward=+0.0000 log2  ep_best=4.3043 log2 ('KTLKIIRLLF')  global_best=4.3043 log2  τ=1.65  β=0.082
Ep 392/2000  reward=+0.0000 log2  ep_best=4.3043 log2 ('KTLKIIRLLF')  global_best=4.3043 log2  τ=1.65  β=0.082
Ep 393/2000  reward=+0.0000 log2  ep_best=4.3043 log2 ('KTLKIIRLLF')  global_best=4.3043 log2  τ=1.65  β=0.082
Ep 394/2000  reward=+0.0000 log2  ep_best=4.3043 log2 ('KTLKIIRLLF')  global_best=4.3043 log2  τ=1.65  β=0.082
Ep 395/2000  reward=+0.0000 log2  ep_best=4.3043 log2 ('KTLKIIRLLF')  global_best=4.3043 log2  τ=1.65  β=0.082
Ep 396/2000  reward=+0.0000 log2  ep_best=4.3043 log2 ('KTLKIIRLLF')  global_best=4.3043 log2  τ=1.64  β=0.082
Ep 397/2000  reward=+0.0000 log2  ep_best=4.3043 log2 ('KTLKIIRLLF')  global_best=4.3043 log2  τ=1.64  β=0.082
Ep 398/2000  reward=+0.0000 log2  ep_best=4.3043 log2 ('KTLKIIRLLF')  global_best=4.3043 log2  τ=1.64  β=0.082
Ep 399/2000  reward=+0.0000 log2  ep_best=4.3043 log2 ('KTLKIIRLLF')  global_best=4.3043 log2  τ=1.64  β=0.082
Ep 400/2000  reward=+0.0000 log2  ep_best=4.3043 log2 ('KTLKIIRLLF')  global_best=4.3043 log2  τ=1.64  β=0.082
Ep 401/2000  reward=+0.0000 log2  ep_best=4.3043 log2 ('KTLKIIRLLF')  global_best=4.3043 log2  τ=1.64  β=0.082
Ep 402/2000  reward=+0.0000 log2  ep_best=4.3043 log2 ('KTLKIIRLLF')  global_best=4.3043 log2  τ=1.64  β=0.082
Ep 403/2000  reward=+0.0000 log2  ep_best=4.3043 log2 ('KTLKIIRLLF')  global_best=4.3043 log2  τ=1.64  β=0.082
Ep 404/2000  reward=+0.0000 log2  ep_best=4.3043 log2 ('KTLKIIRLLF')  global_best=4.3043 log2  τ=1.64  β=0.082
Ep 405/2000  reward=+0.0000 log2  ep_best=4.3043 log2 ('KTLKIIRLLF')  global_best=4.3043 log2  τ=1.64  β=0.082
Ep 406/2000  reward=+0.0000 log2  ep_best=4.3043 log2 ('KTLKIIRLLF')  global_best=4.3043 log2  τ=1.64  β=0.082
Ep 407/2000  reward=+0.0000 log2  ep_best=4.3043 log2 ('KTLKIIRLLF')  global_best=4.3043 log2  τ=1.63  β=0.082
Ep 408/2000  reward=+0.0000 log2  ep_best=4.3043 log2 ('KTLKIIRLLF')  global_best=4.3043 log2  τ=1.63  β=0.082
Ep 409/2000  reward=+0.0000 log2  ep_best=4.3043 log2 ('KTLKIIRLLF')  global_best=4.3043 log2  τ=1.63  β=0.082
Ep 410/2000  reward=+0.0000 log2  ep_best=4.3043 log2 ('KTLKIIRLLF')  global_best=4.3043 log2  τ=1.63  β=0.082
Ep 411/2000  reward=+0.0000 log2  ep_best=4.3043 log2 ('KTLKIIRLLF')  global_best=4.3043 log2  τ=1.63  β=0.082
Ep 412/2000  reward=+0.0000 log2  ep_best=4.3043 log2 ('KTLKIIRLLF')  global_best=4.3043 log2  τ=1.63  β=0.081
Ep 413/2000  reward=+0.0000 log2  ep_best=4.3043 log2 ('KTLKIIRLLF')  global_best=4.3043 log2  τ=1.63  β=0.081
Ep 414/2000  reward=+0.0000 log2  ep_best=4.3043 log2 ('KTLKIIRLLF')  global_best=4.3043 log2  τ=1.63  β=0.081
Ep 415/2000  reward=+0.0000 log2  ep_best=4.3043 log2 ('KTLKIIRLLF')  global_best=4.3043 log2  τ=1.63  β=0.081
Ep 416/2000  reward=+0.0000 log2  ep_best=4.3043 log2 ('KTLKIIRLLF')  global_best=4.3043 log2  τ=1.63  β=0.081
Ep 417/2000  reward=+0.0000 log2  ep_best=4.3043 log2 ('KTLKIIRLLF')  global_best=4.3043 log2  τ=1.63  β=0.081
Ep 418/2000  reward=+0.0000 log2  ep_best=4.3043 log2 ('KTLKIIRLLF')  global_best=4.3043 log2  τ=1.62  β=0.081
Ep 419/2000  reward=+0.0000 log2  ep_best=4.3043 log2 ('KTLKIIRLLF')  global_best=4.3043 log2  τ=1.62  β=0.081
Ep 420/2000  reward=+0.0000 log2  ep_best=4.3043 log2 ('KTLKIIRLLF')  global_best=4.3043 log2  τ=1.62  β=0.081
Ep 421/2000  reward=+0.0000 log2  ep_best=4.3043 log2 ('KTLKIIRLLF')  global_best=4.3043 log2  τ=1.62  β=0.081
Ep 422/2000  reward=+0.0000 log2  ep_best=4.3043 log2 ('KTLKIIRLLF')  global_best=4.3043 log2  τ=1.62  β=0.081
Ep 423/2000  reward=+0.0000 log2  ep_best=4.3043 log2 ('KTLKIIRLLF')  global_best=4.3043 log2  τ=1.62  β=0.081
Ep 424/2000  reward=+0.0000 log2  ep_best=4.3043 log2 ('KTLKIIRLLF')  global_best=4.3043 log2  τ=1.62  β=0.081
Ep 425/2000  reward=+0.0000 log2  ep_best=4.3043 log2 ('KTLKIIRLLF')  global_best=4.3043 log2  τ=1.62  β=0.081
Ep 426/2000  reward=+0.0000 log2  ep_best=4.3043 log2 ('KTLKIIRLLF')  global_best=4.3043 log2  τ=1.62  β=0.081
Ep 427/2000  reward=+0.0000 log2  ep_best=4.3043 log2 ('KTLKIIRLLF')  global_best=4.3043 log2  τ=1.62  β=0.081
Ep 428/2000  reward=+0.0000 log2  ep_best=4.3043 log2 ('KTLKIIRLLF')  global_best=4.3043 log2  τ=1.62  β=0.081
Ep 429/2000  reward=+0.0000 log2  ep_best=4.3043 log2 ('KTLKIIRLLF')  global_best=4.3043 log2  τ=1.61  β=0.081
Ep 430/2000  reward=+0.0000 log2  ep_best=4.3043 log2 ('KTLKIIRLLF')  global_best=4.3043 log2  τ=1.61  β=0.081
Ep 431/2000  reward=+0.0000 log2  ep_best=4.3043 log2 ('KTLKIIRLLF')  global_best=4.3043 log2  τ=1.61  β=0.081
Ep 432/2000  reward=+0.0000 log2  ep_best=4.3043 log2 ('KTLKIIRLLF')  global_best=4.3043 log2  τ=1.61  β=0.081
Ep 433/2000  reward=+0.0000 log2  ep_best=4.3043 log2 ('KTLKIIRLLF')  global_best=4.3043 log2  τ=1.61  β=0.081
Ep 434/2000  reward=+0.0000 log2  ep_best=4.3043 log2 ('KTLKIIRLLF')  global_best=4.3043 log2  τ=1.61  β=0.081
Ep 435/2000  reward=+0.0000 log2  ep_best=4.3043 log2 ('KTLKIIRLLF')  global_best=4.3043 log2  τ=1.61  β=0.080
Ep 436/2000  reward=+0.0000 log2  ep_best=4.3043 log2 ('KTLKIIRLLF')  global_best=4.3043 log2  τ=1.61  β=0.080
Ep 437/2000  reward=+0.0000 log2  ep_best=4.3043 log2 ('KTLKIIRLLF')  global_best=4.3043 log2  τ=1.61  β=0.080
Ep 438/2000  reward=+0.0000 log2  ep_best=4.3043 log2 ('KTLKIIRLLF')  global_best=4.3043 log2  τ=1.61  β=0.080
Ep 439/2000  reward=+0.0000 log2  ep_best=4.3043 log2 ('KTLKIIRLLF')  global_best=4.3043 log2  τ=1.61  β=0.080
Ep 440/2000  reward=+0.0000 log2  ep_best=4.3043 log2 ('KTLKIIRLLF')  global_best=4.3043 log2  τ=1.60  β=0.080
Ep 441/2000  reward=+0.0000 log2  ep_best=4.3043 log2 ('KTLKIIRLLF')  global_best=4.3043 log2  τ=1.60  β=0.080
Ep 442/2000  reward=+0.0000 log2  ep_best=4.3043 log2 ('KTLKIIRLLF')  global_best=4.3043 log2  τ=1.60  β=0.080
Ep 443/2000  reward=+0.0000 log2  ep_best=4.3043 log2 ('KTLKIIRLLF')  global_best=4.3043 log2  τ=1.60  β=0.080
Ep 444/2000  reward=+0.0000 log2  ep_best=4.3043 log2 ('KTLKIIRLLF')  global_best=4.3043 log2  τ=1.60  β=0.080
Ep 445/2000  reward=+0.0000 log2  ep_best=4.3043 log2 ('KTLKIIRLLF')  global_best=4.3043 log2  τ=1.60  β=0.080
Ep 446/2000  reward=+0.0000 log2  ep_best=4.3043 log2 ('KTLKIIRLLF')  global_best=4.3043 log2  τ=1.60  β=0.080
Ep 447/2000  reward=+0.0000 log2  ep_best=4.3043 log2 ('KTLKIIRLLF')  global_best=4.3043 log2  τ=1.60  β=0.080
Ep 448/2000  reward=+0.0000 log2  ep_best=4.3043 log2 ('KTLKIIRLLF')  global_best=4.3043 log2  τ=1.60  β=0.080
Ep 449/2000  reward=+0.0000 log2  ep_best=4.3043 log2 ('KTLKIIRLLF')  global_best=4.3043 log2  τ=1.60  β=0.080
Ep 450/2000  reward=+0.0000 log2  ep_best=4.3043 log2 ('KTLKIIRLLF')  global_best=4.3043 log2  τ=1.60  β=0.080
Ep 451/2000  reward=+0.0000 log2  ep_best=4.3043 log2 ('KTLKIIRLLF')  global_best=4.3043 log2  τ=1.59  β=0.080
Ep 452/2000  reward=+0.0000 log2  ep_best=4.3043 log2 ('KTLKIIRLLF')  global_best=4.3043 log2  τ=1.59  β=0.080
Ep 453/2000  reward=+0.0000 log2  ep_best=4.3043 log2 ('KTLKIIRLLF')  global_best=4.3043 log2  τ=1.59  β=0.080
Ep 454/2000  reward=+0.0000 log2  ep_best=4.3043 log2 ('KTLKIIRLLF')  global_best=4.3043 log2  τ=1.59  β=0.080
Ep 455/2000  reward=+0.0000 log2  ep_best=4.3043 log2 ('KTLKIIRLLF')  global_best=4.3043 log2  τ=1.59  β=0.080
Ep 456/2000  reward=+0.0000 log2  ep_best=4.3043 log2 ('KTLKIIRLLF')  global_best=4.3043 log2  τ=1.59  β=0.080
Ep 457/2000  reward=+0.0000 log2  ep_best=4.3043 log2 ('KTLKIIRLLF')  global_best=4.3043 log2  τ=1.59  β=0.079
Ep 458/2000  reward=+0.0000 log2  ep_best=4.3043 log2 ('KTLKIIRLLF')  global_best=4.3043 log2  τ=1.59  β=0.079
Ep 459/2000  reward=+0.0000 log2  ep_best=4.3043 log2 ('KTLKIIRLLF')  global_best=4.3043 log2  τ=1.59  β=0.079
Ep 460/2000  reward=+0.0000 log2  ep_best=4.3043 log2 ('KTLKIIRLLF')  global_best=4.3043 log2  τ=1.59  β=0.079
Ep 461/2000  reward=+0.0000 log2  ep_best=4.3043 log2 ('KTLKIIRLLF')  global_best=4.3043 log2  τ=1.59  β=0.079
Ep 462/2000  reward=+0.0000 log2  ep_best=4.3043 log2 ('KTLKIIRLLF')  global_best=4.3043 log2  τ=1.58  β=0.079
Ep 463/2000  reward=+0.0000 log2  ep_best=4.3043 log2 ('KTLKIIRLLF')  global_best=4.3043 log2  τ=1.58  β=0.079
Ep 464/2000  reward=+0.0000 log2  ep_best=4.3043 log2 ('KTLKIIRLLF')  global_best=4.3043 log2  τ=1.58  β=0.079
Ep 465/2000  reward=+0.0000 log2  ep_best=4.3043 log2 ('KTLKIIRLLF')  global_best=4.3043 log2  τ=1.58  β=0.079
Ep 466/2000  reward=+0.0000 log2  ep_best=4.3043 log2 ('KTLKIIRLLF')  global_best=4.3043 log2  τ=1.58  β=0.079
Ep 467/2000  reward=+0.0000 log2  ep_best=4.3043 log2 ('KTLKIIRLLF')  global_best=4.3043 log2  τ=1.58  β=0.079
Ep 468/2000  reward=+0.0000 log2  ep_best=4.3043 log2 ('KTLKIIRLLF')  global_best=4.3043 log2  τ=1.58  β=0.079
Ep 469/2000  reward=+0.0000 log2  ep_best=4.3043 log2 ('KTLKIIRLLF')  global_best=4.3043 log2  τ=1.58  β=0.079
Ep 470/2000  reward=+0.0000 log2  ep_best=4.3043 log2 ('KTLKIIRLLF')  global_best=4.3043 log2  τ=1.58  β=0.079
Ep 471/2000  reward=+0.0000 log2  ep_best=4.3043 log2 ('KTLKIIRLLF')  global_best=4.3043 log2  τ=1.58  β=0.079
Ep 472/2000  reward=+0.0000 log2  ep_best=4.3043 log2 ('KTLKIIRLLF')  global_best=4.3043 log2  τ=1.58  β=0.079
Ep 473/2000  reward=+0.0000 log2  ep_best=4.3043 log2 ('KTLKIIRLLF')  global_best=4.3043 log2  τ=1.57  β=0.079
Ep 474/2000  reward=+0.0000 log2  ep_best=4.3043 log2 ('KTLKIIRLLF')  global_best=4.3043 log2  τ=1.57  β=0.079
Ep 475/2000  reward=+0.0000 log2  ep_best=4.3043 log2 ('KTLKIIRLLF')  global_best=4.3043 log2  τ=1.57  β=0.079
Ep 476/2000  reward=+0.0000 log2  ep_best=4.3043 log2 ('KTLKIIRLLF')  global_best=4.3043 log2  τ=1.57  β=0.079
Ep 477/2000  reward=+0.0000 log2  ep_best=4.3043 log2 ('KTLKIIRLLF')  global_best=4.3043 log2  τ=1.57  β=0.079
Ep 478/2000  reward=+0.0000 log2  ep_best=4.3043 log2 ('KTLKIIRLLF')  global_best=4.3043 log2  τ=1.57  β=0.079
Ep 479/2000  reward=+0.0000 log2  ep_best=4.3043 log2 ('KTLKIIRLLF')  global_best=4.3043 log2  τ=1.57  β=0.078
Ep 480/2000  reward=+0.0000 log2  ep_best=4.3043 log2 ('KTLKIIRLLF')  global_best=4.3043 log2  τ=1.57  β=0.078
Ep 481/2000  reward=+0.0000 log2  ep_best=4.3043 log2 ('KTLKIIRLLF')  global_best=4.3043 log2  τ=1.57  β=0.078
Ep 482/2000  reward=+0.0000 log2  ep_best=4.3043 log2 ('KTLKIIRLLF')  global_best=4.3043 log2  τ=1.57  β=0.078
Ep 483/2000  reward=+0.0000 log2  ep_best=4.3043 log2 ('KTLKIIRLLF')  global_best=4.3043 log2  τ=1.57  β=0.078
Ep 484/2000  reward=+0.0000 log2  ep_best=4.3043 log2 ('KTLKIIRLLF')  global_best=4.3043 log2  τ=1.57  β=0.078
Ep 485/2000  reward=+0.0000 log2  ep_best=4.3043 log2 ('KTLKIIRLLF')  global_best=4.3043 log2  τ=1.56  β=0.078
Ep 486/2000  reward=+0.0000 log2  ep_best=4.3043 log2 ('KTLKIIRLLF')  global_best=4.3043 log2  τ=1.56  β=0.078
Ep 487/2000  reward=+0.0000 log2  ep_best=4.3043 log2 ('KTLKIIRLLF')  global_best=4.3043 log2  τ=1.56  β=0.078
Ep 488/2000  reward=+0.0000 log2  ep_best=4.3043 log2 ('KTLKIIRLLF')  global_best=4.3043 log2  τ=1.56  β=0.078
Ep 489/2000  reward=+0.0000 log2  ep_best=4.3043 log2 ('KTLKIIRLLF')  global_best=4.3043 log2  τ=1.56  β=0.078
Ep 490/2000  reward=+0.0000 log2  ep_best=4.3043 log2 ('KTLKIIRLLF')  global_best=4.3043 log2  τ=1.56  β=0.078
Ep 491/2000  reward=+0.0000 log2  ep_best=4.3043 log2 ('KTLKIIRLLF')  global_best=4.3043 log2  τ=1.56  β=0.078
Ep 492/2000  reward=+0.0000 log2  ep_best=4.3043 log2 ('KTLKIIRLLF')  global_best=4.3043 log2  τ=1.56  β=0.078
Ep 493/2000  reward=+0.0000 log2  ep_best=4.3043 log2 ('KTLKIIRLLF')  global_best=4.3043 log2  τ=1.56  β=0.078
Ep 494/2000  reward=+0.0000 log2  ep_best=4.3043 log2 ('KTLKIIRLLF')  global_best=4.3043 log2  τ=1.56  β=0.078
Ep 495/2000  reward=+0.0000 log2  ep_best=4.3043 log2 ('KTLKIIRLLF')  global_best=4.3043 log2  τ=1.56  β=0.078
Ep 496/2000  reward=+0.0000 log2  ep_best=4.3043 log2 ('KTLKIIRLLF')  global_best=4.3043 log2  τ=1.55  β=0.078
Ep 497/2000  reward=+0.0000 log2  ep_best=4.3043 log2 ('KTLKIIRLLF')  global_best=4.3043 log2  τ=1.55  β=0.078
Ep 498/2000  reward=+0.0000 log2  ep_best=4.3043 log2 ('KTLKIIRLLF')  global_best=4.3043 log2  τ=1.55  β=0.078
Ep 499/2000  reward=+0.0000 log2  ep_best=4.3043 log2 ('KTLKIIRLLF')  global_best=4.3043 log2  τ=1.55  β=0.078
Ep 500/2000  reward=+0.0000 log2  ep_best=4.3043 log2 ('KTLKIIRLLF')  global_best=4.3043 log2  τ=1.55  β=0.078
Ep 501/2000  reward=+0.0000 log2  ep_best=4.3043 log2 ('KTLKIIRLLF')  global_best=4.3043 log2  τ=1.55  β=0.077
Ep 502/2000  reward=+0.0000 log2  ep_best=4.3043 log2 ('KTLKIIRLLF')  global_best=4.3043 log2  τ=1.55  β=0.077
Ep 503/2000  reward=+0.0000 log2  ep_best=4.3043 log2 ('KTLKIIRLLF')  global_best=4.3043 log2  τ=1.55  β=0.077
Ep 504/2000  reward=+0.0000 log2  ep_best=4.3043 log2 ('KTLKIIRLLF')  global_best=4.3043 log2  τ=1.55  β=0.077
Ep 505/2000  reward=+0.0000 log2  ep_best=4.3043 log2 ('KTLKIIRLLF')  global_best=4.3043 log2  τ=1.55  β=0.077
Ep 506/2000  reward=+0.0000 log2  ep_best=4.3043 log2 ('KTLKIIRLLF')  global_best=4.3043 log2  τ=1.55  β=0.077
Ep 507/2000  reward=+0.0000 log2  ep_best=4.3043 log2 ('KTLKIIRLLF')  global_best=4.3043 log2  τ=1.54  β=0.077
Ep 508/2000  reward=+0.0000 log2  ep_best=4.3043 log2 ('KTLKIIRLLF')  global_best=4.3043 log2  τ=1.54  β=0.077
Ep 509/2000  reward=+0.0000 log2  ep_best=4.3043 log2 ('KTLKIIRLLF')  global_best=4.3043 log2  τ=1.54  β=0.077
Ep 510/2000  reward=+0.0000 log2  ep_best=4.3043 log2 ('KTLKIIRLLF')  global_best=4.3043 log2  τ=1.54  β=0.077
Ep 511/2000  reward=+0.0000 log2  ep_best=4.3043 log2 ('KTLKIIRLLF')  global_best=4.3043 log2  τ=1.54  β=0.077
Ep 512/2000  reward=+0.0000 log2  ep_best=4.3043 log2 ('KTLKIIRLLF')  global_best=4.3043 log2  τ=1.54  β=0.077
Ep 513/2000  reward=+0.0000 log2  ep_best=4.3043 log2 ('KTLKIIRLLF')  global_best=4.3043 log2  τ=1.54  β=0.077
Ep 514/2000  reward=+0.0000 log2  ep_best=4.3043 log2 ('KTLKIIRLLF')  global_best=4.3043 log2  τ=1.54  β=0.077
Ep 515/2000  reward=+0.0000 log2  ep_best=4.3043 log2 ('KTLKIIRLLF')  global_best=4.3043 log2  τ=1.54  β=0.077
Ep 516/2000  reward=+0.0000 log2  ep_best=4.3043 log2 ('KTLKIIRLLF')  global_best=4.3043 log2  τ=1.54  β=0.077
Ep 517/2000  reward=+0.0000 log2  ep_best=4.3043 log2 ('KTLKIIRLLF')  global_best=4.3043 log2  τ=1.54  β=0.077
Ep 518/2000  reward=+0.0000 log2  ep_best=4.3043 log2 ('KTLKIIRLLF')  global_best=4.3043 log2  τ=1.53  β=0.077
Ep 519/2000  reward=+0.0000 log2  ep_best=4.3043 log2 ('KTLKIIRLLF')  global_best=4.3043 log2  τ=1.53  β=0.077
Ep 520/2000  reward=+0.0000 log2  ep_best=4.3043 log2 ('KTLKIIRLLF')  global_best=4.3043 log2  τ=1.53  β=0.077
Ep 521/2000  reward=+0.0000 log2  ep_best=4.3043 log2 ('KTLKIIRLLF')  global_best=4.3043 log2  τ=1.53  β=0.077
Ep 522/2000  reward=+0.0000 log2  ep_best=4.3043 log2 ('KTLKIIRLLF')  global_best=4.3043 log2  τ=1.53  β=0.077
Ep 523/2000  reward=+0.0000 log2  ep_best=4.3043 log2 ('KTLKIIRLLF')  global_best=4.3043 log2  τ=1.53  β=0.076
Ep 524/2000  reward=+0.0000 log2  ep_best=4.3043 log2 ('KTLKIIRLLF')  global_best=4.3043 log2  τ=1.53  β=0.076
Ep 525/2000  reward=+0.0000 log2  ep_best=4.3043 log2 ('KTLKIIRLLF')  global_best=4.3043 log2  τ=1.53  β=0.076
Ep 526/2000  reward=+0.0000 log2  ep_best=4.3043 log2 ('KTLKIIRLLF')  global_best=4.3043 log2  τ=1.53  β=0.076
Ep 527/2000  reward=+0.0000 log2  ep_best=4.3043 log2 ('KTLKIIRLLF')  global_best=4.3043 log2  τ=1.53  β=0.076
Ep 528/2000  reward=+0.0000 log2  ep_best=4.3043 log2 ('KTLKIIRLLF')  global_best=4.3043 log2  τ=1.53  β=0.076
Ep 529/2000  reward=+0.0000 log2  ep_best=4.3043 log2 ('KTLKIIRLLF')  global_best=4.3043 log2  τ=1.52  β=0.076
Ep 530/2000  reward=+0.0000 log2  ep_best=4.3043 log2 ('KTLKIIRLLF')  global_best=4.3043 log2  τ=1.52  β=0.076
Ep 531/2000  reward=+0.0000 log2  ep_best=4.3043 log2 ('KTLKIIRLLF')  global_best=4.3043 log2  τ=1.52  β=0.076
Ep 532/2000  reward=+0.0000 log2  ep_best=4.3043 log2 ('KTLKIIRLLF')  global_best=4.3043 log2  τ=1.52  β=0.076
Ep 533/2000  reward=+0.0000 log2  ep_best=4.3043 log2 ('KTLKIIRLLF')  global_best=4.3043 log2  τ=1.52  β=0.076
Ep 534/2000  reward=+0.0000 log2  ep_best=4.3043 log2 ('KTLKIIRLLF')  global_best=4.3043 log2  τ=1.52  β=0.076
Ep 535/2000  reward=+0.0000 log2  ep_best=4.3043 log2 ('KTLKIIRLLF')  global_best=4.3043 log2  τ=1.52  β=0.076
Ep 536/2000  reward=+0.0000 log2  ep_best=4.3043 log2 ('KTLKIIRLLF')  global_best=4.3043 log2  τ=1.52  β=0.076
Ep 537/2000  reward=+0.0000 log2  ep_best=4.3043 log2 ('KTLKIIRLLF')  global_best=4.3043 log2  τ=1.52  β=0.076
Ep 538/2000  reward=+0.0000 log2  ep_best=4.3043 log2 ('KTLKIIRLLF')  global_best=4.3043 log2  τ=1.52  β=0.076
Ep 539/2000  reward=+0.0000 log2  ep_best=4.3043 log2 ('KTLKIIRLLF')  global_best=4.3043 log2  τ=1.52  β=0.076
Ep 540/2000  reward=+0.0000 log2  ep_best=4.3043 log2 ('KTLKIIRLLF')  global_best=4.3043 log2  τ=1.51  β=0.076
Ep 541/2000  reward=+0.0000 log2  ep_best=4.3043 log2 ('KTLKIIRLLF')  global_best=4.3043 log2  τ=1.51  β=0.076
Ep 542/2000  reward=+0.0000 log2  ep_best=4.3043 log2 ('KTLKIIRLLF')  global_best=4.3043 log2  τ=1.51  β=0.076
Ep 543/2000  reward=+0.0000 log2  ep_best=4.3043 log2 ('KTLKIIRLLF')  global_best=4.3043 log2  τ=1.51  β=0.076
Ep 544/2000  reward=+0.0000 log2  ep_best=4.3043 log2 ('KTLKIIRLLF')  global_best=4.3043 log2  τ=1.51  β=0.076
Ep 545/2000  reward=+0.0000 log2  ep_best=4.3043 log2 ('KTLKIIRLLF')  global_best=4.3043 log2  τ=1.51  β=0.076
Ep 546/2000  reward=+0.0000 log2  ep_best=4.3043 log2 ('KTLKIIRLLF')  global_best=4.3043 log2  τ=1.51  β=0.075
Ep 547/2000  reward=+0.0000 log2  ep_best=4.3043 log2 ('KTLKIIRLLF')  global_best=4.3043 log2  τ=1.51  β=0.075
Ep 548/2000  reward=+0.0000 log2  ep_best=4.3043 log2 ('KTLKIIRLLF')  global_best=4.3043 log2  τ=1.51  β=0.075
Ep 549/2000  reward=+0.0000 log2  ep_best=4.3043 log2 ('KTLKIIRLLF')  global_best=4.3043 log2  τ=1.51  β=0.075
Ep 550/2000  reward=+0.0000 log2  ep_best=4.3043 log2 ('KTLKIIRLLF')  global_best=4.3043 log2  τ=1.51  β=0.075
Ep 551/2000  reward=+0.0000 log2  ep_best=4.3043 log2 ('KTLKIIRLLF')  global_best=4.3043 log2  τ=1.50  β=0.075
Ep 552/2000  reward=+0.0000 log2  ep_best=4.3043 log2 ('KTLKIIRLLF')  global_best=4.3043 log2  τ=1.50  β=0.075
Ep 553/2000  reward=+0.0000 log2  ep_best=4.3043 log2 ('KTLKIIRLLF')  global_best=4.3043 log2  τ=1.50  β=0.075
Ep 554/2000  reward=+0.0000 log2  ep_best=4.3043 log2 ('KTLKIIRLLF')  global_best=4.3043 log2  τ=1.50  β=0.075
Ep 555/2000  reward=+0.0000 log2  ep_best=4.3043 log2 ('KTLKIIRLLF')  global_best=4.3043 log2  τ=1.50  β=0.075
Ep 556/2000  reward=+0.0000 log2  ep_best=4.3043 log2 ('KTLKIIRLLF')  global_best=4.3043 log2  τ=1.50  β=0.075
Ep 557/2000  reward=+0.0000 log2  ep_best=4.3043 log2 ('KTLKIIRLLF')  global_best=4.3043 log2  τ=1.50  β=0.075
Ep 558/2000  reward=+0.0000 log2  ep_best=4.3043 log2 ('KTLKIIRLLF')  global_best=4.3043 log2  τ=1.50  β=0.075
Ep 559/2000  reward=+0.0000 log2  ep_best=4.3043 log2 ('KTLKIIRLLF')  global_best=4.3043 log2  τ=1.50  β=0.075
Ep 560/2000  reward=+0.0000 log2  ep_best=4.3043 log2 ('KTLKIIRLLF')  global_best=4.3043 log2  τ=1.50  β=0.075
Ep 561/2000  reward=+0.0000 log2  ep_best=4.3043 log2 ('KTLKIIRLLF')  global_best=4.3043 log2  τ=1.50  β=0.075
Ep 562/2000  reward=+0.0000 log2  ep_best=4.3043 log2 ('KTLKIIRLLF')  global_best=4.3043 log2  τ=1.49  β=0.075
Ep 563/2000  reward=+0.0000 log2  ep_best=4.3043 log2 ('KTLKIIRLLF')  global_best=4.3043 log2  τ=1.49  β=0.075
Ep 564/2000  reward=+0.0000 log2  ep_best=4.3043 log2 ('KTLKIIRLLF')  global_best=4.3043 log2  τ=1.49  β=0.075
Ep 565/2000  reward=+0.0000 log2  ep_best=4.3043 log2 ('KTLKIIRLLF')  global_best=4.3043 log2  τ=1.49  β=0.075
Ep 566/2000  reward=+0.0000 log2  ep_best=4.3043 log2 ('KTLKIIRLLF')  global_best=4.3043 log2  τ=1.49  β=0.075
Ep 567/2000  reward=+0.0000 log2  ep_best=4.3043 log2 ('KTLKIIRLLF')  global_best=4.3043 log2  τ=1.49  β=0.075
Ep 568/2000  reward=+0.0000 log2  ep_best=4.3043 log2 ('KTLKIIRLLF')  global_best=4.3043 log2  τ=1.49  β=0.074
Ep 569/2000  reward=+0.0000 log2  ep_best=4.3043 log2 ('KTLKIIRLLF')  global_best=4.3043 log2  τ=1.49  β=0.074
Ep 570/2000  reward=+0.0000 log2  ep_best=4.3043 log2 ('KTLKIIRLLF')  global_best=4.3043 log2  τ=1.49  β=0.074
Ep 571/2000  reward=+0.0000 log2  ep_best=4.3043 log2 ('KTLKIIRLLF')  global_best=4.3043 log2  τ=1.49  β=0.074
Ep 572/2000  reward=+0.0000 log2  ep_best=4.3043 log2 ('KTLKIIRLLF')  global_best=4.3043 log2  τ=1.49  β=0.074
Ep 573/2000  reward=+0.0000 log2  ep_best=4.3043 log2 ('KTLKIIRLLF')  global_best=4.3043 log2  τ=1.48  β=0.074
Ep 574/2000  reward=+0.0000 log2  ep_best=4.3043 log2 ('KTLKIIRLLF')  global_best=4.3043 log2  τ=1.48  β=0.074
Ep 575/2000  reward=+0.0000 log2  ep_best=4.3043 log2 ('KTLKIIRLLF')  global_best=4.3043 log2  τ=1.48  β=0.074
Ep 576/2000  reward=+0.0000 log2  ep_best=4.3043 log2 ('KTLKIIRLLF')  global_best=4.3043 log2  τ=1.48  β=0.074
Ep 577/2000  reward=+0.0000 log2  ep_best=4.3043 log2 ('KTLKIIRLLF')  global_best=4.3043 log2  τ=1.48  β=0.074
Ep 578/2000  reward=+0.0000 log2  ep_best=4.3043 log2 ('KTLKIIRLLF')  global_best=4.3043 log2  τ=1.48  β=0.074
Ep 579/2000  reward=+0.0000 log2  ep_best=4.3043 log2 ('KTLKIIRLLF')  global_best=4.3043 log2  τ=1.48  β=0.074
Ep 580/2000  reward=+0.0000 log2  ep_best=4.3043 log2 ('KTLKIIRLLF')  global_best=4.3043 log2  τ=1.48  β=0.074
Ep 581/2000  reward=+0.0000 log2  ep_best=4.3043 log2 ('KTLKIIRLLF')  global_best=4.3043 log2  τ=1.48  β=0.074
Ep 582/2000  reward=+0.0000 log2  ep_best=4.3043 log2 ('KTLKIIRLLF')  global_best=4.3043 log2  τ=1.48  β=0.074
Ep 583/2000  reward=+0.0000 log2  ep_best=4.3043 log2 ('KTLKIIRLLF')  global_best=4.3043 log2  τ=1.48  β=0.074
Ep 584/2000  reward=+0.0000 log2  ep_best=4.3043 log2 ('KTLKIIRLLF')  global_best=4.3043 log2  τ=1.48  β=0.074
Ep 585/2000  reward=+0.0000 log2  ep_best=4.3043 log2 ('KTLKIIRLLF')  global_best=4.3043 log2  τ=1.47  β=0.074
Ep 586/2000  reward=+0.0000 log2  ep_best=4.3043 log2 ('KTLKIIRLLF')  global_best=4.3043 log2  τ=1.47  β=0.074
Ep 587/2000  reward=+0.0000 log2  ep_best=4.3043 log2 ('KTLKIIRLLF')  global_best=4.3043 log2  τ=1.47  β=0.074
Ep 588/2000  reward=+0.0000 log2  ep_best=4.3043 log2 ('KTLKIIRLLF')  global_best=4.3043 log2  τ=1.47  β=0.074
Ep 589/2000  reward=+0.0000 log2  ep_best=4.3043 log2 ('KTLKIIRLLF')  global_best=4.3043 log2  τ=1.47  β=0.074
Ep 590/2000  reward=+0.0000 log2  ep_best=4.3043 log2 ('KTLKIIRLLF')  global_best=4.3043 log2  τ=1.47  β=0.073
Ep 591/2000  reward=+0.0000 log2  ep_best=4.3043 log2 ('KTLKIIRLLF')  global_best=4.3043 log2  τ=1.47  β=0.073
Ep 592/2000  reward=+0.0000 log2  ep_best=4.3043 log2 ('KTLKIIRLLF')  global_best=4.3043 log2  τ=1.47  β=0.073
Ep 593/2000  reward=+0.0000 log2  ep_best=4.3043 log2 ('KTLKIIRLLF')  global_best=4.3043 log2  τ=1.47  β=0.073
Ep 594/2000  reward=+0.0000 log2  ep_best=4.3043 log2 ('KTLKIIRLLF')  global_best=4.3043 log2  τ=1.47  β=0.073
Ep 595/2000  reward=+0.0000 log2  ep_best=4.3043 log2 ('KTLKIIRLLF')  global_best=4.3043 log2  τ=1.47  β=0.073
Ep 596/2000  reward=+0.0000 log2  ep_best=4.3043 log2 ('KTLKIIRLLF')  global_best=4.3043 log2  τ=1.46  β=0.073
Ep 597/2000  reward=+0.0000 log2  ep_best=4.3043 log2 ('KTLKIIRLLF')  global_best=4.3043 log2  τ=1.46  β=0.073
Ep 598/2000  reward=+0.0000 log2  ep_best=4.3043 log2 ('KTLKIIRLLF')  global_best=4.3043 log2  τ=1.46  β=0.073
Ep 599/2000  reward=+0.0000 log2  ep_best=4.3043 log2 ('KTLKIIRLLF')  global_best=4.3043 log2  τ=1.46  β=0.073
Ep 600/2000  reward=+0.0000 log2  ep_best=4.3043 log2 ('KTLKIIRLLF')  global_best=4.3043 log2  τ=1.46  β=0.073
Ep 601/2000  reward=+0.0000 log2  ep_best=4.3043 log2 ('KTLKIIRLLF')  global_best=4.3043 log2  τ=1.46  β=0.073
Ep 602/2000  reward=+0.0000 log2  ep_best=4.3043 log2 ('KTLKIIRLLF')  global_best=4.3043 log2  τ=1.46  β=0.073
Ep 603/2000  reward=+0.0000 log2  ep_best=4.3043 log2 ('KTLKIIRLLF')  global_best=4.3043 log2  τ=1.46  β=0.073
Ep 604/2000  reward=+0.0000 log2  ep_best=4.3043 log2 ('KTLKIIRLLF')  global_best=4.3043 log2  τ=1.46  β=0.073
Ep 605/2000  reward=+0.0000 log2  ep_best=4.3043 log2 ('KTLKIIRLLF')  global_best=4.3043 log2  τ=1.46  β=0.073
Ep 606/2000  reward=+0.0000 log2  ep_best=4.3043 log2 ('KTLKIIRLLF')  global_best=4.3043 log2  τ=1.46  β=0.073
Ep 607/2000  reward=+0.0000 log2  ep_best=4.3043 log2 ('KTLKIIRLLF')  global_best=4.3043 log2  τ=1.45  β=0.073
Ep 608/2000  reward=+0.0000 log2  ep_best=4.3043 log2 ('KTLKIIRLLF')  global_best=4.3043 log2  τ=1.45  β=0.073
Ep 609/2000  reward=+0.0000 log2  ep_best=4.3043 log2 ('KTLKIIRLLF')  global_best=4.3043 log2  τ=1.45  β=0.073
Ep 610/2000  reward=+0.0000 log2  ep_best=4.3043 log2 ('KTLKIIRLLF')  global_best=4.3043 log2  τ=1.45  β=0.073
Ep 611/2000  reward=+0.0000 log2  ep_best=4.3043 log2 ('KTLKIIRLLF')  global_best=4.3043 log2  τ=1.45  β=0.073
Ep 612/2000  reward=+0.0000 log2  ep_best=4.3043 log2 ('KTLKIIRLLF')  global_best=4.3043 log2  τ=1.45  β=0.072
Ep 613/2000  reward=+0.0000 log2  ep_best=4.3043 log2 ('KTLKIIRLLF')  global_best=4.3043 log2  τ=1.45  β=0.072
Ep 614/2000  reward=+0.0000 log2  ep_best=4.3043 log2 ('KTLKIIRLLF')  global_best=4.3043 log2  τ=1.45  β=0.072
Ep 615/2000  reward=+0.0000 log2  ep_best=4.3043 log2 ('KTLKIIRLLF')  global_best=4.3043 log2  τ=1.45  β=0.072
Ep 616/2000  reward=+0.0000 log2  ep_best=4.3043 log2 ('KTLKIIRLLF')  global_best=4.3043 log2  τ=1.45  β=0.072
Ep 617/2000  reward=+0.0000 log2  ep_best=4.3043 log2 ('KTLKIIRLLF')  global_best=4.3043 log2  τ=1.45  β=0.072
Ep 618/2000  reward=+0.0000 log2  ep_best=4.3043 log2 ('KTLKIIRLLF')  global_best=4.3043 log2  τ=1.44  β=0.072
Ep 619/2000  reward=+0.0000 log2  ep_best=4.3043 log2 ('KTLKIIRLLF')  global_best=4.3043 log2  τ=1.44  β=0.072
Ep 620/2000  reward=+0.0000 log2  ep_best=4.3043 log2 ('KTLKIIRLLF')  global_best=4.3043 log2  τ=1.44  β=0.072
Ep 621/2000  reward=+0.0000 log2  ep_best=4.3043 log2 ('KTLKIIRLLF')  global_best=4.3043 log2  τ=1.44  β=0.072
Ep 622/2000  reward=+0.0000 log2  ep_best=4.3043 log2 ('KTLKIIRLLF')  global_best=4.3043 log2  τ=1.44  β=0.072
Ep 623/2000  reward=+0.0000 log2  ep_best=4.3043 log2 ('KTLKIIRLLF')  global_best=4.3043 log2  τ=1.44  β=0.072
Ep 624/2000  reward=+0.0000 log2  ep_best=4.3043 log2 ('KTLKIIRLLF')  global_best=4.3043 log2  τ=1.44  β=0.072
Ep 625/2000  reward=+0.0000 log2  ep_best=4.3043 log2 ('KTLKIIRLLF')  global_best=4.3043 log2  τ=1.44  β=0.072
Ep 626/2000  reward=+0.0000 log2  ep_best=4.3043 log2 ('KTLKIIRLLF')  global_best=4.3043 log2  τ=1.44  β=0.072
Ep 627/2000  reward=+0.0000 log2  ep_best=4.3043 log2 ('KTLKIIRLLF')  global_best=4.3043 log2  τ=1.44  β=0.072
Ep 628/2000  reward=+0.0000 log2  ep_best=4.3043 log2 ('KTLKIIRLLF')  global_best=4.3043 log2  τ=1.44  β=0.072
Ep 629/2000  reward=+0.0000 log2  ep_best=4.3043 log2 ('KTLKIIRLLF')  global_best=4.3043 log2  τ=1.43  β=0.072
Ep 630/2000  reward=+0.0000 log2  ep_best=4.3043 log2 ('KTLKIIRLLF')  global_best=4.3043 log2  τ=1.43  β=0.072
Ep 631/2000  reward=+0.0000 log2  ep_best=4.3043 log2 ('KTLKIIRLLF')  global_best=4.3043 log2  τ=1.43  β=0.072
Ep 632/2000  reward=+0.0000 log2  ep_best=4.3043 log2 ('KTLKIIRLLF')  global_best=4.3043 log2  τ=1.43  β=0.072
Ep 633/2000  reward=+0.0000 log2  ep_best=4.3043 log2 ('KTLKIIRLLF')  global_best=4.3043 log2  τ=1.43  β=0.072
Ep 634/2000  reward=+0.0000 log2  ep_best=4.3043 log2 ('KTLKIIRLLF')  global_best=4.3043 log2  τ=1.43  β=0.072
Ep 635/2000  reward=+0.0000 log2  ep_best=4.3043 log2 ('KTLKIIRLLF')  global_best=4.3043 log2  τ=1.43  β=0.071
Ep 636/2000  reward=+0.0000 log2  ep_best=4.3043 log2 ('KTLKIIRLLF')  global_best=4.3043 log2  τ=1.43  β=0.071
Ep 637/2000  reward=+0.0000 log2  ep_best=4.3043 log2 ('KTLKIIRLLF')  global_best=4.3043 log2  τ=1.43  β=0.071
Ep 638/2000  reward=+0.0000 log2  ep_best=4.3043 log2 ('KTLKIIRLLF')  global_best=4.3043 log2  τ=1.43  β=0.071
Ep 639/2000  reward=+0.0000 log2  ep_best=4.3043 log2 ('KTLKIIRLLF')  global_best=4.3043 log2  τ=1.43  β=0.071
Ep 640/2000  reward=+0.0000 log2  ep_best=4.3043 log2 ('KTLKIIRLLF')  global_best=4.3043 log2  τ=1.42  β=0.071
Ep 641/2000  reward=+0.0000 log2  ep_best=4.3043 log2 ('KTLKIIRLLF')  global_best=4.3043 log2  τ=1.42  β=0.071
Ep 642/2000  reward=+0.0000 log2  ep_best=4.3043 log2 ('KTLKIIRLLF')  global_best=4.3043 log2  τ=1.42  β=0.071
Ep 643/2000  reward=+0.0000 log2  ep_best=4.3043 log2 ('KTLKIIRLLF')  global_best=4.3043 log2  τ=1.42  β=0.071
Ep 644/2000  reward=+0.0000 log2  ep_best=4.3043 log2 ('KTLKIIRLLF')  global_best=4.3043 log2  τ=1.42  β=0.071
Ep 645/2000  reward=+0.0000 log2  ep_best=4.3043 log2 ('KTLKIIRLLF')  global_best=4.3043 log2  τ=1.42  β=0.071
Ep 646/2000  reward=+0.0000 log2  ep_best=4.3043 log2 ('KTLKIIRLLF')  global_best=4.3043 log2  τ=1.42  β=0.071
Ep 647/2000  reward=+0.0000 log2  ep_best=4.3043 log2 ('KTLKIIRLLF')  global_best=4.3043 log2  τ=1.42  β=0.071
Ep 648/2000  reward=+0.0000 log2  ep_best=4.3043 log2 ('KTLKIIRLLF')  global_best=4.3043 log2  τ=1.42  β=0.071
Ep 649/2000  reward=+0.0000 log2  ep_best=4.3043 log2 ('KTLKIIRLLF')  global_best=4.3043 log2  τ=1.42  β=0.071
Ep 650/2000  reward=+0.0000 log2  ep_best=4.3043 log2 ('KTLKIIRLLF')  global_best=4.3043 log2  τ=1.42  β=0.071
Ep 651/2000  reward=+0.0000 log2  ep_best=4.3043 log2 ('KTLKIIRLLF')  global_best=4.3043 log2  τ=1.41  β=0.071
Ep 652/2000  reward=+0.0000 log2  ep_best=4.3043 log2 ('KTLKIIRLLF')  global_best=4.3043 log2  τ=1.41  β=0.071
Ep 653/2000  reward=+0.0000 log2  ep_best=4.3043 log2 ('KTLKIIRLLF')  global_best=4.3043 log2  τ=1.41  β=0.071
Ep 654/2000  reward=+0.0000 log2  ep_best=4.3043 log2 ('KTLKIIRLLF')  global_best=4.3043 log2  τ=1.41  β=0.071
Ep 655/2000  reward=+0.0000 log2  ep_best=4.3043 log2 ('KTLKIIRLLF')  global_best=4.3043 log2  τ=1.41  β=0.071
Ep 656/2000  reward=+0.0000 log2  ep_best=4.3043 log2 ('KTLKIIRLLF')  global_best=4.3043 log2  τ=1.41  β=0.071
Ep 657/2000  reward=+0.0000 log2  ep_best=4.3043 log2 ('KTLKIIRLLF')  global_best=4.3043 log2  τ=1.41  β=0.070
Ep 658/2000  reward=+0.0000 log2  ep_best=4.3043 log2 ('KTLKIIRLLF')  global_best=4.3043 log2  τ=1.41  β=0.070
Ep 659/2000  reward=+0.0000 log2  ep_best=4.3043 log2 ('KTLKIIRLLF')  global_best=4.3043 log2  τ=1.41  β=0.070
Ep 660/2000  reward=+0.0000 log2  ep_best=4.3043 log2 ('KTLKIIRLLF')  global_best=4.3043 log2  τ=1.41  β=0.070
Ep 661/2000  reward=+0.0000 log2  ep_best=4.3043 log2 ('KTLKIIRLLF')  global_best=4.3043 log2  τ=1.41  β=0.070
Ep 662/2000  reward=+0.0000 log2  ep_best=4.3043 log2 ('KTLKIIRLLF')  global_best=4.3043 log2  τ=1.40  β=0.070
Ep 663/2000  reward=+0.0000 log2  ep_best=4.3043 log2 ('KTLKIIRLLF')  global_best=4.3043 log2  τ=1.40  β=0.070
Ep 664/2000  reward=+0.0000 log2  ep_best=4.3043 log2 ('KTLKIIRLLF')  global_best=4.3043 log2  τ=1.40  β=0.070
Ep 665/2000  reward=+0.0000 log2  ep_best=4.3043 log2 ('KTLKIIRLLF')  global_best=4.3043 log2  τ=1.40  β=0.070
Ep 666/2000  reward=+0.0000 log2  ep_best=4.3043 log2 ('KTLKIIRLLF')  global_best=4.3043 log2  τ=1.40  β=0.070
Ep 667/2000  reward=+0.0000 log2  ep_best=4.3043 log2 ('KTLKIIRLLF')  global_best=4.3043 log2  τ=1.40  β=0.070
Ep 668/2000  reward=+0.0000 log2  ep_best=4.3043 log2 ('KTLKIIRLLF')  global_best=4.3043 log2  τ=1.40  β=0.070
Ep 669/2000  reward=+0.0000 log2  ep_best=4.3043 log2 ('KTLKIIRLLF')  global_best=4.3043 log2  τ=1.40  β=0.070
Ep 670/2000  reward=+0.0000 log2  ep_best=4.3043 log2 ('KTLKIIRLLF')  global_best=4.3043 log2  τ=1.40  β=0.070
Ep 671/2000  reward=+0.0000 log2  ep_best=4.3043 log2 ('KTLKIIRLLF')  global_best=4.3043 log2  τ=1.40  β=0.070
Ep 672/2000  reward=+0.0000 log2  ep_best=4.3043 log2 ('KTLKIIRLLF')  global_best=4.3043 log2  τ=1.40  β=0.070
Ep 673/2000  reward=+0.0000 log2  ep_best=4.3043 log2 ('KTLKIIRLLF')  global_best=4.3043 log2  τ=1.39  β=0.070
Ep 674/2000  reward=+0.0000 log2  ep_best=4.3043 log2 ('KTLKIIRLLF')  global_best=4.3043 log2  τ=1.39  β=0.070
Ep 675/2000  reward=+0.0000 log2  ep_best=4.3043 log2 ('KTLKIIRLLF')  global_best=4.3043 log2  τ=1.39  β=0.070
Ep 676/2000  reward=+0.0000 log2  ep_best=4.3043 log2 ('KTLKIIRLLF')  global_best=4.3043 log2  τ=1.39  β=0.070
Ep 677/2000  reward=+0.0000 log2  ep_best=4.3043 log2 ('KTLKIIRLLF')  global_best=4.3043 log2  τ=1.39  β=0.070
Ep 678/2000  reward=+0.0000 log2  ep_best=4.3043 log2 ('KTLKIIRLLF')  global_best=4.3043 log2  τ=1.39  β=0.070
Ep 679/2000  reward=+0.0000 log2  ep_best=4.3043 log2 ('KTLKIIRLLF')  global_best=4.3043 log2  τ=1.39  β=0.069
Ep 680/2000  reward=+0.0000 log2  ep_best=4.3043 log2 ('KTLKIIRLLF')  global_best=4.3043 log2  τ=1.39  β=0.069
Ep 681/2000  reward=+0.0000 log2  ep_best=4.3043 log2 ('KTLKIIRLLF')  global_best=4.3043 log2  τ=1.39  β=0.069
Ep 682/2000  reward=+0.0000 log2  ep_best=4.3043 log2 ('KTLKIIRLLF')  global_best=4.3043 log2  τ=1.39  β=0.069
Ep 683/2000  reward=+0.0000 log2  ep_best=4.3043 log2 ('KTLKIIRLLF')  global_best=4.3043 log2  τ=1.39  β=0.069
Ep 684/2000  reward=+0.0000 log2  ep_best=4.3043 log2 ('KTLKIIRLLF')  global_best=4.3043 log2  τ=1.38  β=0.069
Ep 685/2000  reward=+0.0000 log2  ep_best=4.3043 log2 ('KTLKIIRLLF')  global_best=4.3043 log2  τ=1.38  β=0.069
Ep 686/2000  reward=+0.0000 log2  ep_best=4.3043 log2 ('KTLKIIRLLF')  global_best=4.3043 log2  τ=1.38  β=0.069
Ep 687/2000  reward=+0.0000 log2  ep_best=4.3043 log2 ('KTLKIIRLLF')  global_best=4.3043 log2  τ=1.38  β=0.069
Ep 688/2000  reward=+0.0000 log2  ep_best=4.3043 log2 ('KTLKIIRLLF')  global_best=4.3043 log2  τ=1.38  β=0.069
Ep 689/2000  reward=+0.0000 log2  ep_best=4.3043 log2 ('KTLKIIRLLF')  global_best=4.3043 log2  τ=1.38  β=0.069
Ep 690/2000  reward=+0.0000 log2  ep_best=4.3043 log2 ('KTLKIIRLLF')  global_best=4.3043 log2  τ=1.38  β=0.069
Ep 691/2000  reward=+0.0000 log2  ep_best=4.3043 log2 ('KTLKIIRLLF')  global_best=4.3043 log2  τ=1.38  β=0.069
Ep 692/2000  reward=+0.0000 log2  ep_best=4.3043 log2 ('KTLKIIRLLF')  global_best=4.3043 log2  τ=1.38  β=0.069
Ep 693/2000  reward=+0.0000 log2  ep_best=4.3043 log2 ('KTLKIIRLLF')  global_best=4.3043 log2  τ=1.38  β=0.069
Ep 694/2000  reward=+0.0000 log2  ep_best=4.3043 log2 ('KTLKIIRLLF')  global_best=4.3043 log2  τ=1.38  β=0.069
Ep 695/2000  reward=+0.0000 log2  ep_best=4.3043 log2 ('KTLKIIRLLF')  global_best=4.3043 log2  τ=1.38  β=0.069
Ep 696/2000  reward=+0.0000 log2  ep_best=4.3043 log2 ('KTLKIIRLLF')  global_best=4.3043 log2  τ=1.37  β=0.069
Ep 697/2000  reward=+0.0000 log2  ep_best=4.3043 log2 ('KTLKIIRLLF')  global_best=4.3043 log2  τ=1.37  β=0.069
Ep 698/2000  reward=+0.0000 log2  ep_best=4.3043 log2 ('KTLKIIRLLF')  global_best=4.3043 log2  τ=1.37  β=0.069
Ep 699/2000  reward=+0.0000 log2  ep_best=4.3043 log2 ('KTLKIIRLLF')  global_best=4.3043 log2  τ=1.37  β=0.069
Ep 700/2000  reward=+0.0000 log2  ep_best=4.3043 log2 ('KTLKIIRLLF')  global_best=4.3043 log2  τ=1.37  β=0.069
Ep 701/2000  reward=+0.0000 log2  ep_best=4.3043 log2 ('KTLKIIRLLF')  global_best=4.3043 log2  τ=1.37  β=0.068
Ep 702/2000  reward=+0.0000 log2  ep_best=4.3043 log2 ('KTLKIIRLLF')  global_best=4.3043 log2  τ=1.37  β=0.068
Ep 703/2000  reward=+0.0000 log2  ep_best=4.3043 log2 ('KTLKIIRLLF')  global_best=4.3043 log2  τ=1.37  β=0.068
Ep 704/2000  reward=+0.0000 log2  ep_best=4.3043 log2 ('KTLKIIRLLF')  global_best=4.3043 log2  τ=1.37  β=0.068
Ep 705/2000  reward=+0.0000 log2  ep_best=4.3043 log2 ('KTLKIIRLLF')  global_best=4.3043 log2  τ=1.37  β=0.068
Ep 706/2000  reward=+0.0000 log2  ep_best=4.3043 log2 ('KTLKIIRLLF')  global_best=4.3043 log2  τ=1.37  β=0.068
Ep 707/2000  reward=+0.0000 log2  ep_best=4.3043 log2 ('KTLKIIRLLF')  global_best=4.3043 log2  τ=1.36  β=0.068
Ep 708/2000  reward=+0.0000 log2  ep_best=4.3043 log2 ('KTLKIIRLLF')  global_best=4.3043 log2  τ=1.36  β=0.068
Ep 709/2000  reward=+0.0000 log2  ep_best=4.3043 log2 ('KTLKIIRLLF')  global_best=4.3043 log2  τ=1.36  β=0.068
Ep 710/2000  reward=+0.0000 log2  ep_best=4.3043 log2 ('KTLKIIRLLF')  global_best=4.3043 log2  τ=1.36  β=0.068
Ep 711/2000  reward=+0.0000 log2  ep_best=4.3043 log2 ('KTLKIIRLLF')  global_best=4.3043 log2  τ=1.36  β=0.068
Ep 712/2000  reward=+0.0000 log2  ep_best=4.3043 log2 ('KTLKIIRLLF')  global_best=4.3043 log2  τ=1.36  β=0.068
Ep 713/2000  reward=+0.0000 log2  ep_best=4.3043 log2 ('KTLKIIRLLF')  global_best=4.3043 log2  τ=1.36  β=0.068
Ep 714/2000  reward=+0.0000 log2  ep_best=4.3043 log2 ('KTLKIIRLLF')  global_best=4.3043 log2  τ=1.36  β=0.068
Ep 715/2000  reward=+0.0000 log2  ep_best=4.3043 log2 ('KTLKIIRLLF')  global_best=4.3043 log2  τ=1.36  β=0.068
Ep 716/2000  reward=+0.0000 log2  ep_best=4.3043 log2 ('KTLKIIRLLF')  global_best=4.3043 log2  τ=1.36  β=0.068
Ep 717/2000  reward=+0.0000 log2  ep_best=4.3043 log2 ('KTLKIIRLLF')  global_best=4.3043 log2  τ=1.36  β=0.068
Ep 718/2000  reward=+0.0000 log2  ep_best=4.3043 log2 ('KTLKIIRLLF')  global_best=4.3043 log2  τ=1.35  β=0.068
Ep 719/2000  reward=+0.0000 log2  ep_best=4.3043 log2 ('KTLKIIRLLF')  global_best=4.3043 log2  τ=1.35  β=0.068
Ep 720/2000  reward=+0.0000 log2  ep_best=4.3043 log2 ('KTLKIIRLLF')  global_best=4.3043 log2  τ=1.35  β=0.068
Ep 721/2000  reward=+0.0000 log2  ep_best=4.3043 log2 ('KTLKIIRLLF')  global_best=4.3043 log2  τ=1.35  β=0.068
Ep 722/2000  reward=+0.0000 log2  ep_best=4.3043 log2 ('KTLKIIRLLF')  global_best=4.3043 log2  τ=1.35  β=0.068
Ep 723/2000  reward=+0.0000 log2  ep_best=4.3043 log2 ('KTLKIIRLLF')  global_best=4.3043 log2  τ=1.35  β=0.067
Ep 724/2000  reward=+0.0000 log2  ep_best=4.3043 log2 ('KTLKIIRLLF')  global_best=4.3043 log2  τ=1.35  β=0.067
Ep 725/2000  reward=+0.0000 log2  ep_best=4.3043 log2 ('KTLKIIRLLF')  global_best=4.3043 log2  τ=1.35  β=0.067
Ep 726/2000  reward=+0.0000 log2  ep_best=4.3043 log2 ('KTLKIIRLLF')  global_best=4.3043 log2  τ=1.35  β=0.067
Ep 727/2000  reward=+0.0000 log2  ep_best=4.3043 log2 ('KTLKIIRLLF')  global_best=4.3043 log2  τ=1.35  β=0.067
Ep 728/2000  reward=+0.0000 log2  ep_best=4.3043 log2 ('KTLKIIRLLF')  global_best=4.3043 log2  τ=1.35  β=0.067
Ep 729/2000  reward=+0.0000 log2  ep_best=4.3043 log2 ('KTLKIIRLLF')  global_best=4.3043 log2  τ=1.34  β=0.067
Ep 730/2000  reward=+0.0000 log2  ep_best=4.3043 log2 ('KTLKIIRLLF')  global_best=4.3043 log2  τ=1.34  β=0.067
Ep 731/2000  reward=+0.0000 log2  ep_best=4.3043 log2 ('KTLKIIRLLF')  global_best=4.3043 log2  τ=1.34  β=0.067
Ep 732/2000  reward=+0.0000 log2  ep_best=4.3043 log2 ('KTLKIIRLLF')  global_best=4.3043 log2  τ=1.34  β=0.067
Ep 733/2000  reward=+0.0000 log2  ep_best=4.3043 log2 ('KTLKIIRLLF')  global_best=4.3043 log2  τ=1.34  β=0.067
Ep 734/2000  reward=+0.0000 log2  ep_best=4.3043 log2 ('KTLKIIRLLF')  global_best=4.3043 log2  τ=1.34  β=0.067
Ep 735/2000  reward=+0.0000 log2  ep_best=4.3043 log2 ('KTLKIIRLLF')  global_best=4.3043 log2  τ=1.34  β=0.067
Ep 736/2000  reward=+0.0000 log2  ep_best=4.3043 log2 ('KTLKIIRLLF')  global_best=4.3043 log2  τ=1.34  β=0.067
Ep 737/2000  reward=+0.0000 log2  ep_best=4.3043 log2 ('KTLKIIRLLF')  global_best=4.3043 log2  τ=1.34  β=0.067
Ep 738/2000  reward=+0.0000 log2  ep_best=4.3043 log2 ('KTLKIIRLLF')  global_best=4.3043 log2  τ=1.34  β=0.067
Ep 739/2000  reward=+0.0000 log2  ep_best=4.3043 log2 ('KTLKIIRLLF')  global_best=4.3043 log2  τ=1.34  β=0.067
Ep 740/2000  reward=+0.0000 log2  ep_best=4.3043 log2 ('KTLKIIRLLF')  global_best=4.3043 log2  τ=1.33  β=0.067
Ep 741/2000  reward=+0.0000 log2  ep_best=4.3043 log2 ('KTLKIIRLLF')  global_best=4.3043 log2  τ=1.33  β=0.067
Ep 742/2000  reward=+0.0000 log2  ep_best=4.3043 log2 ('KTLKIIRLLF')  global_best=4.3043 log2  τ=1.33  β=0.067
Ep 743/2000  reward=+0.0000 log2  ep_best=4.3043 log2 ('KTLKIIRLLF')  global_best=4.3043 log2  τ=1.33  β=0.067
Ep 744/2000  reward=+0.0000 log2  ep_best=4.3043 log2 ('KTLKIIRLLF')  global_best=4.3043 log2  τ=1.33  β=0.067
Ep 745/2000  reward=+0.0000 log2  ep_best=4.3043 log2 ('KTLKIIRLLF')  global_best=4.3043 log2  τ=1.33  β=0.067
Ep 746/2000  reward=+0.0000 log2  ep_best=4.3043 log2 ('KTLKIIRLLF')  global_best=4.3043 log2  τ=1.33  β=0.066
Ep 747/2000  reward=+0.0000 log2  ep_best=4.3043 log2 ('KTLKIIRLLF')  global_best=4.3043 log2  τ=1.33  β=0.066
Ep 748/2000  reward=+0.0000 log2  ep_best=4.3043 log2 ('KTLKIIRLLF')  global_best=4.3043 log2  τ=1.33  β=0.066
Ep 749/2000  reward=+0.0000 log2  ep_best=4.3043 log2 ('KTLKIIRLLF')  global_best=4.3043 log2  τ=1.33  β=0.066
Ep 750/2000  reward=+0.0000 log2  ep_best=4.3043 log2 ('KTLKIIRLLF')  global_best=4.3043 log2  τ=1.33  β=0.066
Ep 751/2000  reward=+0.0000 log2  ep_best=4.3043 log2 ('KTLKIIRLLF')  global_best=4.3043 log2  τ=1.32  β=0.066
Ep 752/2000  reward=+0.0000 log2  ep_best=4.3043 log2 ('KTLKIIRLLF')  global_best=4.3043 log2  τ=1.32  β=0.066
Ep 753/2000  reward=+0.0000 log2  ep_best=4.3043 log2 ('KTLKIIRLLF')  global_best=4.3043 log2  τ=1.32  β=0.066
Ep 754/2000  reward=+0.0000 log2  ep_best=4.3043 log2 ('KTLKIIRLLF')  global_best=4.3043 log2  τ=1.32  β=0.066
Ep 755/2000  reward=+0.0000 log2  ep_best=4.3043 log2 ('KTLKIIRLLF')  global_best=4.3043 log2  τ=1.32  β=0.066
Ep 756/2000  reward=+0.0000 log2  ep_best=4.3043 log2 ('KTLKIIRLLF')  global_best=4.3043 log2  τ=1.32  β=0.066
Ep 757/2000  reward=+0.0000 log2  ep_best=4.3043 log2 ('KTLKIIRLLF')  global_best=4.3043 log2  τ=1.32  β=0.066
Ep 758/2000  reward=+0.0000 log2  ep_best=4.3043 log2 ('KTLKIIRLLF')  global_best=4.3043 log2  τ=1.32  β=0.066
Ep 759/2000  reward=+0.0000 log2  ep_best=4.3043 log2 ('KTLKIIRLLF')  global_best=4.3043 log2  τ=1.32  β=0.066
Ep 760/2000  reward=+0.0000 log2  ep_best=4.3043 log2 ('KTLKIIRLLF')  global_best=4.3043 log2  τ=1.32  β=0.066
Ep 761/2000  reward=+0.0000 log2  ep_best=4.3043 log2 ('KTLKIIRLLF')  global_best=4.3043 log2  τ=1.32  β=0.066
Ep 762/2000  reward=+0.0000 log2  ep_best=4.3043 log2 ('KTLKIIRLLF')  global_best=4.3043 log2  τ=1.31  β=0.066
Ep 763/2000  reward=+0.0000 log2  ep_best=4.3043 log2 ('KTLKIIRLLF')  global_best=4.3043 log2  τ=1.31  β=0.066
Ep 764/2000  reward=+0.0000 log2  ep_best=4.3043 log2 ('KTLKIIRLLF')  global_best=4.3043 log2  τ=1.31  β=0.066
Ep 765/2000  reward=+0.0000 log2  ep_best=4.3043 log2 ('KTLKIIRLLF')  global_best=4.3043 log2  τ=1.31  β=0.066
Ep 766/2000  reward=+0.0000 log2  ep_best=4.3043 log2 ('KTLKIIRLLF')  global_best=4.3043 log2  τ=1.31  β=0.066
Ep 767/2000  reward=+0.0000 log2  ep_best=4.3043 log2 ('KTLKIIRLLF')  global_best=4.3043 log2  τ=1.31  β=0.066
Ep 768/2000  reward=+0.0000 log2  ep_best=4.3043 log2 ('KTLKIIRLLF')  global_best=4.3043 log2  τ=1.31  β=0.065
Ep 769/2000  reward=+0.0000 log2  ep_best=4.3043 log2 ('KTLKIIRLLF')  global_best=4.3043 log2  τ=1.31  β=0.065
Ep 770/2000  reward=+0.0000 log2  ep_best=4.3043 log2 ('KTLKIIRLLF')  global_best=4.3043 log2  τ=1.31  β=0.065
Ep 771/2000  reward=+0.0000 log2  ep_best=4.3043 log2 ('KTLKIIRLLF')  global_best=4.3043 log2  τ=1.31  β=0.065
Ep 772/2000  reward=+0.0000 log2  ep_best=4.3043 log2 ('KTLKIIRLLF')  global_best=4.3043 log2  τ=1.31  β=0.065
Ep 773/2000  reward=+0.0000 log2  ep_best=4.3043 log2 ('KTLKIIRLLF')  global_best=4.3043 log2  τ=1.30  β=0.065
Ep 774/2000  reward=+0.0000 log2  ep_best=4.3043 log2 ('KTLKIIRLLF')  global_best=4.3043 log2  τ=1.30  β=0.065
Ep 775/2000  reward=+0.0000 log2  ep_best=4.3043 log2 ('KTLKIIRLLF')  global_best=4.3043 log2  τ=1.30  β=0.065
Ep 776/2000  reward=+0.0000 log2  ep_best=4.3043 log2 ('KTLKIIRLLF')  global_best=4.3043 log2  τ=1.30  β=0.065
Ep 777/2000  reward=+0.0000 log2  ep_best=4.3043 log2 ('KTLKIIRLLF')  global_best=4.3043 log2  τ=1.30  β=0.065
Ep 778/2000  reward=+0.0000 log2  ep_best=4.3043 log2 ('KTLKIIRLLF')  global_best=4.3043 log2  τ=1.30  β=0.065
Ep 779/2000  reward=+0.0000 log2  ep_best=4.3043 log2 ('KTLKIIRLLF')  global_best=4.3043 log2  τ=1.30  β=0.065
Ep 780/2000  reward=+0.0000 log2  ep_best=4.3043 log2 ('KTLKIIRLLF')  global_best=4.3043 log2  τ=1.30  β=0.065
Ep 781/2000  reward=+0.0000 log2  ep_best=4.3043 log2 ('KTLKIIRLLF')  global_best=4.3043 log2  τ=1.30  β=0.065
Ep 782/2000  reward=+0.0000 log2  ep_best=4.3043 log2 ('KTLKIIRLLF')  global_best=4.3043 log2  τ=1.30  β=0.065
Ep 783/2000  reward=+0.0000 log2  ep_best=4.3043 log2 ('KTLKIIRLLF')  global_best=4.3043 log2  τ=1.30  β=0.065
Ep 784/2000  reward=+0.0000 log2  ep_best=4.3043 log2 ('KTLKIIRLLF')  global_best=4.3043 log2  τ=1.29  β=0.065
Ep 785/2000  reward=+0.0000 log2  ep_best=4.3043 log2 ('KTLKIIRLLF')  global_best=4.3043 log2  τ=1.29  β=0.065
Ep 786/2000  reward=+0.0000 log2  ep_best=4.3043 log2 ('KTLKIIRLLF')  global_best=4.3043 log2  τ=1.29  β=0.065
Ep 787/2000  reward=+0.0000 log2  ep_best=4.3043 log2 ('KTLKIIRLLF')  global_best=4.3043 log2  τ=1.29  β=0.065
Ep 788/2000  reward=+0.0000 log2  ep_best=4.3043 log2 ('KTLKIIRLLF')  global_best=4.3043 log2  τ=1.29  β=0.065
Ep 789/2000  reward=+0.0000 log2  ep_best=4.3043 log2 ('KTLKIIRLLF')  global_best=4.3043 log2  τ=1.29  β=0.065
Ep 790/2000  reward=+0.0000 log2  ep_best=4.3043 log2 ('KTLKIIRLLF')  global_best=4.3043 log2  τ=1.29  β=0.064
Ep 791/2000  reward=+0.0000 log2  ep_best=4.3043 log2 ('KTLKIIRLLF')  global_best=4.3043 log2  τ=1.29  β=0.064
Ep 792/2000  reward=+0.0000 log2  ep_best=4.3043 log2 ('KTLKIIRLLF')  global_best=4.3043 log2  τ=1.29  β=0.064
Ep 793/2000  reward=+0.0000 log2  ep_best=4.3043 log2 ('KTLKIIRLLF')  global_best=4.3043 log2  τ=1.29  β=0.064
Ep 794/2000  reward=+0.0000 log2  ep_best=4.3043 log2 ('KTLKIIRLLF')  global_best=4.3043 log2  τ=1.29  β=0.064
Ep 795/2000  reward=+0.0000 log2  ep_best=4.3043 log2 ('KTLKIIRLLF')  global_best=4.3043 log2  τ=1.29  β=0.064
Ep 796/2000  reward=+0.0000 log2  ep_best=4.3043 log2 ('KTLKIIRLLF')  global_best=4.3043 log2  τ=1.28  β=0.064
Ep 797/2000  reward=+0.0000 log2  ep_best=4.3043 log2 ('KTLKIIRLLF')  global_best=4.3043 log2  τ=1.28  β=0.064
Ep 798/2000  reward=+0.0000 log2  ep_best=4.3043 log2 ('KTLKIIRLLF')  global_best=4.3043 log2  τ=1.28  β=0.064
Ep 799/2000  reward=+0.0000 log2  ep_best=4.3043 log2 ('KTLKIIRLLF')  global_best=4.3043 log2  τ=1.28  β=0.064
Ep 800/2000  reward=+0.0000 log2  ep_best=4.3043 log2 ('KTLKIIRLLF')  global_best=4.3043 log2  τ=1.28  β=0.064
Ep 801/2000  reward=+0.0000 log2  ep_best=4.3043 log2 ('KTLKIIRLLF')  global_best=4.3043 log2  τ=1.28  β=0.064
Ep 802/2000  reward=+0.0000 log2  ep_best=4.3043 log2 ('KTLKIIRLLF')  global_best=4.3043 log2  τ=1.28  β=0.064
Ep 803/2000  reward=+0.0000 log2  ep_best=4.3043 log2 ('KTLKIIRLLF')  global_best=4.3043 log2  τ=1.28  β=0.064
Ep 804/2000  reward=+0.0000 log2  ep_best=4.3043 log2 ('KTLKIIRLLF')  global_best=4.3043 log2  τ=1.28  β=0.064
Ep 805/2000  reward=+0.0000 log2  ep_best=4.3043 log2 ('KTLKIIRLLF')  global_best=4.3043 log2  τ=1.28  β=0.064
Ep 806/2000  reward=+0.0000 log2  ep_best=4.3043 log2 ('KTLKIIRLLF')  global_best=4.3043 log2  τ=1.28  β=0.064
Ep 807/2000  reward=+0.0000 log2  ep_best=4.3043 log2 ('KTLKIIRLLF')  global_best=4.3043 log2  τ=1.27  β=0.064
Ep 808/2000  reward=+0.0000 log2  ep_best=4.3043 log2 ('KTLKIIRLLF')  global_best=4.3043 log2  τ=1.27  β=0.064
Ep 809/2000  reward=+0.0000 log2  ep_best=4.3043 log2 ('KTLKIIRLLF')  global_best=4.3043 log2  τ=1.27  β=0.064
Ep 810/2000  reward=+0.0000 log2  ep_best=4.3043 log2 ('KTLKIIRLLF')  global_best=4.3043 log2  τ=1.27  β=0.064
Ep 811/2000  reward=+0.0000 log2  ep_best=4.3043 log2 ('KTLKIIRLLF')  global_best=4.3043 log2  τ=1.27  β=0.064
Ep 812/2000  reward=+0.0000 log2  ep_best=4.3043 log2 ('KTLKIIRLLF')  global_best=4.3043 log2  τ=1.27  β=0.063
Ep 813/2000  reward=+0.0000 log2  ep_best=4.3043 log2 ('KTLKIIRLLF')  global_best=4.3043 log2  τ=1.27  β=0.063
Ep 814/2000  reward=+0.0000 log2  ep_best=4.3043 log2 ('KTLKIIRLLF')  global_best=4.3043 log2  τ=1.27  β=0.063
Ep 815/2000  reward=+0.0000 log2  ep_best=4.3043 log2 ('KTLKIIRLLF')  global_best=4.3043 log2  τ=1.27  β=0.063
Ep 816/2000  reward=+0.0000 log2  ep_best=4.3043 log2 ('KTLKIIRLLF')  global_best=4.3043 log2  τ=1.27  β=0.063
Ep 817/2000  reward=+0.0000 log2  ep_best=4.3043 log2 ('KTLKIIRLLF')  global_best=4.3043 log2  τ=1.27  β=0.063
Ep 818/2000  reward=+0.0000 log2  ep_best=4.3043 log2 ('KTLKIIRLLF')  global_best=4.3043 log2  τ=1.26  β=0.063
Ep 819/2000  reward=+0.0000 log2  ep_best=4.3043 log2 ('KTLKIIRLLF')  global_best=4.3043 log2  τ=1.26  β=0.063
Ep 820/2000  reward=+0.0000 log2  ep_best=4.3043 log2 ('KTLKIIRLLF')  global_best=4.3043 log2  τ=1.26  β=0.063
Ep 821/2000  reward=+0.0000 log2  ep_best=4.3043 log2 ('KTLKIIRLLF')  global_best=4.3043 log2  τ=1.26  β=0.063
Ep 822/2000  reward=+0.0000 log2  ep_best=4.3043 log2 ('KTLKIIRLLF')  global_best=4.3043 log2  τ=1.26  β=0.063
Ep 823/2000  reward=+0.0000 log2  ep_best=4.3043 log2 ('KTLKIIRLLF')  global_best=4.3043 log2  τ=1.26  β=0.063
Ep 824/2000  reward=+0.0000 log2  ep_best=4.3043 log2 ('KTLKIIRLLF')  global_best=4.3043 log2  τ=1.26  β=0.063
Ep 825/2000  reward=+0.0000 log2  ep_best=4.3043 log2 ('KTLKIIRLLF')  global_best=4.3043 log2  τ=1.26  β=0.063
Ep 826/2000  reward=+0.0000 log2  ep_best=4.3043 log2 ('KTLKIIRLLF')  global_best=4.3043 log2  τ=1.26  β=0.063
Ep 827/2000  reward=+0.0000 log2  ep_best=4.3043 log2 ('KTLKIIRLLF')  global_best=4.3043 log2  τ=1.26  β=0.063
Ep 828/2000  reward=+0.0000 log2  ep_best=4.3043 log2 ('KTLKIIRLLF')  global_best=4.3043 log2  τ=1.26  β=0.063
Ep 829/2000  reward=+0.0000 log2  ep_best=4.3043 log2 ('KTLKIIRLLF')  global_best=4.3043 log2  τ=1.25  β=0.063
Ep 830/2000  reward=+0.0000 log2  ep_best=4.3043 log2 ('KTLKIIRLLF')  global_best=4.3043 log2  τ=1.25  β=0.063
Ep 831/2000  reward=+0.0000 log2  ep_best=4.3043 log2 ('KTLKIIRLLF')  global_best=4.3043 log2  τ=1.25  β=0.063
Ep 832/2000  reward=+0.0000 log2  ep_best=4.3043 log2 ('KTLKIIRLLF')  global_best=4.3043 log2  τ=1.25  β=0.063
Ep 833/2000  reward=+0.0000 log2  ep_best=4.3043 log2 ('KTLKIIRLLF')  global_best=4.3043 log2  τ=1.25  β=0.063
Ep 834/2000  reward=+0.0000 log2  ep_best=4.3043 log2 ('KTLKIIRLLF')  global_best=4.3043 log2  τ=1.25  β=0.062
Ep 835/2000  reward=+0.0000 log2  ep_best=4.3043 log2 ('KTLKIIRLLF')  global_best=4.3043 log2  τ=1.25  β=0.062
Ep 836/2000  reward=+0.0000 log2  ep_best=4.3043 log2 ('KTLKIIRLLF')  global_best=4.3043 log2  τ=1.25  β=0.062
Ep 837/2000  reward=+0.0000 log2  ep_best=4.3043 log2 ('KTLKIIRLLF')  global_best=4.3043 log2  τ=1.25  β=0.062
Ep 838/2000  reward=+0.0000 log2  ep_best=4.3043 log2 ('KTLKIIRLLF')  global_best=4.3043 log2  τ=1.25  β=0.062
Ep 839/2000  reward=+0.0000 log2  ep_best=4.3043 log2 ('KTLKIIRLLF')  global_best=4.3043 log2  τ=1.25  β=0.062
Ep 840/2000  reward=+0.0000 log2  ep_best=4.3043 log2 ('KTLKIIRLLF')  global_best=4.3043 log2  τ=1.24  β=0.062
Ep 841/2000  reward=+0.0000 log2  ep_best=4.3043 log2 ('KTLKIIRLLF')  global_best=4.3043 log2  τ=1.24  β=0.062
Ep 842/2000  reward=+0.0000 log2  ep_best=4.3043 log2 ('KTLKIIRLLF')  global_best=4.3043 log2  τ=1.24  β=0.062
Ep 843/2000  reward=+0.0000 log2  ep_best=4.3043 log2 ('KTLKIIRLLF')  global_best=4.3043 log2  τ=1.24  β=0.062
Ep 844/2000  reward=+0.0000 log2  ep_best=4.3043 log2 ('KTLKIIRLLF')  global_best=4.3043 log2  τ=1.24  β=0.062
Ep 845/2000  reward=+0.0000 log2  ep_best=4.3043 log2 ('KTLKIIRLLF')  global_best=4.3043 log2  τ=1.24  β=0.062
Ep 846/2000  reward=+0.0000 log2  ep_best=4.3043 log2 ('KTLKIIRLLF')  global_best=4.3043 log2  τ=1.24  β=0.062
Ep 847/2000  reward=+0.0000 log2  ep_best=4.3043 log2 ('KTLKIIRLLF')  global_best=4.3043 log2  τ=1.24  β=0.062
Ep 848/2000  reward=+0.0000 log2  ep_best=4.3043 log2 ('KTLKIIRLLF')  global_best=4.3043 log2  τ=1.24  β=0.062
Ep 849/2000  reward=+0.0000 log2  ep_best=4.3043 log2 ('KTLKIIRLLF')  global_best=4.3043 log2  τ=1.24  β=0.062
Ep 850/2000  reward=+0.0000 log2  ep_best=4.3043 log2 ('KTLKIIRLLF')  global_best=4.3043 log2  τ=1.24  β=0.062
Ep 851/2000  reward=+0.0000 log2  ep_best=4.3043 log2 ('KTLKIIRLLF')  global_best=4.3043 log2  τ=1.23  β=0.062
Ep 852/2000  reward=+0.0000 log2  ep_best=4.3043 log2 ('KTLKIIRLLF')  global_best=4.3043 log2  τ=1.23  β=0.062
Ep 853/2000  reward=+0.0000 log2  ep_best=4.3043 log2 ('KTLKIIRLLF')  global_best=4.3043 log2  τ=1.23  β=0.062
Ep 854/2000  reward=+0.0000 log2  ep_best=4.3043 log2 ('KTLKIIRLLF')  global_best=4.3043 log2  τ=1.23  β=0.062
Ep 855/2000  reward=+0.0000 log2  ep_best=4.3043 log2 ('KTLKIIRLLF')  global_best=4.3043 log2  τ=1.23  β=0.062
Ep 856/2000  reward=+0.0000 log2  ep_best=4.3043 log2 ('KTLKIIRLLF')  global_best=4.3043 log2  τ=1.23  β=0.062
Ep 857/2000  reward=+0.0000 log2  ep_best=4.3043 log2 ('KTLKIIRLLF')  global_best=4.3043 log2  τ=1.23  β=0.061
Ep 858/2000  reward=+0.0000 log2  ep_best=4.3043 log2 ('KTLKIIRLLF')  global_best=4.3043 log2  τ=1.23  β=0.061
Ep 859/2000  reward=+0.0000 log2  ep_best=4.3043 log2 ('KTLKIIRLLF')  global_best=4.3043 log2  τ=1.23  β=0.061
Ep 860/2000  reward=+0.0000 log2  ep_best=4.3043 log2 ('KTLKIIRLLF')  global_best=4.3043 log2  τ=1.23  β=0.061
Ep 861/2000  reward=+0.0000 log2  ep_best=4.3043 log2 ('KTLKIIRLLF')  global_best=4.3043 log2  τ=1.23  β=0.061
Ep 862/2000  reward=+0.0000 log2  ep_best=4.3043 log2 ('KTLKIIRLLF')  global_best=4.3043 log2  τ=1.22  β=0.061
Ep 863/2000  reward=+0.0000 log2  ep_best=4.3043 log2 ('KTLKIIRLLF')  global_best=4.3043 log2  τ=1.22  β=0.061
Ep 864/2000  reward=+0.0000 log2  ep_best=4.3043 log2 ('KTLKIIRLLF')  global_best=4.3043 log2  τ=1.22  β=0.061
Ep 865/2000  reward=+0.0000 log2  ep_best=4.3043 log2 ('KTLKIIRLLF')  global_best=4.3043 log2  τ=1.22  β=0.061
Ep 866/2000  reward=+0.0000 log2  ep_best=4.3043 log2 ('KTLKIIRLLF')  global_best=4.3043 log2  τ=1.22  β=0.061
Ep 867/2000  reward=+0.0000 log2  ep_best=4.3043 log2 ('KTLKIIRLLF')  global_best=4.3043 log2  τ=1.22  β=0.061
Ep 868/2000  reward=+0.0000 log2  ep_best=4.3043 log2 ('KTLKIIRLLF')  global_best=4.3043 log2  τ=1.22  β=0.061
Ep 869/2000  reward=+0.0000 log2  ep_best=4.3043 log2 ('KTLKIIRLLF')  global_best=4.3043 log2  τ=1.22  β=0.061
Ep 870/2000  reward=+0.0000 log2  ep_best=4.3043 log2 ('KTLKIIRLLF')  global_best=4.3043 log2  τ=1.22  β=0.061
Ep 871/2000  reward=+0.0000 log2  ep_best=4.3043 log2 ('KTLKIIRLLF')  global_best=4.3043 log2  τ=1.22  β=0.061
Ep 872/2000  reward=+0.0000 log2  ep_best=4.3043 log2 ('KTLKIIRLLF')  global_best=4.3043 log2  τ=1.22  β=0.061
Ep 873/2000  reward=+0.0000 log2  ep_best=4.3043 log2 ('KTLKIIRLLF')  global_best=4.3043 log2  τ=1.21  β=0.061
Ep 874/2000  reward=+0.0000 log2  ep_best=4.3043 log2 ('KTLKIIRLLF')  global_best=4.3043 log2  τ=1.21  β=0.061
Ep 875/2000  reward=+0.0000 log2  ep_best=4.3043 log2 ('KTLKIIRLLF')  global_best=4.3043 log2  τ=1.21  β=0.061
Ep 876/2000  reward=+0.0000 log2  ep_best=4.3043 log2 ('KTLKIIRLLF')  global_best=4.3043 log2  τ=1.21  β=0.061
Ep 877/2000  reward=+0.0000 log2  ep_best=4.3043 log2 ('KTLKIIRLLF')  global_best=4.3043 log2  τ=1.21  β=0.061
Ep 878/2000  reward=+0.0000 log2  ep_best=4.3043 log2 ('KTLKIIRLLF')  global_best=4.3043 log2  τ=1.21  β=0.061
Ep 879/2000  reward=+0.0000 log2  ep_best=4.3043 log2 ('KTLKIIRLLF')  global_best=4.3043 log2  τ=1.21  β=0.060
Ep 880/2000  reward=+0.0000 log2  ep_best=4.3043 log2 ('KTLKIIRLLF')  global_best=4.3043 log2  τ=1.21  β=0.060
Ep 881/2000  reward=+0.0000 log2  ep_best=4.3043 log2 ('KTLKIIRLLF')  global_best=4.3043 log2  τ=1.21  β=0.060
Ep 882/2000  reward=+0.0000 log2  ep_best=4.3043 log2 ('KTLKIIRLLF')  global_best=4.3043 log2  τ=1.21  β=0.060
Ep 883/2000  reward=+0.0000 log2  ep_best=4.3043 log2 ('KTLKIIRLLF')  global_best=4.3043 log2  τ=1.21  β=0.060
Ep 884/2000  reward=+0.0000 log2  ep_best=4.3043 log2 ('KTLKIIRLLF')  global_best=4.3043 log2  τ=1.20  β=0.060
Ep 885/2000  reward=+0.0000 log2  ep_best=4.3043 log2 ('KTLKIIRLLF')  global_best=4.3043 log2  τ=1.20  β=0.060
Ep 886/2000  reward=+0.0000 log2  ep_best=4.3043 log2 ('KTLKIIRLLF')  global_best=4.3043 log2  τ=1.20  β=0.060
Ep 887/2000  reward=+0.0000 log2  ep_best=4.3043 log2 ('KTLKIIRLLF')  global_best=4.3043 log2  τ=1.20  β=0.060
Ep 888/2000  reward=+0.0000 log2  ep_best=4.3043 log2 ('KTLKIIRLLF')  global_best=4.3043 log2  τ=1.20  β=0.060
Ep 889/2000  reward=+0.0000 log2  ep_best=4.3043 log2 ('KTLKIIRLLF')  global_best=4.3043 log2  τ=1.20  β=0.060
Ep 890/2000  reward=+0.0000 log2  ep_best=4.3043 log2 ('KTLKIIRLLF')  global_best=4.3043 log2  τ=1.20  β=0.060
Ep 891/2000  reward=+0.0000 log2  ep_best=4.3043 log2 ('KTLKIIRLLF')  global_best=4.3043 log2  τ=1.20  β=0.060
Ep 892/2000  reward=+0.0000 log2  ep_best=4.3043 log2 ('KTLKIIRLLF')  global_best=4.3043 log2  τ=1.20  β=0.060
Ep 893/2000  reward=+0.0000 log2  ep_best=4.3043 log2 ('KTLKIIRLLF')  global_best=4.3043 log2  τ=1.20  β=0.060
Ep 894/2000  reward=+0.0000 log2  ep_best=4.3043 log2 ('KTLKIIRLLF')  global_best=4.3043 log2  τ=1.20  β=0.060
Ep 895/2000  reward=+0.0000 log2  ep_best=4.3043 log2 ('KTLKIIRLLF')  global_best=4.3043 log2  τ=1.19  β=0.060
Ep 896/2000  reward=+0.0000 log2  ep_best=4.3043 log2 ('KTLKIIRLLF')  global_best=4.3043 log2  τ=1.19  β=0.060
Ep 897/2000  reward=+0.0000 log2  ep_best=4.3043 log2 ('KTLKIIRLLF')  global_best=4.3043 log2  τ=1.19  β=0.060
Ep 898/2000  reward=+0.0000 log2  ep_best=4.3043 log2 ('KTLKIIRLLF')  global_best=4.3043 log2  τ=1.19  β=0.060
Ep 899/2000  reward=+0.0000 log2  ep_best=4.3043 log2 ('KTLKIIRLLF')  global_best=4.3043 log2  τ=1.19  β=0.060
Ep 900/2000  reward=+0.0000 log2  ep_best=4.3043 log2 ('KTLKIIRLLF')  global_best=4.3043 log2  τ=1.19  β=0.060
Ep 901/2000  reward=+0.0000 log2  ep_best=4.3043 log2 ('KTLKIIRLLF')  global_best=4.3043 log2  τ=1.19  β=0.059
Ep 902/2000  reward=+0.0000 log2  ep_best=4.3043 log2 ('KTLKIIRLLF')  global_best=4.3043 log2  τ=1.19  β=0.059
Ep 903/2000  reward=+0.0000 log2  ep_best=4.3043 log2 ('KTLKIIRLLF')  global_best=4.3043 log2  τ=1.19  β=0.059
Ep 904/2000  reward=+0.0000 log2  ep_best=4.3043 log2 ('KTLKIIRLLF')  global_best=4.3043 log2  τ=1.19  β=0.059
Ep 905/2000  reward=+0.0000 log2  ep_best=4.3043 log2 ('KTLKIIRLLF')  global_best=4.3043 log2  τ=1.19  β=0.059
Ep 906/2000  reward=+0.0000 log2  ep_best=4.3043 log2 ('KTLKIIRLLF')  global_best=4.3043 log2  τ=1.19  β=0.059
Ep 907/2000  reward=+0.0000 log2  ep_best=4.3043 log2 ('KTLKIIRLLF')  global_best=4.3043 log2  τ=1.18  β=0.059
Ep 908/2000  reward=+0.0000 log2  ep_best=4.3043 log2 ('KTLKIIRLLF')  global_best=4.3043 log2  τ=1.18  β=0.059
Ep 909/2000  reward=+0.0000 log2  ep_best=4.3043 log2 ('KTLKIIRLLF')  global_best=4.3043 log2  τ=1.18  β=0.059
Ep 910/2000  reward=+0.0000 log2  ep_best=4.3043 log2 ('KTLKIIRLLF')  global_best=4.3043 log2  τ=1.18  β=0.059
Ep 911/2000  reward=+0.0000 log2  ep_best=4.3043 log2 ('KTLKIIRLLF')  global_best=4.3043 log2  τ=1.18  β=0.059
Ep 912/2000  reward=+0.0000 log2  ep_best=4.3043 log2 ('KTLKIIRLLF')  global_best=4.3043 log2  τ=1.18  β=0.059
Ep 913/2000  reward=+0.0000 log2  ep_best=4.3043 log2 ('KTLKIIRLLF')  global_best=4.3043 log2  τ=1.18  β=0.059
Ep 914/2000  reward=+0.0000 log2  ep_best=4.3043 log2 ('KTLKIIRLLF')  global_best=4.3043 log2  τ=1.18  β=0.059
Ep 915/2000  reward=+0.0000 log2  ep_best=4.3043 log2 ('KTLKIIRLLF')  global_best=4.3043 log2  τ=1.18  β=0.059
Ep 916/2000  reward=+0.0000 log2  ep_best=4.3043 log2 ('KTLKIIRLLF')  global_best=4.3043 log2  τ=1.18  β=0.059
Ep 917/2000  reward=+0.0000 log2  ep_best=4.3043 log2 ('KTLKIIRLLF')  global_best=4.3043 log2  τ=1.18  β=0.059
Ep 918/2000  reward=+0.0000 log2  ep_best=4.3043 log2 ('KTLKIIRLLF')  global_best=4.3043 log2  τ=1.17  β=0.059
Ep 919/2000  reward=+0.0000 log2  ep_best=4.3043 log2 ('KTLKIIRLLF')  global_best=4.3043 log2  τ=1.17  β=0.059
Ep 920/2000  reward=+0.0000 log2  ep_best=4.3043 log2 ('KTLKIIRLLF')  global_best=4.3043 log2  τ=1.17  β=0.059
Ep 921/2000  reward=+0.0000 log2  ep_best=4.3043 log2 ('KTLKIIRLLF')  global_best=4.3043 log2  τ=1.17  β=0.059
Ep 922/2000  reward=+0.0000 log2  ep_best=4.3043 log2 ('KTLKIIRLLF')  global_best=4.3043 log2  τ=1.17  β=0.059
Ep 923/2000  reward=+0.0000 log2  ep_best=4.3043 log2 ('KTLKIIRLLF')  global_best=4.3043 log2  τ=1.17  β=0.058
Ep 924/2000  reward=+0.0000 log2  ep_best=4.3043 log2 ('KTLKIIRLLF')  global_best=4.3043 log2  τ=1.17  β=0.058
Ep 925/2000  reward=+0.0000 log2  ep_best=4.3043 log2 ('KTLKIIRLLF')  global_best=4.3043 log2  τ=1.17  β=0.058
Ep 926/2000  reward=+0.0000 log2  ep_best=4.3043 log2 ('KTLKIIRLLF')  global_best=4.3043 log2  τ=1.17  β=0.058
Ep 927/2000  reward=+0.0000 log2  ep_best=4.3043 log2 ('KTLKIIRLLF')  global_best=4.3043 log2  τ=1.17  β=0.058
Ep 928/2000  reward=+0.0000 log2  ep_best=4.3043 log2 ('KTLKIIRLLF')  global_best=4.3043 log2  τ=1.17  β=0.058
Ep 929/2000  reward=+0.0000 log2  ep_best=4.3043 log2 ('KTLKIIRLLF')  global_best=4.3043 log2  τ=1.16  β=0.058
Ep 930/2000  reward=+0.0000 log2  ep_best=4.3043 log2 ('KTLKIIRLLF')  global_best=4.3043 log2  τ=1.16  β=0.058
Ep 931/2000  reward=+0.0000 log2  ep_best=4.3043 log2 ('KTLKIIRLLF')  global_best=4.3043 log2  τ=1.16  β=0.058
Ep 932/2000  reward=+0.0000 log2  ep_best=4.3043 log2 ('KTLKIIRLLF')  global_best=4.3043 log2  τ=1.16  β=0.058
Ep 933/2000  reward=+0.0000 log2  ep_best=4.3043 log2 ('KTLKIIRLLF')  global_best=4.3043 log2  τ=1.16  β=0.058
Ep 934/2000  reward=+0.0000 log2  ep_best=4.3043 log2 ('KTLKIIRLLF')  global_best=4.3043 log2  τ=1.16  β=0.058
Ep 935/2000  reward=+0.0000 log2  ep_best=4.3043 log2 ('KTLKIIRLLF')  global_best=4.3043 log2  τ=1.16  β=0.058
Ep 936/2000  reward=+0.0000 log2  ep_best=4.3043 log2 ('KTLKIIRLLF')  global_best=4.3043 log2  τ=1.16  β=0.058
Ep 937/2000  reward=+0.0000 log2  ep_best=4.3043 log2 ('KTLKIIRLLF')  global_best=4.3043 log2  τ=1.16  β=0.058
Ep 938/2000  reward=+0.0000 log2  ep_best=4.3043 log2 ('KTLKIIRLLF')  global_best=4.3043 log2  τ=1.16  β=0.058
Ep 939/2000  reward=+0.0000 log2  ep_best=4.3043 log2 ('KTLKIIRLLF')  global_best=4.3043 log2  τ=1.16  β=0.058
Ep 940/2000  reward=+0.0000 log2  ep_best=4.3043 log2 ('KTLKIIRLLF')  global_best=4.3043 log2  τ=1.15  β=0.058
Ep 941/2000  reward=+0.0000 log2  ep_best=4.3043 log2 ('KTLKIIRLLF')  global_best=4.3043 log2  τ=1.15  β=0.058
Ep 942/2000  reward=+0.0000 log2  ep_best=4.3043 log2 ('KTLKIIRLLF')  global_best=4.3043 log2  τ=1.15  β=0.058
Ep 943/2000  reward=+0.0000 log2  ep_best=4.3043 log2 ('KTLKIIRLLF')  global_best=4.3043 log2  τ=1.15  β=0.058
Ep 944/2000  reward=+0.0000 log2  ep_best=4.3043 log2 ('KTLKIIRLLF')  global_best=4.3043 log2  τ=1.15  β=0.058
Ep 945/2000  reward=+0.0000 log2  ep_best=4.3043 log2 ('KTLKIIRLLF')  global_best=4.3043 log2  τ=1.15  β=0.057
Ep 946/2000  reward=+0.0000 log2  ep_best=4.3043 log2 ('KTLKIIRLLF')  global_best=4.3043 log2  τ=1.15  β=0.057
Ep 947/2000  reward=+0.0000 log2  ep_best=4.3043 log2 ('KTLKIIRLLF')  global_best=4.3043 log2  τ=1.15  β=0.057
Ep 948/2000  reward=+0.0000 log2  ep_best=4.3043 log2 ('KTLKIIRLLF')  global_best=4.3043 log2  τ=1.15  β=0.057
Ep 949/2000  reward=+0.0000 log2  ep_best=4.3043 log2 ('KTLKIIRLLF')  global_best=4.3043 log2  τ=1.15  β=0.057
Ep 950/2000  reward=+0.0000 log2  ep_best=4.3043 log2 ('KTLKIIRLLF')  global_best=4.3043 log2  τ=1.15  β=0.057
Ep 951/2000  reward=+0.0000 log2  ep_best=4.3043 log2 ('KTLKIIRLLF')  global_best=4.3043 log2  τ=1.14  β=0.057
Ep 952/2000  reward=+0.0000 log2  ep_best=4.3043 log2 ('KTLKIIRLLF')  global_best=4.3043 log2  τ=1.14  β=0.057
Ep 953/2000  reward=+0.0000 log2  ep_best=4.3043 log2 ('KTLKIIRLLF')  global_best=4.3043 log2  τ=1.14  β=0.057
Ep 954/2000  reward=+0.0000 log2  ep_best=4.3043 log2 ('KTLKIIRLLF')  global_best=4.3043 log2  τ=1.14  β=0.057
Ep 955/2000  reward=+0.0000 log2  ep_best=4.3043 log2 ('KTLKIIRLLF')  global_best=4.3043 log2  τ=1.14  β=0.057
Ep 956/2000  reward=+0.0000 log2  ep_best=4.3043 log2 ('KTLKIIRLLF')  global_best=4.3043 log2  τ=1.14  β=0.057
Ep 957/2000  reward=+0.0000 log2  ep_best=4.3043 log2 ('KTLKIIRLLF')  global_best=4.3043 log2  τ=1.14  β=0.057
Ep 958/2000  reward=+0.0000 log2  ep_best=4.3043 log2 ('KTLKIIRLLF')  global_best=4.3043 log2  τ=1.14  β=0.057
Ep 959/2000  reward=+0.0000 log2  ep_best=4.3043 log2 ('KTLKIIRLLF')  global_best=4.3043 log2  τ=1.14  β=0.057
Ep 960/2000  reward=+0.0000 log2  ep_best=4.3043 log2 ('KTLKIIRLLF')  global_best=4.3043 log2  τ=1.14  β=0.057
Ep 961/2000  reward=+0.0000 log2  ep_best=4.3043 log2 ('KTLKIIRLLF')  global_best=4.3043 log2  τ=1.14  β=0.057
Ep 962/2000  reward=+0.0000 log2  ep_best=4.3043 log2 ('KTLKIIRLLF')  global_best=4.3043 log2  τ=1.13  β=0.057
Ep 963/2000  reward=+0.0000 log2  ep_best=4.3043 log2 ('KTLKIIRLLF')  global_best=4.3043 log2  τ=1.13  β=0.057
Ep 964/2000  reward=+0.0000 log2  ep_best=4.3043 log2 ('KTLKIIRLLF')  global_best=4.3043 log2  τ=1.13  β=0.057
Ep 965/2000  reward=+0.0000 log2  ep_best=4.3043 log2 ('KTLKIIRLLF')  global_best=4.3043 log2  τ=1.13  β=0.057
Ep 966/2000  reward=+0.0000 log2  ep_best=4.3043 log2 ('KTLKIIRLLF')  global_best=4.3043 log2  τ=1.13  β=0.057
Ep 967/2000  reward=+0.0000 log2  ep_best=4.3043 log2 ('KTLKIIRLLF')  global_best=4.3043 log2  τ=1.13  β=0.057
Ep 968/2000  reward=+0.0000 log2  ep_best=4.3043 log2 ('KTLKIIRLLF')  global_best=4.3043 log2  τ=1.13  β=0.056
Ep 969/2000  reward=+0.0000 log2  ep_best=4.3043 log2 ('KTLKIIRLLF')  global_best=4.3043 log2  τ=1.13  β=0.056
Ep 970/2000  reward=+0.0000 log2  ep_best=4.3043 log2 ('KTLKIIRLLF')  global_best=4.3043 log2  τ=1.13  β=0.056
Ep 971/2000  reward=+0.0000 log2  ep_best=4.3043 log2 ('KTLKIIRLLF')  global_best=4.3043 log2  τ=1.13  β=0.056
Ep 972/2000  reward=+0.0000 log2  ep_best=4.3043 log2 ('KTLKIIRLLF')  global_best=4.3043 log2  τ=1.13  β=0.056
Ep 973/2000  reward=+0.0000 log2  ep_best=4.3043 log2 ('KTLKIIRLLF')  global_best=4.3043 log2  τ=1.12  β=0.056
Ep 974/2000  reward=+0.0000 log2  ep_best=4.3043 log2 ('KTLKIIRLLF')  global_best=4.3043 log2  τ=1.12  β=0.056
Ep 975/2000  reward=+0.0000 log2  ep_best=4.3043 log2 ('KTLKIIRLLF')  global_best=4.3043 log2  τ=1.12  β=0.056
Ep 976/2000  reward=+0.0000 log2  ep_best=4.3043 log2 ('KTLKIIRLLF')  global_best=4.3043 log2  τ=1.12  β=0.056
Ep 977/2000  reward=+0.0000 log2  ep_best=4.3043 log2 ('KTLKIIRLLF')  global_best=4.3043 log2  τ=1.12  β=0.056
Ep 978/2000  reward=+0.0000 log2  ep_best=4.3043 log2 ('KTLKIIRLLF')  global_best=4.3043 log2  τ=1.12  β=0.056
Ep 979/2000  reward=+0.0000 log2  ep_best=4.3043 log2 ('KTLKIIRLLF')  global_best=4.3043 log2  τ=1.12  β=0.056
Ep 980/2000  reward=+0.0000 log2  ep_best=4.3043 log2 ('KTLKIIRLLF')  global_best=4.3043 log2  τ=1.12  β=0.056
Ep 981/2000  reward=+0.0000 log2  ep_best=4.3043 log2 ('KTLKIIRLLF')  global_best=4.3043 log2  τ=1.12  β=0.056
Ep 982/2000  reward=+0.0000 log2  ep_best=4.3043 log2 ('KTLKIIRLLF')  global_best=4.3043 log2  τ=1.12  β=0.056
Ep 983/2000  reward=+0.0000 log2  ep_best=4.3043 log2 ('KTLKIIRLLF')  global_best=4.3043 log2  τ=1.12  β=0.056
Ep 984/2000  reward=+0.0000 log2  ep_best=4.3043 log2 ('KTLKIIRLLF')  global_best=4.3043 log2  τ=1.11  β=0.056
Ep 985/2000  reward=+0.0000 log2  ep_best=4.3043 log2 ('KTLKIIRLLF')  global_best=4.3043 log2  τ=1.11  β=0.056
Ep 986/2000  reward=+0.0000 log2  ep_best=4.3043 log2 ('KTLKIIRLLF')  global_best=4.3043 log2  τ=1.11  β=0.056
Ep 987/2000  reward=+0.0000 log2  ep_best=4.3043 log2 ('KTLKIIRLLF')  global_best=4.3043 log2  τ=1.11  β=0.056
Ep 988/2000  reward=+0.0000 log2  ep_best=4.3043 log2 ('KTLKIIRLLF')  global_best=4.3043 log2  τ=1.11  β=0.056
Ep 989/2000  reward=+0.0000 log2  ep_best=4.3043 log2 ('KTLKIIRLLF')  global_best=4.3043 log2  τ=1.11  β=0.056
Ep 990/2000  reward=+0.0000 log2  ep_best=4.3043 log2 ('KTLKIIRLLF')  global_best=4.3043 log2  τ=1.11  β=0.055
Ep 991/2000  reward=+0.0000 log2  ep_best=4.3043 log2 ('KTLKIIRLLF')  global_best=4.3043 log2  τ=1.11  β=0.055
Ep 992/2000  reward=+0.0000 log2  ep_best=4.3043 log2 ('KTLKIIRLLF')  global_best=4.3043 log2  τ=1.11  β=0.055
Ep 993/2000  reward=+0.0000 log2  ep_best=4.3043 log2 ('KTLKIIRLLF')  global_best=4.3043 log2  τ=1.11  β=0.055
Ep 994/2000  reward=+0.0000 log2  ep_best=4.3043 log2 ('KTLKIIRLLF')  global_best=4.3043 log2  τ=1.11  β=0.055
Ep 995/2000  reward=+0.0000 log2  ep_best=4.3043 log2 ('KTLKIIRLLF')  global_best=4.3043 log2  τ=1.10  β=0.055
Ep 996/2000  reward=+0.0000 log2  ep_best=4.3043 log2 ('KTLKIIRLLF')  global_best=4.3043 log2  τ=1.10  β=0.055
Ep 997/2000  reward=+0.0000 log2  ep_best=4.3043 log2 ('KTLKIIRLLF')  global_best=4.3043 log2  τ=1.10  β=0.055
Ep 998/2000  reward=+0.0000 log2  ep_best=4.3043 log2 ('KTLKIIRLLF')  global_best=4.3043 log2  τ=1.10  β=0.055
Ep 999/2000  reward=+0.0000 log2  ep_best=4.3043 log2 ('KTLKIIRLLF')  global_best=4.3043 log2  τ=1.10  β=0.055
Ep 1000/2000  reward=+0.0000 log2  ep_best=4.3043 log2 ('KTLKIIRLLF')  global_best=4.3043 log2  τ=1.10  β=0.055
Ep 1001/2000  reward=+0.0000 log2  ep_best=4.3043 log2 ('KTLKIIRLLF')  global_best=4.3043 log2  τ=1.10  β=0.055
Ep 1002/2000  reward=+0.0000 log2  ep_best=4.3043 log2 ('KTLKIIRLLF')  global_best=4.3043 log2  τ=1.10  β=0.055
Ep 1003/2000  reward=+0.0000 log2  ep_best=4.3043 log2 ('KTLKIIRLLF')  global_best=4.3043 log2  τ=1.10  β=0.055
Ep 1004/2000  reward=+0.0000 log2  ep_best=4.3043 log2 ('KTLKIIRLLF')  global_best=4.3043 log2  τ=1.10  β=0.055
Ep 1005/2000  reward=+0.0000 log2  ep_best=4.3043 log2 ('KTLKIIRLLF')  global_best=4.3043 log2  τ=1.10  β=0.055
Ep 1006/2000  reward=+0.0000 log2  ep_best=4.3043 log2 ('KTLKIIRLLF')  global_best=4.3043 log2  τ=1.10  β=0.055
Ep 1007/2000  reward=+0.0000 log2  ep_best=4.3043 log2 ('KTLKIIRLLF')  global_best=4.3043 log2  τ=1.09  β=0.055
Ep 1008/2000  reward=+0.0000 log2  ep_best=4.3043 log2 ('KTLKIIRLLF')  global_best=4.3043 log2  τ=1.09  β=0.055
Ep 1009/2000  reward=+0.0000 log2  ep_best=4.3043 log2 ('KTLKIIRLLF')  global_best=4.3043 log2  τ=1.09  β=0.055
Ep 1010/2000  reward=+0.0000 log2  ep_best=4.3043 log2 ('KTLKIIRLLF')  global_best=4.3043 log2  τ=1.09  β=0.055
Ep 1011/2000  reward=+0.0000 log2  ep_best=4.3043 log2 ('KTLKIIRLLF')  global_best=4.3043 log2  τ=1.09  β=0.055
Ep 1012/2000  reward=+0.0000 log2  ep_best=4.3043 log2 ('KTLKIIRLLF')  global_best=4.3043 log2  τ=1.09  β=0.054
Ep 1013/2000  reward=+0.0000 log2  ep_best=4.3043 log2 ('KTLKIIRLLF')  global_best=4.3043 log2  τ=1.09  β=0.054
Ep 1014/2000  reward=+0.0000 log2  ep_best=4.3043 log2 ('KTLKIIRLLF')  global_best=4.3043 log2  τ=1.09  β=0.054
Ep 1015/2000  reward=+0.0000 log2  ep_best=4.3043 log2 ('KTLKIIRLLF')  global_best=4.3043 log2  τ=1.09  β=0.054
Ep 1016/2000  reward=+0.0000 log2  ep_best=4.3043 log2 ('KTLKIIRLLF')  global_best=4.3043 log2  τ=1.09  β=0.054
Ep 1017/2000  reward=+0.0000 log2  ep_best=4.3043 log2 ('KTLKIIRLLF')  global_best=4.3043 log2  τ=1.09  β=0.054
Ep 1018/2000  reward=+0.0000 log2  ep_best=4.3043 log2 ('KTLKIIRLLF')  global_best=4.3043 log2  τ=1.08  β=0.054
Ep 1019/2000  reward=+0.0000 log2  ep_best=4.3043 log2 ('KTLKIIRLLF')  global_best=4.3043 log2  τ=1.08  β=0.054
Ep 1020/2000  reward=+0.0000 log2  ep_best=4.3043 log2 ('KTLKIIRLLF')  global_best=4.3043 log2  τ=1.08  β=0.054
Ep 1021/2000  reward=+0.0000 log2  ep_best=4.3043 log2 ('KTLKIIRLLF')  global_best=4.3043 log2  τ=1.08  β=0.054
Ep 1022/2000  reward=+0.0000 log2  ep_best=4.3043 log2 ('KTLKIIRLLF')  global_best=4.3043 log2  τ=1.08  β=0.054
Ep 1023/2000  reward=+0.0000 log2  ep_best=4.3043 log2 ('KTLKIIRLLF')  global_best=4.3043 log2  τ=1.08  β=0.054
Ep 1024/2000  reward=+0.0000 log2  ep_best=4.3043 log2 ('KTLKIIRLLF')  global_best=4.3043 log2  τ=1.08  β=0.054
Ep 1025/2000  reward=+0.0000 log2  ep_best=4.3043 log2 ('KTLKIIRLLF')  global_best=4.3043 log2  τ=1.08  β=0.054
Ep 1026/2000  reward=+0.0000 log2  ep_best=4.3043 log2 ('KTLKIIRLLF')  global_best=4.3043 log2  τ=1.08  β=0.054
Ep 1027/2000  reward=+0.0000 log2  ep_best=4.3043 log2 ('KTLKIIRLLF')  global_best=4.3043 log2  τ=1.08  β=0.054
Ep 1028/2000  reward=+0.0000 log2  ep_best=4.3043 log2 ('KTLKIIRLLF')  global_best=4.3043 log2  τ=1.08  β=0.054
Ep 1029/2000  reward=+0.0000 log2  ep_best=4.3043 log2 ('KTLKIIRLLF')  global_best=4.3043 log2  τ=1.07  β=0.054
Ep 1030/2000  reward=+0.0000 log2  ep_best=4.3043 log2 ('KTLKIIRLLF')  global_best=4.3043 log2  τ=1.07  β=0.054
Ep 1031/2000  reward=+0.0000 log2  ep_best=4.3043 log2 ('KTLKIIRLLF')  global_best=4.3043 log2  τ=1.07  β=0.054
Ep 1032/2000  reward=+0.0000 log2  ep_best=4.3043 log2 ('KTLKIIRLLF')  global_best=4.3043 log2  τ=1.07  β=0.054
Ep 1033/2000  reward=+0.0000 log2  ep_best=4.3043 log2 ('KTLKIIRLLF')  global_best=4.3043 log2  τ=1.07  β=0.054
Ep 1034/2000  reward=+0.0000 log2  ep_best=4.3043 log2 ('KTLKIIRLLF')  global_best=4.3043 log2  τ=1.07  β=0.053
Ep 1035/2000  reward=+0.0000 log2  ep_best=4.3043 log2 ('KTLKIIRLLF')  global_best=4.3043 log2  τ=1.07  β=0.053
Ep 1036/2000  reward=+0.0000 log2  ep_best=4.3043 log2 ('KTLKIIRLLF')  global_best=4.3043 log2  τ=1.07  β=0.053
Ep 1037/2000  reward=+0.0000 log2  ep_best=4.3043 log2 ('KTLKIIRLLF')  global_best=4.3043 log2  τ=1.07  β=0.053
Ep 1038/2000  reward=+0.0000 log2  ep_best=4.3043 log2 ('KTLKIIRLLF')  global_best=4.3043 log2  τ=1.07  β=0.053
Ep 1039/2000  reward=+0.0000 log2  ep_best=4.3043 log2 ('KTLKIIRLLF')  global_best=4.3043 log2  τ=1.07  β=0.053
Ep 1040/2000  reward=+0.0000 log2  ep_best=4.3043 log2 ('KTLKIIRLLF')  global_best=4.3043 log2  τ=1.06  β=0.053
Ep 1041/2000  reward=+0.0000 log2  ep_best=4.3043 log2 ('KTLKIIRLLF')  global_best=4.3043 log2  τ=1.06  β=0.053
Ep 1042/2000  reward=+0.0000 log2  ep_best=4.3043 log2 ('KTLKIIRLLF')  global_best=4.3043 log2  τ=1.06  β=0.053
Ep 1043/2000  reward=+0.0000 log2  ep_best=4.3043 log2 ('KTLKIIRLLF')  global_best=4.3043 log2  τ=1.06  β=0.053
Ep 1044/2000  reward=+0.0000 log2  ep_best=4.3043 log2 ('KTLKIIRLLF')  global_best=4.3043 log2  τ=1.06  β=0.053
Ep 1045/2000  reward=+0.0000 log2  ep_best=4.3043 log2 ('KTLKIIRLLF')  global_best=4.3043 log2  τ=1.06  β=0.053
Ep 1046/2000  reward=+0.0000 log2  ep_best=4.3043 log2 ('KTLKIIRLLF')  global_best=4.3043 log2  τ=1.06  β=0.053
Ep 1047/2000  reward=+0.0000 log2  ep_best=4.3043 log2 ('KTLKIIRLLF')  global_best=4.3043 log2  τ=1.06  β=0.053
Ep 1048/2000  reward=+0.0000 log2  ep_best=4.3043 log2 ('KTLKIIRLLF')  global_best=4.3043 log2  τ=1.06  β=0.053
Ep 1049/2000  reward=+0.0000 log2  ep_best=4.3043 log2 ('KTLKIIRLLF')  global_best=4.3043 log2  τ=1.06  β=0.053
Ep 1050/2000  reward=+0.0000 log2  ep_best=4.3043 log2 ('KTLKIIRLLF')  global_best=4.3043 log2  τ=1.06  β=0.053
Ep 1051/2000  reward=+0.0000 log2  ep_best=4.3043 log2 ('KTLKIIRLLF')  global_best=4.3043 log2  τ=1.05  β=0.053
Ep 1052/2000  reward=+0.0000 log2  ep_best=4.3043 log2 ('KTLKIIRLLF')  global_best=4.3043 log2  τ=1.05  β=0.053
Ep 1053/2000  reward=+0.0000 log2  ep_best=4.3043 log2 ('KTLKIIRLLF')  global_best=4.3043 log2  τ=1.05  β=0.053
Ep 1054/2000  reward=+0.0000 log2  ep_best=4.3043 log2 ('KTLKIIRLLF')  global_best=4.3043 log2  τ=1.05  β=0.053
Ep 1055/2000  reward=+0.0000 log2  ep_best=4.3043 log2 ('KTLKIIRLLF')  global_best=4.3043 log2  τ=1.05  β=0.053
Ep 1056/2000  reward=+0.0000 log2  ep_best=4.3043 log2 ('KTLKIIRLLF')  global_best=4.3043 log2  τ=1.05  β=0.053
Ep 1057/2000  reward=+0.0000 log2  ep_best=4.3043 log2 ('KTLKIIRLLF')  global_best=4.3043 log2  τ=1.05  β=0.052
Ep 1058/2000  reward=+0.0000 log2  ep_best=4.3043 log2 ('KTLKIIRLLF')  global_best=4.3043 log2  τ=1.05  β=0.052
Ep 1059/2000  reward=+0.0000 log2  ep_best=4.3043 log2 ('KTLKIIRLLF')  global_best=4.3043 log2  τ=1.05  β=0.052
Ep 1060/2000  reward=+0.0000 log2  ep_best=4.3043 log2 ('KTLKIIRLLF')  global_best=4.3043 log2  τ=1.05  β=0.052
Ep 1061/2000  reward=+0.0000 log2  ep_best=4.3043 log2 ('KTLKIIRLLF')  global_best=4.3043 log2  τ=1.05  β=0.052
Ep 1062/2000  reward=+0.0000 log2  ep_best=4.3043 log2 ('KTLKIIRLLF')  global_best=4.3043 log2  τ=1.04  β=0.052
Ep 1063/2000  reward=+0.0000 log2  ep_best=4.3043 log2 ('KTLKIIRLLF')  global_best=4.3043 log2  τ=1.04  β=0.052
Ep 1064/2000  reward=+0.0000 log2  ep_best=4.3043 log2 ('KTLKIIRLLF')  global_best=4.3043 log2  τ=1.04  β=0.052
Ep 1065/2000  reward=+0.0000 log2  ep_best=4.3043 log2 ('KTLKIIRLLF')  global_best=4.3043 log2  τ=1.04  β=0.052
Ep 1066/2000  reward=+0.0000 log2  ep_best=4.3043 log2 ('KTLKIIRLLF')  global_best=4.3043 log2  τ=1.04  β=0.052
Ep 1067/2000  reward=+0.0000 log2  ep_best=4.3043 log2 ('KTLKIIRLLF')  global_best=4.3043 log2  τ=1.04  β=0.052
Ep 1068/2000  reward=+0.0000 log2  ep_best=4.3043 log2 ('KTLKIIRLLF')  global_best=4.3043 log2  τ=1.04  β=0.052
Ep 1069/2000  reward=+0.0000 log2  ep_best=4.3043 log2 ('KTLKIIRLLF')  global_best=4.3043 log2  τ=1.04  β=0.052
Ep 1070/2000  reward=+0.0000 log2  ep_best=4.3043 log2 ('KTLKIIRLLF')  global_best=4.3043 log2  τ=1.04  β=0.052
Ep 1071/2000  reward=+0.0000 log2  ep_best=4.3043 log2 ('KTLKIIRLLF')  global_best=4.3043 log2  τ=1.04  β=0.052
Ep 1072/2000  reward=+0.0000 log2  ep_best=4.3043 log2 ('KTLKIIRLLF')  global_best=4.3043 log2  τ=1.04  β=0.052
Ep 1073/2000  reward=+0.0000 log2  ep_best=4.3043 log2 ('KTLKIIRLLF')  global_best=4.3043 log2  τ=1.03  β=0.052
Ep 1074/2000  reward=+0.0000 log2  ep_best=4.3043 log2 ('KTLKIIRLLF')  global_best=4.3043 log2  τ=1.03  β=0.052
Ep 1075/2000  reward=+0.0000 log2  ep_best=4.3043 log2 ('KTLKIIRLLF')  global_best=4.3043 log2  τ=1.03  β=0.052
Ep 1076/2000  reward=+0.0000 log2  ep_best=4.3043 log2 ('KTLKIIRLLF')  global_best=4.3043 log2  τ=1.03  β=0.052
Ep 1077/2000  reward=+0.0000 log2  ep_best=4.3043 log2 ('KTLKIIRLLF')  global_best=4.3043 log2  τ=1.03  β=0.052
Ep 1078/2000  reward=+0.0000 log2  ep_best=4.3043 log2 ('KTLKIIRLLF')  global_best=4.3043 log2  τ=1.03  β=0.052
Ep 1079/2000  reward=+0.0000 log2  ep_best=4.3043 log2 ('KTLKIIRLLF')  global_best=4.3043 log2  τ=1.03  β=0.051
Ep 1080/2000  reward=+0.0000 log2  ep_best=4.3043 log2 ('KTLKIIRLLF')  global_best=4.3043 log2  τ=1.03  β=0.051
Ep 1081/2000  reward=+0.0000 log2  ep_best=4.3043 log2 ('KTLKIIRLLF')  global_best=4.3043 log2  τ=1.03  β=0.051
Ep 1082/2000  reward=+0.0000 log2  ep_best=4.3043 log2 ('KTLKIIRLLF')  global_best=4.3043 log2  τ=1.03  β=0.051
Ep 1083/2000  reward=+0.0000 log2  ep_best=4.3043 log2 ('KTLKIIRLLF')  global_best=4.3043 log2  τ=1.03  β=0.051
Ep 1084/2000  reward=+0.0000 log2  ep_best=4.3043 log2 ('KTLKIIRLLF')  global_best=4.3043 log2  τ=1.02  β=0.051
Ep 1085/2000  reward=+0.0000 log2  ep_best=4.3043 log2 ('KTLKIIRLLF')  global_best=4.3043 log2  τ=1.02  β=0.051
Ep 1086/2000  reward=+0.0000 log2  ep_best=4.3043 log2 ('KTLKIIRLLF')  global_best=4.3043 log2  τ=1.02  β=0.051
Ep 1087/2000  reward=+0.0000 log2  ep_best=4.3043 log2 ('KTLKIIRLLF')  global_best=4.3043 log2  τ=1.02  β=0.051
Ep 1088/2000  reward=+0.0000 log2  ep_best=4.3043 log2 ('KTLKIIRLLF')  global_best=4.3043 log2  τ=1.02  β=0.051
Ep 1089/2000  reward=+0.0000 log2  ep_best=4.3043 log2 ('KTLKIIRLLF')  global_best=4.3043 log2  τ=1.02  β=0.051
Ep 1090/2000  reward=+0.0000 log2  ep_best=4.3043 log2 ('KTLKIIRLLF')  global_best=4.3043 log2  τ=1.02  β=0.051
Ep 1091/2000  reward=+0.0000 log2  ep_best=4.3043 log2 ('KTLKIIRLLF')  global_best=4.3043 log2  τ=1.02  β=0.051
Ep 1092/2000  reward=+0.0000 log2  ep_best=4.3043 log2 ('KTLKIIRLLF')  global_best=4.3043 log2  τ=1.02  β=0.051
Ep 1093/2000  reward=+0.0000 log2  ep_best=4.3043 log2 ('KTLKIIRLLF')  global_best=4.3043 log2  τ=1.02  β=0.051
Ep 1094/2000  reward=+0.0000 log2  ep_best=4.3043 log2 ('KTLKIIRLLF')  global_best=4.3043 log2  τ=1.02  β=0.051
Ep 1095/2000  reward=+0.0000 log2  ep_best=4.3043 log2 ('KTLKIIRLLF')  global_best=4.3043 log2  τ=1.01  β=0.051
Ep 1096/2000  reward=+0.0000 log2  ep_best=4.3043 log2 ('KTLKIIRLLF')  global_best=4.3043 log2  τ=1.01  β=0.051
Ep 1097/2000  reward=+0.0000 log2  ep_best=4.3043 log2 ('KTLKIIRLLF')  global_best=4.3043 log2  τ=1.01  β=0.051
Ep 1098/2000  reward=+0.0000 log2  ep_best=4.3043 log2 ('KTLKIIRLLF')  global_best=4.3043 log2  τ=1.01  β=0.051
Ep 1099/2000  reward=+0.0000 log2  ep_best=4.3043 log2 ('KTLKIIRLLF')  global_best=4.3043 log2  τ=1.01  β=0.051
Ep 1100/2000  reward=+0.0000 log2  ep_best=4.3043 log2 ('KTLKIIRLLF')  global_best=4.3043 log2  τ=1.01  β=0.051
Ep 1101/2000  reward=+0.0000 log2  ep_best=4.3043 log2 ('KTLKIIRLLF')  global_best=4.3043 log2  τ=1.01  β=0.050
Ep 1102/2000  reward=+0.0000 log2  ep_best=4.3043 log2 ('KTLKIIRLLF')  global_best=4.3043 log2  τ=1.01  β=0.050
Ep 1103/2000  reward=+0.0000 log2  ep_best=4.3043 log2 ('KTLKIIRLLF')  global_best=4.3043 log2  τ=1.01  β=0.050
Ep 1104/2000  reward=+0.0000 log2  ep_best=4.3043 log2 ('KTLKIIRLLF')  global_best=4.3043 log2  τ=1.01  β=0.050
Ep 1105/2000  reward=+0.0000 log2  ep_best=4.3043 log2 ('KTLKIIRLLF')  global_best=4.3043 log2  τ=1.01  β=0.050
Ep 1106/2000  reward=+0.0000 log2  ep_best=4.3043 log2 ('KTLKIIRLLF')  global_best=4.3043 log2  τ=1.01  β=0.050
Ep 1107/2000  reward=+0.0000 log2  ep_best=4.3043 log2 ('KTLKIIRLLF')  global_best=4.3043 log2  τ=1.00  β=0.050
Ep 1108/2000  reward=+0.0000 log2  ep_best=4.3043 log2 ('KTLKIIRLLF')  global_best=4.3043 log2  τ=1.00  β=0.050
Ep 1109/2000  reward=+0.0000 log2  ep_best=4.3043 log2 ('KTLKIIRLLF')  global_best=4.3043 log2  τ=1.00  β=0.050
Ep 1110/2000  reward=+0.0000 log2  ep_best=4.3043 log2 ('KTLKIIRLLF')  global_best=4.3043 log2  τ=1.00  β=0.050
Ep 1111/2000  reward=+0.0000 log2  ep_best=4.3043 log2 ('KTLKIIRLLF')  global_best=4.3043 log2  τ=1.00  β=0.050
Ep 1112/2000  reward=+0.0000 log2  ep_best=4.3043 log2 ('KTLKIIRLLF')  global_best=4.3043 log2  τ=1.00  β=0.050
Ep 1113/2000  reward=+0.0000 log2  ep_best=4.3043 log2 ('KTLKIIRLLF')  global_best=4.3043 log2  τ=1.00  β=0.050
Ep 1114/2000  reward=+0.0000 log2  ep_best=4.3043 log2 ('KTLKIIRLLF')  global_best=4.3043 log2  τ=1.00  β=0.050
Ep 1115/2000  reward=+0.0000 log2  ep_best=4.3043 log2 ('KTLKIIRLLF')  global_best=4.3043 log2  τ=1.00  β=0.050
Ep 1116/2000  reward=+0.0000 log2  ep_best=4.3043 log2 ('KTLKIIRLLF')  global_best=4.3043 log2  τ=1.00  β=0.050
Ep 1117/2000  reward=+0.0000 log2  ep_best=4.3043 log2 ('KTLKIIRLLF')  global_best=4.3043 log2  τ=1.00  β=0.050
Ep 1118/2000  reward=+0.0000 log2  ep_best=4.3043 log2 ('KTLKIIRLLF')  global_best=4.3043 log2  τ=0.99  β=0.050
Ep 1119/2000  reward=+0.0000 log2  ep_best=4.3043 log2 ('KTLKIIRLLF')  global_best=4.3043 log2  τ=0.99  β=0.050
Ep 1120/2000  reward=+0.0000 log2  ep_best=4.3043 log2 ('KTLKIIRLLF')  global_best=4.3043 log2  τ=0.99  β=0.050
Ep 1121/2000  reward=+0.0000 log2  ep_best=4.3043 log2 ('KTLKIIRLLF')  global_best=4.3043 log2  τ=0.99  β=0.050
Ep 1122/2000  reward=+0.0000 log2  ep_best=4.3043 log2 ('KTLKIIRLLF')  global_best=4.3043 log2  τ=0.99  β=0.050
Ep 1123/2000  reward=+0.0000 log2  ep_best=4.3043 log2 ('KTLKIIRLLF')  global_best=4.3043 log2  τ=0.99  β=0.049
Ep 1124/2000  reward=+0.0000 log2  ep_best=4.3043 log2 ('KTLKIIRLLF')  global_best=4.3043 log2  τ=0.99  β=0.049
Ep 1125/2000  reward=+0.0000 log2  ep_best=4.3043 log2 ('KTLKIIRLLF')  global_best=4.3043 log2  τ=0.99  β=0.049
Ep 1126/2000  reward=+0.0000 log2  ep_best=4.3043 log2 ('KTLKIIRLLF')  global_best=4.3043 log2  τ=0.99  β=0.049
Ep 1127/2000  reward=+0.0000 log2  ep_best=4.3043 log2 ('KTLKIIRLLF')  global_best=4.3043 log2  τ=0.99  β=0.049
Ep 1128/2000  reward=+0.0000 log2  ep_best=4.3043 log2 ('KTLKIIRLLF')  global_best=4.3043 log2  τ=0.99  β=0.049
Ep 1129/2000  reward=+0.0000 log2  ep_best=4.3043 log2 ('KTLKIIRLLF')  global_best=4.3043 log2  τ=0.98  β=0.049
Ep 1130/2000  reward=+0.0000 log2  ep_best=4.3043 log2 ('KTLKIIRLLF')  global_best=4.3043 log2  τ=0.98  β=0.049
Ep 1131/2000  reward=+0.0000 log2  ep_best=4.3043 log2 ('KTLKIIRLLF')  global_best=4.3043 log2  τ=0.98  β=0.049
Ep 1132/2000  reward=+0.0000 log2  ep_best=4.3043 log2 ('KTLKIIRLLF')  global_best=4.3043 log2  τ=0.98  β=0.049
Ep 1133/2000  reward=+0.0000 log2  ep_best=4.3043 log2 ('KTLKIIRLLF')  global_best=4.3043 log2  τ=0.98  β=0.049
Ep 1134/2000  reward=+0.0000 log2  ep_best=4.3043 log2 ('KTLKIIRLLF')  global_best=4.3043 log2  τ=0.98  β=0.049
Ep 1135/2000  reward=+0.0000 log2  ep_best=4.3043 log2 ('KTLKIIRLLF')  global_best=4.3043 log2  τ=0.98  β=0.049
Ep 1136/2000  reward=+0.0000 log2  ep_best=4.3043 log2 ('KTLKIIRLLF')  global_best=4.3043 log2  τ=0.98  β=0.049
Ep 1137/2000  reward=+0.0000 log2  ep_best=4.3043 log2 ('KTLKIIRLLF')  global_best=4.3043 log2  τ=0.98  β=0.049
Ep 1138/2000  reward=+0.0000 log2  ep_best=4.3043 log2 ('KTLKIIRLLF')  global_best=4.3043 log2  τ=0.98  β=0.049
Ep 1139/2000  reward=+0.0000 log2  ep_best=4.3043 log2 ('KTLKIIRLLF')  global_best=4.3043 log2  τ=0.98  β=0.049
Ep 1140/2000  reward=+0.0000 log2  ep_best=4.3043 log2 ('KTLKIIRLLF')  global_best=4.3043 log2  τ=0.97  β=0.049
Ep 1141/2000  reward=+0.0000 log2  ep_best=4.3043 log2 ('KTLKIIRLLF')  global_best=4.3043 log2  τ=0.97  β=0.049
Ep 1142/2000  reward=+0.0000 log2  ep_best=4.3043 log2 ('KTLKIIRLLF')  global_best=4.3043 log2  τ=0.97  β=0.049
Ep 1143/2000  reward=+0.0000 log2  ep_best=4.3043 log2 ('KTLKIIRLLF')  global_best=4.3043 log2  τ=0.97  β=0.049
Ep 1144/2000  reward=+0.0000 log2  ep_best=4.3043 log2 ('KTLKIIRLLF')  global_best=4.3043 log2  τ=0.97  β=0.049
Ep 1145/2000  reward=+0.0000 log2  ep_best=4.3043 log2 ('KTLKIIRLLF')  global_best=4.3043 log2  τ=0.97  β=0.048
Ep 1146/2000  reward=+0.0000 log2  ep_best=4.3043 log2 ('KTLKIIRLLF')  global_best=4.3043 log2  τ=0.97  β=0.048
Ep 1147/2000  reward=+0.0000 log2  ep_best=4.3043 log2 ('KTLKIIRLLF')  global_best=4.3043 log2  τ=0.97  β=0.048
Ep 1148/2000  reward=+0.0000 log2  ep_best=4.3043 log2 ('KTLKIIRLLF')  global_best=4.3043 log2  τ=0.97  β=0.048
Ep 1149/2000  reward=+0.0000 log2  ep_best=4.3043 log2 ('KTLKIIRLLF')  global_best=4.3043 log2  τ=0.97  β=0.048
Ep 1150/2000  reward=+0.0000 log2  ep_best=4.3043 log2 ('KTLKIIRLLF')  global_best=4.3043 log2  τ=0.97  β=0.048
Ep 1151/2000  reward=+0.0000 log2  ep_best=4.3043 log2 ('KTLKIIRLLF')  global_best=4.3043 log2  τ=0.96  β=0.048
Ep 1152/2000  reward=+0.0000 log2  ep_best=4.3043 log2 ('KTLKIIRLLF')  global_best=4.3043 log2  τ=0.96  β=0.048
Ep 1153/2000  reward=+0.0000 log2  ep_best=4.3043 log2 ('KTLKIIRLLF')  global_best=4.3043 log2  τ=0.96  β=0.048
Ep 1154/2000  reward=+0.0000 log2  ep_best=4.3043 log2 ('KTLKIIRLLF')  global_best=4.3043 log2  τ=0.96  β=0.048
Ep 1155/2000  reward=+0.0000 log2  ep_best=4.3043 log2 ('KTLKIIRLLF')  global_best=4.3043 log2  τ=0.96  β=0.048
Ep 1156/2000  reward=+0.0000 log2  ep_best=4.3043 log2 ('KTLKIIRLLF')  global_best=4.3043 log2  τ=0.96  β=0.048
Ep 1157/2000  reward=+0.0000 log2  ep_best=4.3043 log2 ('KTLKIIRLLF')  global_best=4.3043 log2  τ=0.96  β=0.048
Ep 1158/2000  reward=+0.0000 log2  ep_best=4.3043 log2 ('KTLKIIRLLF')  global_best=4.3043 log2  τ=0.96  β=0.048
Ep 1159/2000  reward=+0.0000 log2  ep_best=4.3043 log2 ('KTLKIIRLLF')  global_best=4.3043 log2  τ=0.96  β=0.048
Ep 1160/2000  reward=+0.0000 log2  ep_best=4.3043 log2 ('KTLKIIRLLF')  global_best=4.3043 log2  τ=0.96  β=0.048
Ep 1161/2000  reward=+0.0000 log2  ep_best=4.3043 log2 ('KTLKIIRLLF')  global_best=4.3043 log2  τ=0.96  β=0.048
Ep 1162/2000  reward=+0.0000 log2  ep_best=4.3043 log2 ('KTLKIIRLLF')  global_best=4.3043 log2  τ=0.95  β=0.048
Ep 1163/2000  reward=+0.0000 log2  ep_best=4.3043 log2 ('KTLKIIRLLF')  global_best=4.3043 log2  τ=0.95  β=0.048
Ep 1164/2000  reward=+0.0000 log2  ep_best=4.3043 log2 ('KTLKIIRLLF')  global_best=4.3043 log2  τ=0.95  β=0.048
Ep 1165/2000  reward=+0.0000 log2  ep_best=4.3043 log2 ('KTLKIIRLLF')  global_best=4.3043 log2  τ=0.95  β=0.048
Ep 1166/2000  reward=+0.0000 log2  ep_best=4.3043 log2 ('KTLKIIRLLF')  global_best=4.3043 log2  τ=0.95  β=0.048
Ep 1167/2000  reward=+0.0000 log2  ep_best=4.3043 log2 ('KTLKIIRLLF')  global_best=4.3043 log2  τ=0.95  β=0.048
Ep 1168/2000  reward=+0.0000 log2  ep_best=4.3043 log2 ('KTLKIIRLLF')  global_best=4.3043 log2  τ=0.95  β=0.047
Ep 1169/2000  reward=+0.0000 log2  ep_best=4.3043 log2 ('KTLKIIRLLF')  global_best=4.3043 log2  τ=0.95  β=0.047
Ep 1170/2000  reward=+0.0000 log2  ep_best=4.3043 log2 ('KTLKIIRLLF')  global_best=4.3043 log2  τ=0.95  β=0.047
Ep 1171/2000  reward=+0.0000 log2  ep_best=4.3043 log2 ('KTLKIIRLLF')  global_best=4.3043 log2  τ=0.95  β=0.047
Ep 1172/2000  reward=+0.0000 log2  ep_best=4.3043 log2 ('KTLKIIRLLF')  global_best=4.3043 log2  τ=0.95  β=0.047
Ep 1173/2000  reward=+0.0000 log2  ep_best=4.3043 log2 ('KTLKIIRLLF')  global_best=4.3043 log2  τ=0.94  β=0.047
Ep 1174/2000  reward=+0.0000 log2  ep_best=4.3043 log2 ('KTLKIIRLLF')  global_best=4.3043 log2  τ=0.94  β=0.047
Ep 1175/2000  reward=+0.0000 log2  ep_best=4.3043 log2 ('KTLKIIRLLF')  global_best=4.3043 log2  τ=0.94  β=0.047
Ep 1176/2000  reward=+0.0000 log2  ep_best=4.3043 log2 ('KTLKIIRLLF')  global_best=4.3043 log2  τ=0.94  β=0.047
Ep 1177/2000  reward=+0.0000 log2  ep_best=4.3043 log2 ('KTLKIIRLLF')  global_best=4.3043 log2  τ=0.94  β=0.047
Ep 1178/2000  reward=+0.0000 log2  ep_best=4.3043 log2 ('KTLKIIRLLF')  global_best=4.3043 log2  τ=0.94  β=0.047
Ep 1179/2000  reward=+0.0000 log2  ep_best=4.3043 log2 ('KTLKIIRLLF')  global_best=4.3043 log2  τ=0.94  β=0.047
Ep 1180/2000  reward=+0.0000 log2  ep_best=4.3043 log2 ('KTLKIIRLLF')  global_best=4.3043 log2  τ=0.94  β=0.047
Ep 1181/2000  reward=+0.0000 log2  ep_best=4.3043 log2 ('KTLKIIRLLF')  global_best=4.3043 log2  τ=0.94  β=0.047
Ep 1182/2000  reward=+0.0000 log2  ep_best=4.3043 log2 ('KTLKIIRLLF')  global_best=4.3043 log2  τ=0.94  β=0.047
Ep 1183/2000  reward=+0.0000 log2  ep_best=4.3043 log2 ('KTLKIIRLLF')  global_best=4.3043 log2  τ=0.94  β=0.047
Ep 1184/2000  reward=+0.0000 log2  ep_best=4.3043 log2 ('KTLKIIRLLF')  global_best=4.3043 log2  τ=0.93  β=0.047
Ep 1185/2000  reward=+0.0000 log2  ep_best=4.3043 log2 ('KTLKIIRLLF')  global_best=4.3043 log2  τ=0.93  β=0.047
Ep 1186/2000  reward=+0.0000 log2  ep_best=4.3043 log2 ('KTLKIIRLLF')  global_best=4.3043 log2  τ=0.93  β=0.047
Ep 1187/2000  reward=+0.0000 log2  ep_best=4.3043 log2 ('KTLKIIRLLF')  global_best=4.3043 log2  τ=0.93  β=0.047
Ep 1188/2000  reward=+0.0000 log2  ep_best=4.3043 log2 ('KTLKIIRLLF')  global_best=4.3043 log2  τ=0.93  β=0.047
Ep 1189/2000  reward=+0.0000 log2  ep_best=4.3043 log2 ('KTLKIIRLLF')  global_best=4.3043 log2  τ=0.93  β=0.047
Ep 1190/2000  reward=+0.0000 log2  ep_best=4.3043 log2 ('KTLKIIRLLF')  global_best=4.3043 log2  τ=0.93  β=0.046
Ep 1191/2000  reward=+0.0000 log2  ep_best=4.3043 log2 ('KTLKIIRLLF')  global_best=4.3043 log2  τ=0.93  β=0.046
Ep 1192/2000  reward=+0.0000 log2  ep_best=4.3043 log2 ('KTLKIIRLLF')  global_best=4.3043 log2  τ=0.93  β=0.046
Ep 1193/2000  reward=+0.0000 log2  ep_best=4.3043 log2 ('KTLKIIRLLF')  global_best=4.3043 log2  τ=0.93  β=0.046
Ep 1194/2000  reward=+0.0000 log2  ep_best=4.3043 log2 ('KTLKIIRLLF')  global_best=4.3043 log2  τ=0.93  β=0.046
Ep 1195/2000  reward=+0.0000 log2  ep_best=4.3043 log2 ('KTLKIIRLLF')  global_best=4.3043 log2  τ=0.92  β=0.046
Ep 1196/2000  reward=+0.0000 log2  ep_best=4.3043 log2 ('KTLKIIRLLF')  global_best=4.3043 log2  τ=0.92  β=0.046
Ep 1197/2000  reward=+0.0000 log2  ep_best=4.3043 log2 ('KTLKIIRLLF')  global_best=4.3043 log2  τ=0.92  β=0.046
Ep 1198/2000  reward=+0.0000 log2  ep_best=4.3043 log2 ('KTLKIIRLLF')  global_best=4.3043 log2  τ=0.92  β=0.046
Ep 1199/2000  reward=+0.0000 log2  ep_best=4.3043 log2 ('KTLKIIRLLF')  global_best=4.3043 log2  τ=0.92  β=0.046
Ep 1200/2000  reward=+0.0000 log2  ep_best=4.3043 log2 ('KTLKIIRLLF')  global_best=4.3043 log2  τ=0.92  β=0.046
Ep 1201/2000  reward=+0.0000 log2  ep_best=4.3043 log2 ('KTLKIIRLLF')  global_best=4.3043 log2  τ=0.92  β=0.046
Ep 1202/2000  reward=+0.0000 log2  ep_best=4.3043 log2 ('KTLKIIRLLF')  global_best=4.3043 log2  τ=0.92  β=0.046
Ep 1203/2000  reward=+0.0000 log2  ep_best=4.3043 log2 ('KTLKIIRLLF')  global_best=4.3043 log2  τ=0.92  β=0.046
Ep 1204/2000  reward=+0.0000 log2  ep_best=4.3043 log2 ('KTLKIIRLLF')  global_best=4.3043 log2  τ=0.92  β=0.046
Ep 1205/2000  reward=+0.0000 log2  ep_best=4.3043 log2 ('KTLKIIRLLF')  global_best=4.3043 log2  τ=0.92  β=0.046
Ep 1206/2000  reward=+0.0000 log2  ep_best=4.3043 log2 ('KTLKIIRLLF')  global_best=4.3043 log2  τ=0.91  β=0.046
Ep 1207/2000  reward=+0.0000 log2  ep_best=4.3043 log2 ('KTLKIIRLLF')  global_best=4.3043 log2  τ=0.91  β=0.046
Ep 1208/2000  reward=+0.0000 log2  ep_best=4.3043 log2 ('KTLKIIRLLF')  global_best=4.3043 log2  τ=0.91  β=0.046
Ep 1209/2000  reward=+0.0000 log2  ep_best=4.3043 log2 ('KTLKIIRLLF')  global_best=4.3043 log2  τ=0.91  β=0.046
Ep 1210/2000  reward=+0.0000 log2  ep_best=4.3043 log2 ('KTLKIIRLLF')  global_best=4.3043 log2  τ=0.91  β=0.046
Ep 1211/2000  reward=+0.0000 log2  ep_best=4.3043 log2 ('KTLKIIRLLF')  global_best=4.3043 log2  τ=0.91  β=0.046
Ep 1212/2000  reward=+0.0000 log2  ep_best=4.3043 log2 ('KTLKIIRLLF')  global_best=4.3043 log2  τ=0.91  β=0.045
Ep 1213/2000  reward=+0.0000 log2  ep_best=4.3043 log2 ('KTLKIIRLLF')  global_best=4.3043 log2  τ=0.91  β=0.045
Ep 1214/2000  reward=+0.0000 log2  ep_best=4.3043 log2 ('KTLKIIRLLF')  global_best=4.3043 log2  τ=0.91  β=0.045
Ep 1215/2000  reward=+0.0000 log2  ep_best=4.3043 log2 ('KTLKIIRLLF')  global_best=4.3043 log2  τ=0.91  β=0.045
Ep 1216/2000  reward=+0.0000 log2  ep_best=4.3043 log2 ('KTLKIIRLLF')  global_best=4.3043 log2  τ=0.91  β=0.045
Ep 1217/2000  reward=+0.0000 log2  ep_best=4.3043 log2 ('KTLKIIRLLF')  global_best=4.3043 log2  τ=0.91  β=0.045
Ep 1218/2000  reward=+0.0000 log2  ep_best=4.3043 log2 ('KTLKIIRLLF')  global_best=4.3043 log2  τ=0.90  β=0.045
Ep 1219/2000  reward=+0.0000 log2  ep_best=4.3043 log2 ('KTLKIIRLLF')  global_best=4.3043 log2  τ=0.90  β=0.045
Ep 1220/2000  reward=+0.0000 log2  ep_best=4.3043 log2 ('KTLKIIRLLF')  global_best=4.3043 log2  τ=0.90  β=0.045
Ep 1221/2000  reward=+0.0000 log2  ep_best=4.3043 log2 ('KTLKIIRLLF')  global_best=4.3043 log2  τ=0.90  β=0.045
Ep 1222/2000  reward=+0.0000 log2  ep_best=4.3043 log2 ('KTLKIIRLLF')  global_best=4.3043 log2  τ=0.90  β=0.045
Ep 1223/2000  reward=+0.0000 log2  ep_best=4.3043 log2 ('KTLKIIRLLF')  global_best=4.3043 log2  τ=0.90  β=0.045
Ep 1224/2000  reward=+0.0000 log2  ep_best=4.3043 log2 ('KTLKIIRLLF')  global_best=4.3043 log2  τ=0.90  β=0.045
Ep 1225/2000  reward=+0.0000 log2  ep_best=4.3043 log2 ('KTLKIIRLLF')  global_best=4.3043 log2  τ=0.90  β=0.045
Ep 1226/2000  reward=+0.0000 log2  ep_best=4.3043 log2 ('KTLKIIRLLF')  global_best=4.3043 log2  τ=0.90  β=0.045
Ep 1227/2000  reward=+0.0000 log2  ep_best=4.3043 log2 ('KTLKIIRLLF')  global_best=4.3043 log2  τ=0.90  β=0.045
Ep 1228/2000  reward=+0.0000 log2  ep_best=4.3043 log2 ('KTLKIIRLLF')  global_best=4.3043 log2  τ=0.90  β=0.045
Ep 1229/2000  reward=+0.0000 log2  ep_best=4.3043 log2 ('KTLKIIRLLF')  global_best=4.3043 log2  τ=0.89  β=0.045
Ep 1230/2000  reward=+0.0000 log2  ep_best=4.3043 log2 ('KTLKIIRLLF')  global_best=4.3043 log2  τ=0.89  β=0.045
Ep 1231/2000  reward=+0.0000 log2  ep_best=4.3043 log2 ('KTLKIIRLLF')  global_best=4.3043 log2  τ=0.89  β=0.045
Ep 1232/2000  reward=+0.0000 log2  ep_best=4.3043 log2 ('KTLKIIRLLF')  global_best=4.3043 log2  τ=0.89  β=0.045
Ep 1233/2000  reward=+0.0000 log2  ep_best=4.3043 log2 ('KTLKIIRLLF')  global_best=4.3043 log2  τ=0.89  β=0.045
Ep 1234/2000  reward=+0.0000 log2  ep_best=4.3043 log2 ('KTLKIIRLLF')  global_best=4.3043 log2  τ=0.89  β=0.044
Ep 1235/2000  reward=+0.0000 log2  ep_best=4.3043 log2 ('KTLKIIRLLF')  global_best=4.3043 log2  τ=0.89  β=0.044
Ep 1236/2000  reward=+0.0000 log2  ep_best=4.3043 log2 ('KTLKIIRLLF')  global_best=4.3043 log2  τ=0.89  β=0.044
Ep 1237/2000  reward=+0.0000 log2  ep_best=4.3043 log2 ('KTLKIIRLLF')  global_best=4.3043 log2  τ=0.89  β=0.044
Ep 1238/2000  reward=+0.0000 log2  ep_best=4.3043 log2 ('KTLKIIRLLF')  global_best=4.3043 log2  τ=0.89  β=0.044
Ep 1239/2000  reward=+0.0000 log2  ep_best=4.3043 log2 ('KTLKIIRLLF')  global_best=4.3043 log2  τ=0.89  β=0.044
Ep 1240/2000  reward=+0.0000 log2  ep_best=4.3043 log2 ('KTLKIIRLLF')  global_best=4.3043 log2  τ=0.88  β=0.044
Ep 1241/2000  reward=+0.0000 log2  ep_best=4.3043 log2 ('KTLKIIRLLF')  global_best=4.3043 log2  τ=0.88  β=0.044
Ep 1242/2000  reward=+0.0000 log2  ep_best=4.3043 log2 ('KTLKIIRLLF')  global_best=4.3043 log2  τ=0.88  β=0.044
Ep 1243/2000  reward=+0.0000 log2  ep_best=4.3043 log2 ('KTLKIIRLLF')  global_best=4.3043 log2  τ=0.88  β=0.044
Ep 1244/2000  reward=+0.0000 log2  ep_best=4.3043 log2 ('KTLKIIRLLF')  global_best=4.3043 log2  τ=0.88  β=0.044
Ep 1245/2000  reward=+0.0000 log2  ep_best=4.3043 log2 ('KTLKIIRLLF')  global_best=4.3043 log2  τ=0.88  β=0.044
Ep 1246/2000  reward=+0.0000 log2  ep_best=4.3043 log2 ('KTLKIIRLLF')  global_best=4.3043 log2  τ=0.88  β=0.044
Ep 1247/2000  reward=+0.0000 log2  ep_best=4.3043 log2 ('KTLKIIRLLF')  global_best=4.3043 log2  τ=0.88  β=0.044
Ep 1248/2000  reward=+0.0000 log2  ep_best=4.3043 log2 ('KTLKIIRLLF')  global_best=4.3043 log2  τ=0.88  β=0.044
Ep 1249/2000  reward=+0.0000 log2  ep_best=4.3043 log2 ('KTLKIIRLLF')  global_best=4.3043 log2  τ=0.88  β=0.044
Ep 1250/2000  reward=+0.0000 log2  ep_best=4.3043 log2 ('KTLKIIRLLF')  global_best=4.3043 log2  τ=0.88  β=0.044
Ep 1251/2000  reward=+0.0000 log2  ep_best=4.3043 log2 ('KTLKIIRLLF')  global_best=4.3043 log2  τ=0.87  β=0.044
Ep 1252/2000  reward=+0.0000 log2  ep_best=4.3043 log2 ('KTLKIIRLLF')  global_best=4.3043 log2  τ=0.87  β=0.044
Ep 1253/2000  reward=+0.0000 log2  ep_best=4.3043 log2 ('KTLKIIRLLF')  global_best=4.3043 log2  τ=0.87  β=0.044
Ep 1254/2000  reward=+0.0000 log2  ep_best=4.3043 log2 ('KTLKIIRLLF')  global_best=4.3043 log2  τ=0.87  β=0.044
Ep 1255/2000  reward=+0.0000 log2  ep_best=4.3043 log2 ('KTLKIIRLLF')  global_best=4.3043 log2  τ=0.87  β=0.044
Ep 1256/2000  reward=+0.0000 log2  ep_best=4.3043 log2 ('KTLKIIRLLF')  global_best=4.3043 log2  τ=0.87  β=0.043
Ep 1257/2000  reward=+0.0000 log2  ep_best=4.3043 log2 ('KTLKIIRLLF')  global_best=4.3043 log2  τ=0.87  β=0.043
Ep 1258/2000  reward=+0.0000 log2  ep_best=4.3043 log2 ('KTLKIIRLLF')  global_best=4.3043 log2  τ=0.87  β=0.043
Ep 1259/2000  reward=+0.0000 log2  ep_best=4.3043 log2 ('KTLKIIRLLF')  global_best=4.3043 log2  τ=0.87  β=0.043
Ep 1260/2000  reward=+0.0000 log2  ep_best=4.3043 log2 ('KTLKIIRLLF')  global_best=4.3043 log2  τ=0.87  β=0.043
Ep 1261/2000  reward=+0.0000 log2  ep_best=4.3043 log2 ('KTLKIIRLLF')  global_best=4.3043 log2  τ=0.87  β=0.043
Ep 1262/2000  reward=+0.0000 log2  ep_best=4.3043 log2 ('KTLKIIRLLF')  global_best=4.3043 log2  τ=0.86  β=0.043
Ep 1263/2000  reward=+0.0000 log2  ep_best=4.3043 log2 ('KTLKIIRLLF')  global_best=4.3043 log2  τ=0.86  β=0.043
Ep 1264/2000  reward=+0.0000 log2  ep_best=4.3043 log2 ('KTLKIIRLLF')  global_best=4.3043 log2  τ=0.86  β=0.043
Ep 1265/2000  reward=+0.0000 log2  ep_best=4.3043 log2 ('KTLKIIRLLF')  global_best=4.3043 log2  τ=0.86  β=0.043
Ep 1266/2000  reward=+0.0000 log2  ep_best=4.3043 log2 ('KTLKIIRLLF')  global_best=4.3043 log2  τ=0.86  β=0.043
Ep 1267/2000  reward=+0.0000 log2  ep_best=4.3043 log2 ('KTLKIIRLLF')  global_best=4.3043 log2  τ=0.86  β=0.043
Ep 1268/2000  reward=+0.0000 log2  ep_best=4.3043 log2 ('KTLKIIRLLF')  global_best=4.3043 log2  τ=0.86  β=0.043
Ep 1269/2000  reward=+0.0000 log2  ep_best=4.3043 log2 ('KTLKIIRLLF')  global_best=4.3043 log2  τ=0.86  β=0.043
Ep 1270/2000  reward=+0.0000 log2  ep_best=4.3043 log2 ('KTLKIIRLLF')  global_best=4.3043 log2  τ=0.86  β=0.043
Ep 1271/2000  reward=+0.0000 log2  ep_best=4.3043 log2 ('KTLKIIRLLF')  global_best=4.3043 log2  τ=0.86  β=0.043
Ep 1272/2000  reward=+0.0000 log2  ep_best=4.3043 log2 ('KTLKIIRLLF')  global_best=4.3043 log2  τ=0.86  β=0.043
Ep 1273/2000  reward=+0.0000 log2  ep_best=4.3043 log2 ('KTLKIIRLLF')  global_best=4.3043 log2  τ=0.85  β=0.043
Ep 1274/2000  reward=+0.0000 log2  ep_best=4.3043 log2 ('KTLKIIRLLF')  global_best=4.3043 log2  τ=0.85  β=0.043
Ep 1275/2000  reward=+0.0000 log2  ep_best=4.3043 log2 ('KTLKIIRLLF')  global_best=4.3043 log2  τ=0.85  β=0.043
Ep 1276/2000  reward=+0.0000 log2  ep_best=4.3043 log2 ('KTLKIIRLLF')  global_best=4.3043 log2  τ=0.85  β=0.043
Ep 1277/2000  reward=+0.0000 log2  ep_best=4.3043 log2 ('KTLKIIRLLF')  global_best=4.3043 log2  τ=0.85  β=0.043
Ep 1278/2000  reward=+0.0000 log2  ep_best=4.3043 log2 ('KTLKIIRLLF')  global_best=4.3043 log2  τ=0.85  β=0.043
Ep 1279/2000  reward=+0.0000 log2  ep_best=4.3043 log2 ('KTLKIIRLLF')  global_best=4.3043 log2  τ=0.85  β=0.042
Ep 1280/2000  reward=+0.0000 log2  ep_best=4.3043 log2 ('KTLKIIRLLF')  global_best=4.3043 log2  τ=0.85  β=0.042
Ep 1281/2000  reward=+0.0000 log2  ep_best=4.3043 log2 ('KTLKIIRLLF')  global_best=4.3043 log2  τ=0.85  β=0.042
Ep 1282/2000  reward=+0.0000 log2  ep_best=4.3043 log2 ('KTLKIIRLLF')  global_best=4.3043 log2  τ=0.85  β=0.042
Ep 1283/2000  reward=+0.0000 log2  ep_best=4.3043 log2 ('KTLKIIRLLF')  global_best=4.3043 log2  τ=0.85  β=0.042
Ep 1284/2000  reward=+0.0000 log2  ep_best=4.3043 log2 ('KTLKIIRLLF')  global_best=4.3043 log2  τ=0.84  β=0.042
Ep 1285/2000  reward=+0.0000 log2  ep_best=4.3043 log2 ('KTLKIIRLLF')  global_best=4.3043 log2  τ=0.84  β=0.042
Ep 1286/2000  reward=+0.0000 log2  ep_best=4.3043 log2 ('KTLKIIRLLF')  global_best=4.3043 log2  τ=0.84  β=0.042
Ep 1287/2000  reward=+0.0000 log2  ep_best=4.3043 log2 ('KTLKIIRLLF')  global_best=4.3043 log2  τ=0.84  β=0.042
Ep 1288/2000  reward=+0.0000 log2  ep_best=4.3043 log2 ('KTLKIIRLLF')  global_best=4.3043 log2  τ=0.84  β=0.042
Ep 1289/2000  reward=+0.0000 log2  ep_best=4.3043 log2 ('KTLKIIRLLF')  global_best=4.3043 log2  τ=0.84  β=0.042
Ep 1290/2000  reward=+0.0000 log2  ep_best=4.3043 log2 ('KTLKIIRLLF')  global_best=4.3043 log2  τ=0.84  β=0.042
Ep 1291/2000  reward=+0.0000 log2  ep_best=4.3043 log2 ('KTLKIIRLLF')  global_best=4.3043 log2  τ=0.84  β=0.042
Ep 1292/2000  reward=+0.0000 log2  ep_best=4.3043 log2 ('KTLKIIRLLF')  global_best=4.3043 log2  τ=0.84  β=0.042
Ep 1293/2000  reward=+0.0000 log2  ep_best=4.3043 log2 ('KTLKIIRLLF')  global_best=4.3043 log2  τ=0.84  β=0.042
Ep 1294/2000  reward=+0.0000 log2  ep_best=4.3043 log2 ('KTLKIIRLLF')  global_best=4.3043 log2  τ=0.84  β=0.042
Ep 1295/2000  reward=+0.0000 log2  ep_best=4.3043 log2 ('KTLKIIRLLF')  global_best=4.3043 log2  τ=0.83  β=0.042
Ep 1296/2000  reward=+0.0000 log2  ep_best=4.3043 log2 ('KTLKIIRLLF')  global_best=4.3043 log2  τ=0.83  β=0.042
Ep 1297/2000  reward=+0.0000 log2  ep_best=4.3043 log2 ('KTLKIIRLLF')  global_best=4.3043 log2  τ=0.83  β=0.042
Ep 1298/2000  reward=+0.0000 log2  ep_best=4.3043 log2 ('KTLKIIRLLF')  global_best=4.3043 log2  τ=0.83  β=0.042
Ep 1299/2000  reward=+0.0000 log2  ep_best=4.3043 log2 ('KTLKIIRLLF')  global_best=4.3043 log2  τ=0.83  β=0.042
Ep 1300/2000  reward=+0.0000 log2  ep_best=4.3043 log2 ('KTLKIIRLLF')  global_best=4.3043 log2  τ=0.83  β=0.042
Ep 1301/2000  reward=+0.0000 log2  ep_best=4.3043 log2 ('KTLKIIRLLF')  global_best=4.3043 log2  τ=0.83  β=0.041
Ep 1302/2000  reward=+0.0000 log2  ep_best=4.3043 log2 ('KTLKIIRLLF')  global_best=4.3043 log2  τ=0.83  β=0.041
Ep 1303/2000  reward=+0.0000 log2  ep_best=4.3043 log2 ('KTLKIIRLLF')  global_best=4.3043 log2  τ=0.83  β=0.041
Ep 1304/2000  reward=+0.0000 log2  ep_best=4.3043 log2 ('KTLKIIRLLF')  global_best=4.3043 log2  τ=0.83  β=0.041
Ep 1305/2000  reward=+0.0000 log2  ep_best=4.3043 log2 ('KTLKIIRLLF')  global_best=4.3043 log2  τ=0.83  β=0.041
Ep 1306/2000  reward=+0.0000 log2  ep_best=4.3043 log2 ('KTLKIIRLLF')  global_best=4.3043 log2  τ=0.82  β=0.041
Ep 1307/2000  reward=+0.0000 log2  ep_best=4.3043 log2 ('KTLKIIRLLF')  global_best=4.3043 log2  τ=0.82  β=0.041
Ep 1308/2000  reward=+0.0000 log2  ep_best=4.3043 log2 ('KTLKIIRLLF')  global_best=4.3043 log2  τ=0.82  β=0.041
Ep 1309/2000  reward=+0.0000 log2  ep_best=4.3043 log2 ('KTLKIIRLLF')  global_best=4.3043 log2  τ=0.82  β=0.041
Ep 1310/2000  reward=+0.0000 log2  ep_best=4.3043 log2 ('KTLKIIRLLF')  global_best=4.3043 log2  τ=0.82  β=0.041
Ep 1311/2000  reward=+0.0000 log2  ep_best=4.3043 log2 ('KTLKIIRLLF')  global_best=4.3043 log2  τ=0.82  β=0.041
Ep 1312/2000  reward=+0.0000 log2  ep_best=4.3043 log2 ('KTLKIIRLLF')  global_best=4.3043 log2  τ=0.82  β=0.041
Ep 1313/2000  reward=+0.0000 log2  ep_best=4.3043 log2 ('KTLKIIRLLF')  global_best=4.3043 log2  τ=0.82  β=0.041
Ep 1314/2000  reward=+0.0000 log2  ep_best=4.3043 log2 ('KTLKIIRLLF')  global_best=4.3043 log2  τ=0.82  β=0.041
Ep 1315/2000  reward=+0.0000 log2  ep_best=4.3043 log2 ('KTLKIIRLLF')  global_best=4.3043 log2  τ=0.82  β=0.041
Ep 1316/2000  reward=+0.0000 log2  ep_best=4.3043 log2 ('KTLKIIRLLF')  global_best=4.3043 log2  τ=0.82  β=0.041
Ep 1317/2000  reward=+0.0000 log2  ep_best=4.3043 log2 ('KTLKIIRLLF')  global_best=4.3043 log2  τ=0.82  β=0.041
Ep 1318/2000  reward=+0.0000 log2  ep_best=4.3043 log2 ('KTLKIIRLLF')  global_best=4.3043 log2  τ=0.81  β=0.041
Ep 1319/2000  reward=+0.0000 log2  ep_best=4.3043 log2 ('KTLKIIRLLF')  global_best=4.3043 log2  τ=0.81  β=0.041
Ep 1320/2000  reward=+0.0000 log2  ep_best=4.3043 log2 ('KTLKIIRLLF')  global_best=4.3043 log2  τ=0.81  β=0.041
Ep 1321/2000  reward=+0.0000 log2  ep_best=4.3043 log2 ('KTLKIIRLLF')  global_best=4.3043 log2  τ=0.81  β=0.041
Ep 1322/2000  reward=+0.0000 log2  ep_best=4.3043 log2 ('KTLKIIRLLF')  global_best=4.3043 log2  τ=0.81  β=0.041
Ep 1323/2000  reward=+0.0000 log2  ep_best=4.3043 log2 ('KTLKIIRLLF')  global_best=4.3043 log2  τ=0.81  β=0.040
Ep 1324/2000  reward=+0.0000 log2  ep_best=4.3043 log2 ('KTLKIIRLLF')  global_best=4.3043 log2  τ=0.81  β=0.040
Ep 1325/2000  reward=+0.0000 log2  ep_best=4.3043 log2 ('KTLKIIRLLF')  global_best=4.3043 log2  τ=0.81  β=0.040
Ep 1326/2000  reward=+0.0000 log2  ep_best=4.3043 log2 ('KTLKIIRLLF')  global_best=4.3043 log2  τ=0.81  β=0.040
Ep 1327/2000  reward=+0.0000 log2  ep_best=4.3043 log2 ('KTLKIIRLLF')  global_best=4.3043 log2  τ=0.81  β=0.040
Ep 1328/2000  reward=+0.0000 log2  ep_best=4.3043 log2 ('KTLKIIRLLF')  global_best=4.3043 log2  τ=0.81  β=0.040
Ep 1329/2000  reward=+0.0000 log2  ep_best=4.3043 log2 ('KTLKIIRLLF')  global_best=4.3043 log2  τ=0.80  β=0.040
Ep 1330/2000  reward=+0.0000 log2  ep_best=4.3043 log2 ('KTLKIIRLLF')  global_best=4.3043 log2  τ=0.80  β=0.040
Ep 1331/2000  reward=+0.0000 log2  ep_best=4.3043 log2 ('KTLKIIRLLF')  global_best=4.3043 log2  τ=0.80  β=0.040
Ep 1332/2000  reward=+0.0000 log2  ep_best=4.3043 log2 ('KTLKIIRLLF')  global_best=4.3043 log2  τ=0.80  β=0.040
Ep 1333/2000  reward=+0.0000 log2  ep_best=4.3043 log2 ('KTLKIIRLLF')  global_best=4.3043 log2  τ=0.80  β=0.040
Ep 1334/2000  reward=+0.0000 log2  ep_best=4.3043 log2 ('KTLKIIRLLF')  global_best=4.3043 log2  τ=0.80  β=0.040
Ep 1335/2000  reward=+0.0000 log2  ep_best=4.3043 log2 ('KTLKIIRLLF')  global_best=4.3043 log2  τ=0.80  β=0.040
Ep 1336/2000  reward=+0.0000 log2  ep_best=4.3043 log2 ('KTLKIIRLLF')  global_best=4.3043 log2  τ=0.80  β=0.040
Ep 1337/2000  reward=+0.0000 log2  ep_best=4.3043 log2 ('KTLKIIRLLF')  global_best=4.3043 log2  τ=0.80  β=0.040
Ep 1338/2000  reward=+0.0000 log2  ep_best=4.3043 log2 ('KTLKIIRLLF')  global_best=4.3043 log2  τ=0.80  β=0.040
Ep 1339/2000  reward=+0.0000 log2  ep_best=4.3043 log2 ('KTLKIIRLLF')  global_best=4.3043 log2  τ=0.80  β=0.040
Ep 1340/2000  reward=+0.0000 log2  ep_best=4.3043 log2 ('KTLKIIRLLF')  global_best=4.3043 log2  τ=0.79  β=0.040
Ep 1341/2000  reward=+0.0000 log2  ep_best=4.3043 log2 ('KTLKIIRLLF')  global_best=4.3043 log2  τ=0.79  β=0.040
Ep 1342/2000  reward=+0.0000 log2  ep_best=4.3043 log2 ('KTLKIIRLLF')  global_best=4.3043 log2  τ=0.79  β=0.040
Ep 1343/2000  reward=+0.0000 log2  ep_best=4.3043 log2 ('KTLKIIRLLF')  global_best=4.3043 log2  τ=0.79  β=0.040
Ep 1344/2000  reward=+0.0000 log2  ep_best=4.3043 log2 ('KTLKIIRLLF')  global_best=4.3043 log2  τ=0.79  β=0.040
Ep 1345/2000  reward=+0.0000 log2  ep_best=4.3043 log2 ('KTLKIIRLLF')  global_best=4.3043 log2  τ=0.79  β=0.039
Ep 1346/2000  reward=+0.0000 log2  ep_best=4.3043 log2 ('KTLKIIRLLF')  global_best=4.3043 log2  τ=0.79  β=0.039
Ep 1347/2000  reward=+0.0000 log2  ep_best=4.3043 log2 ('KTLKIIRLLF')  global_best=4.3043 log2  τ=0.79  β=0.039
Ep 1348/2000  reward=+0.0000 log2  ep_best=4.3043 log2 ('KTLKIIRLLF')  global_best=4.3043 log2  τ=0.79  β=0.039
Ep 1349/2000  reward=+0.0000 log2  ep_best=4.3043 log2 ('KTLKIIRLLF')  global_best=4.3043 log2  τ=0.79  β=0.039
Ep 1350/2000  reward=+0.0000 log2  ep_best=4.3043 log2 ('KTLKIIRLLF')  global_best=4.3043 log2  τ=0.79  β=0.039
Ep 1351/2000  reward=+0.0000 log2  ep_best=4.3043 log2 ('KTLKIIRLLF')  global_best=4.3043 log2  τ=0.78  β=0.039
Ep 1352/2000  reward=+0.0000 log2  ep_best=4.3043 log2 ('KTLKIIRLLF')  global_best=4.3043 log2  τ=0.78  β=0.039
Ep 1353/2000  reward=+0.0000 log2  ep_best=4.3043 log2 ('KTLKIIRLLF')  global_best=4.3043 log2  τ=0.78  β=0.039
Ep 1354/2000  reward=+0.0000 log2  ep_best=4.3043 log2 ('KTLKIIRLLF')  global_best=4.3043 log2  τ=0.78  β=0.039
Ep 1355/2000  reward=+0.0000 log2  ep_best=4.3043 log2 ('KTLKIIRLLF')  global_best=4.3043 log2  τ=0.78  β=0.039
Ep 1356/2000  reward=+0.0000 log2  ep_best=4.3043 log2 ('KTLKIIRLLF')  global_best=4.3043 log2  τ=0.78  β=0.039
Ep 1357/2000  reward=+0.0000 log2  ep_best=4.3043 log2 ('KTLKIIRLLF')  global_best=4.3043 log2  τ=0.78  β=0.039
Ep 1358/2000  reward=+0.0000 log2  ep_best=4.3043 log2 ('KTLKIIRLLF')  global_best=4.3043 log2  τ=0.78  β=0.039
Ep 1359/2000  reward=+0.0000 log2  ep_best=4.3043 log2 ('KTLKIIRLLF')  global_best=4.3043 log2  τ=0.78  β=0.039
Ep 1360/2000  reward=+0.0000 log2  ep_best=4.3043 log2 ('KTLKIIRLLF')  global_best=4.3043 log2  τ=0.78  β=0.039
Ep 1361/2000  reward=+0.0000 log2  ep_best=4.3043 log2 ('KTLKIIRLLF')  global_best=4.3043 log2  τ=0.78  β=0.039
Ep 1362/2000  reward=+0.0000 log2  ep_best=4.3043 log2 ('KTLKIIRLLF')  global_best=4.3043 log2  τ=0.77  β=0.039
Ep 1363/2000  reward=+0.0000 log2  ep_best=4.3043 log2 ('KTLKIIRLLF')  global_best=4.3043 log2  τ=0.77  β=0.039
Ep 1364/2000  reward=+0.0000 log2  ep_best=4.3043 log2 ('KTLKIIRLLF')  global_best=4.3043 log2  τ=0.77  β=0.039
Ep 1365/2000  reward=+0.0000 log2  ep_best=4.3043 log2 ('KTLKIIRLLF')  global_best=4.3043 log2  τ=0.77  β=0.039
Ep 1366/2000  reward=+0.0000 log2  ep_best=4.3043 log2 ('KTLKIIRLLF')  global_best=4.3043 log2  τ=0.77  β=0.039
Ep 1367/2000  reward=+0.0000 log2  ep_best=4.3043 log2 ('KTLKIIRLLF')  global_best=4.3043 log2  τ=0.77  β=0.038
Ep 1368/2000  reward=+0.0000 log2  ep_best=4.3043 log2 ('KTLKIIRLLF')  global_best=4.3043 log2  τ=0.77  β=0.038
Ep 1369/2000  reward=+0.0000 log2  ep_best=4.3043 log2 ('KTLKIIRLLF')  global_best=4.3043 log2  τ=0.77  β=0.038
Ep 1370/2000  reward=+0.0000 log2  ep_best=4.3043 log2 ('KTLKIIRLLF')  global_best=4.3043 log2  τ=0.77  β=0.038
Ep 1371/2000  reward=+0.0000 log2  ep_best=4.3043 log2 ('KTLKIIRLLF')  global_best=4.3043 log2  τ=0.77  β=0.038
Ep 1372/2000  reward=+0.0000 log2  ep_best=4.3043 log2 ('KTLKIIRLLF')  global_best=4.3043 log2  τ=0.77  β=0.038
Ep 1373/2000  reward=+0.0000 log2  ep_best=4.3043 log2 ('KTLKIIRLLF')  global_best=4.3043 log2  τ=0.76  β=0.038
Ep 1374/2000  reward=+0.0000 log2  ep_best=4.3043 log2 ('KTLKIIRLLF')  global_best=4.3043 log2  τ=0.76  β=0.038
Ep 1375/2000  reward=+0.0000 log2  ep_best=4.3043 log2 ('KTLKIIRLLF')  global_best=4.3043 log2  τ=0.76  β=0.038
Ep 1376/2000  reward=+0.0000 log2  ep_best=4.3043 log2 ('KTLKIIRLLF')  global_best=4.3043 log2  τ=0.76  β=0.038
Ep 1377/2000  reward=+0.0000 log2  ep_best=4.3043 log2 ('KTLKIIRLLF')  global_best=4.3043 log2  τ=0.76  β=0.038
Ep 1378/2000  reward=+0.0000 log2  ep_best=4.3043 log2 ('KTLKIIRLLF')  global_best=4.3043 log2  τ=0.76  β=0.038
Ep 1379/2000  reward=+0.0000 log2  ep_best=4.3043 log2 ('KTLKIIRLLF')  global_best=4.3043 log2  τ=0.76  β=0.038
Ep 1380/2000  reward=+0.0000 log2  ep_best=4.3043 log2 ('KTLKIIRLLF')  global_best=4.3043 log2  τ=0.76  β=0.038
Ep 1381/2000  reward=+0.0000 log2  ep_best=4.3043 log2 ('KTLKIIRLLF')  global_best=4.3043 log2  τ=0.76  β=0.038
Ep 1382/2000  reward=+0.0000 log2  ep_best=4.3043 log2 ('KTLKIIRLLF')  global_best=4.3043 log2  τ=0.76  β=0.038
Ep 1383/2000  reward=+0.0000 log2  ep_best=4.3043 log2 ('KTLKIIRLLF')  global_best=4.3043 log2  τ=0.76  β=0.038
Ep 1384/2000  reward=+0.0000 log2  ep_best=4.3043 log2 ('KTLKIIRLLF')  global_best=4.3043 log2  τ=0.75  β=0.038
Ep 1385/2000  reward=+0.0000 log2  ep_best=4.3043 log2 ('KTLKIIRLLF')  global_best=4.3043 log2  τ=0.75  β=0.038
Ep 1386/2000  reward=+0.0000 log2  ep_best=4.3043 log2 ('KTLKIIRLLF')  global_best=4.3043 log2  τ=0.75  β=0.038
Ep 1387/2000  reward=+0.0000 log2  ep_best=4.3043 log2 ('KTLKIIRLLF')  global_best=4.3043 log2  τ=0.75  β=0.038
Ep 1388/2000  reward=+0.0000 log2  ep_best=4.3043 log2 ('KTLKIIRLLF')  global_best=4.3043 log2  τ=0.75  β=0.038
Ep 1389/2000  reward=+0.0000 log2  ep_best=4.3043 log2 ('KTLKIIRLLF')  global_best=4.3043 log2  τ=0.75  β=0.038
Ep 1390/2000  reward=+0.0000 log2  ep_best=4.3043 log2 ('KTLKIIRLLF')  global_best=4.3043 log2  τ=0.75  β=0.037
Ep 1391/2000  reward=+0.0000 log2  ep_best=4.3043 log2 ('KTLKIIRLLF')  global_best=4.3043 log2  τ=0.75  β=0.037
Ep 1392/2000  reward=+0.0000 log2  ep_best=4.3043 log2 ('KTLKIIRLLF')  global_best=4.3043 log2  τ=0.75  β=0.037
Ep 1393/2000  reward=+0.0000 log2  ep_best=4.3043 log2 ('KTLKIIRLLF')  global_best=4.3043 log2  τ=0.75  β=0.037
Ep 1394/2000  reward=+0.0000 log2  ep_best=4.3043 log2 ('KTLKIIRLLF')  global_best=4.3043 log2  τ=0.75  β=0.037
Ep 1395/2000  reward=+0.0000 log2  ep_best=4.3043 log2 ('KTLKIIRLLF')  global_best=4.3043 log2  τ=0.74  β=0.037
Ep 1396/2000  reward=+0.0000 log2  ep_best=4.3043 log2 ('KTLKIIRLLF')  global_best=4.3043 log2  τ=0.74  β=0.037
Ep 1397/2000  reward=+0.0000 log2  ep_best=4.3043 log2 ('KTLKIIRLLF')  global_best=4.3043 log2  τ=0.74  β=0.037
Ep 1398/2000  reward=+0.0000 log2  ep_best=4.3043 log2 ('KTLKIIRLLF')  global_best=4.3043 log2  τ=0.74  β=0.037
Ep 1399/2000  reward=+0.0000 log2  ep_best=4.3043 log2 ('KTLKIIRLLF')  global_best=4.3043 log2  τ=0.74  β=0.037
Ep 1400/2000  reward=+0.0000 log2  ep_best=4.3043 log2 ('KTLKIIRLLF')  global_best=4.3043 log2  τ=0.74  β=0.037
Ep 1401/2000  reward=+0.0000 log2  ep_best=4.3043 log2 ('KTLKIIRLLF')  global_best=4.3043 log2  τ=0.74  β=0.037
Ep 1402/2000  reward=+0.0000 log2  ep_best=4.3043 log2 ('KTLKIIRLLF')  global_best=4.3043 log2  τ=0.74  β=0.037
Ep 1403/2000  reward=+0.0000 log2  ep_best=4.3043 log2 ('KTLKIIRLLF')  global_best=4.3043 log2  τ=0.74  β=0.037
Ep 1404/2000  reward=+0.0000 log2  ep_best=4.3043 log2 ('KTLKIIRLLF')  global_best=4.3043 log2  τ=0.74  β=0.037
Ep 1405/2000  reward=+0.0000 log2  ep_best=4.3043 log2 ('KTLKIIRLLF')  global_best=4.3043 log2  τ=0.74  β=0.037
Ep 1406/2000  reward=+0.0000 log2  ep_best=4.3043 log2 ('KTLKIIRLLF')  global_best=4.3043 log2  τ=0.73  β=0.037
Ep 1407/2000  reward=+0.0000 log2  ep_best=4.3043 log2 ('KTLKIIRLLF')  global_best=4.3043 log2  τ=0.73  β=0.037
Ep 1408/2000  reward=+0.0000 log2  ep_best=4.3043 log2 ('KTLKIIRLLF')  global_best=4.3043 log2  τ=0.73  β=0.037
Ep 1409/2000  reward=+0.0000 log2  ep_best=4.3043 log2 ('KTLKIIRLLF')  global_best=4.3043 log2  τ=0.73  β=0.037
Ep 1410/2000  reward=+0.0000 log2  ep_best=4.3043 log2 ('KTLKIIRLLF')  global_best=4.3043 log2  τ=0.73  β=0.037
Ep 1411/2000  reward=+0.0000 log2  ep_best=4.3043 log2 ('KTLKIIRLLF')  global_best=4.3043 log2  τ=0.73  β=0.037
Ep 1412/2000  reward=+0.0000 log2  ep_best=4.3043 log2 ('KTLKIIRLLF')  global_best=4.3043 log2  τ=0.73  β=0.036
Ep 1413/2000  reward=+0.0000 log2  ep_best=4.3043 log2 ('KTLKIIRLLF')  global_best=4.3043 log2  τ=0.73  β=0.036
Ep 1414/2000  reward=+0.0000 log2  ep_best=4.3043 log2 ('KTLKIIRLLF')  global_best=4.3043 log2  τ=0.73  β=0.036
Ep 1415/2000  reward=+0.0000 log2  ep_best=4.3043 log2 ('KTLKIIRLLF')  global_best=4.3043 log2  τ=0.73  β=0.036
Ep 1416/2000  reward=+0.0000 log2  ep_best=4.3043 log2 ('KTLKIIRLLF')  global_best=4.3043 log2  τ=0.73  β=0.036
Ep 1417/2000  reward=+0.0000 log2  ep_best=4.3043 log2 ('KTLKIIRLLF')  global_best=4.3043 log2  τ=0.72  β=0.036
Ep 1418/2000  reward=+0.0000 log2  ep_best=4.3043 log2 ('KTLKIIRLLF')  global_best=4.3043 log2  τ=0.72  β=0.036
Ep 1419/2000  reward=+0.0000 log2  ep_best=4.3043 log2 ('KTLKIIRLLF')  global_best=4.3043 log2  τ=0.72  β=0.036
Ep 1420/2000  reward=+0.0000 log2  ep_best=4.3043 log2 ('KTLKIIRLLF')  global_best=4.3043 log2  τ=0.72  β=0.036
Ep 1421/2000  reward=+0.0000 log2  ep_best=4.3043 log2 ('KTLKIIRLLF')  global_best=4.3043 log2  τ=0.72  β=0.036
Ep 1422/2000  reward=+0.0000 log2  ep_best=4.3043 log2 ('KTLKIIRLLF')  global_best=4.3043 log2  τ=0.72  β=0.036
Ep 1423/2000  reward=+0.0000 log2  ep_best=4.3043 log2 ('KTLKIIRLLF')  global_best=4.3043 log2  τ=0.72  β=0.036
Ep 1424/2000  reward=+0.0000 log2  ep_best=4.3043 log2 ('KTLKIIRLLF')  global_best=4.3043 log2  τ=0.72  β=0.036
Ep 1425/2000  reward=+0.0000 log2  ep_best=4.3043 log2 ('KTLKIIRLLF')  global_best=4.3043 log2  τ=0.72  β=0.036
Ep 1426/2000  reward=+0.0000 log2  ep_best=4.3043 log2 ('KTLKIIRLLF')  global_best=4.3043 log2  τ=0.72  β=0.036
Ep 1427/2000  reward=+0.0000 log2  ep_best=4.3043 log2 ('KTLKIIRLLF')  global_best=4.3043 log2  τ=0.72  β=0.036
Ep 1428/2000  reward=+0.0000 log2  ep_best=4.3043 log2 ('KTLKIIRLLF')  global_best=4.3043 log2  τ=0.72  β=0.036
Ep 1429/2000  reward=+0.0000 log2  ep_best=4.3043 log2 ('KTLKIIRLLF')  global_best=4.3043 log2  τ=0.71  β=0.036
Ep 1430/2000  reward=+0.0000 log2  ep_best=4.3043 log2 ('KTLKIIRLLF')  global_best=4.3043 log2  τ=0.71  β=0.036
Ep 1431/2000  reward=+0.0000 log2  ep_best=4.3043 log2 ('KTLKIIRLLF')  global_best=4.3043 log2  τ=0.71  β=0.036
Ep 1432/2000  reward=+0.0000 log2  ep_best=4.3043 log2 ('KTLKIIRLLF')  global_best=4.3043 log2  τ=0.71  β=0.036
Ep 1433/2000  reward=+0.0000 log2  ep_best=4.3043 log2 ('KTLKIIRLLF')  global_best=4.3043 log2  τ=0.71  β=0.036
Ep 1434/2000  reward=+0.0000 log2  ep_best=4.3043 log2 ('KTLKIIRLLF')  global_best=4.3043 log2  τ=0.71  β=0.035
Ep 1435/2000  reward=+0.0000 log2  ep_best=4.3043 log2 ('KTLKIIRLLF')  global_best=4.3043 log2  τ=0.71  β=0.035
Ep 1436/2000  reward=+0.0000 log2  ep_best=4.3043 log2 ('KTLKIIRLLF')  global_best=4.3043 log2  τ=0.71  β=0.035
Ep 1437/2000  reward=+0.0000 log2  ep_best=4.3043 log2 ('KTLKIIRLLF')  global_best=4.3043 log2  τ=0.71  β=0.035
Ep 1438/2000  reward=+0.0000 log2  ep_best=4.3043 log2 ('KTLKIIRLLF')  global_best=4.3043 log2  τ=0.71  β=0.035
Ep 1439/2000  reward=+0.0000 log2  ep_best=4.3043 log2 ('KTLKIIRLLF')  global_best=4.3043 log2  τ=0.71  β=0.035
Ep 1440/2000  reward=+0.0000 log2  ep_best=4.3043 log2 ('KTLKIIRLLF')  global_best=4.3043 log2  τ=0.70  β=0.035
Ep 1441/2000  reward=+0.0000 log2  ep_best=4.3043 log2 ('KTLKIIRLLF')  global_best=4.3043 log2  τ=0.70  β=0.035
Ep 1442/2000  reward=+0.0000 log2  ep_best=4.3043 log2 ('KTLKIIRLLF')  global_best=4.3043 log2  τ=0.70  β=0.035
Ep 1443/2000  reward=+0.0000 log2  ep_best=4.3043 log2 ('KTLKIIRLLF')  global_best=4.3043 log2  τ=0.70  β=0.035
Ep 1444/2000  reward=+0.0000 log2  ep_best=4.3043 log2 ('KTLKIIRLLF')  global_best=4.3043 log2  τ=0.70  β=0.035
Ep 1445/2000  reward=+0.0000 log2  ep_best=4.3043 log2 ('KTLKIIRLLF')  global_best=4.3043 log2  τ=0.70  β=0.035
Ep 1446/2000  reward=+0.0000 log2  ep_best=4.3043 log2 ('KTLKIIRLLF')  global_best=4.3043 log2  τ=0.70  β=0.035
Ep 1447/2000  reward=+0.0000 log2  ep_best=4.3043 log2 ('KTLKIIRLLF')  global_best=4.3043 log2  τ=0.70  β=0.035
Ep 1448/2000  reward=+0.0000 log2  ep_best=4.3043 log2 ('KTLKIIRLLF')  global_best=4.3043 log2  τ=0.70  β=0.035
Ep 1449/2000  reward=+0.0000 log2  ep_best=4.3043 log2 ('KTLKIIRLLF')  global_best=4.3043 log2  τ=0.70  β=0.035
Ep 1450/2000  reward=+0.0000 log2  ep_best=4.3043 log2 ('KTLKIIRLLF')  global_best=4.3043 log2  τ=0.70  β=0.035
Ep 1451/2000  reward=+0.0000 log2  ep_best=4.3043 log2 ('KTLKIIRLLF')  global_best=4.3043 log2  τ=0.69  β=0.035
Ep 1452/2000  reward=+0.0000 log2  ep_best=4.3043 log2 ('KTLKIIRLLF')  global_best=4.3043 log2  τ=0.69  β=0.035
Ep 1453/2000  reward=+0.0000 log2  ep_best=4.3043 log2 ('KTLKIIRLLF')  global_best=4.3043 log2  τ=0.69  β=0.035
Ep 1454/2000  reward=+0.0000 log2  ep_best=4.3043 log2 ('KTLKIIRLLF')  global_best=4.3043 log2  τ=0.69  β=0.035
Ep 1455/2000  reward=+0.0000 log2  ep_best=4.3043 log2 ('KTLKIIRLLF')  global_best=4.3043 log2  τ=0.69  β=0.035
Ep 1456/2000  reward=+0.0000 log2  ep_best=4.3043 log2 ('KTLKIIRLLF')  global_best=4.3043 log2  τ=0.69  β=0.034
Ep 1457/2000  reward=+0.0000 log2  ep_best=4.3043 log2 ('KTLKIIRLLF')  global_best=4.3043 log2  τ=0.69  β=0.034
Ep 1458/2000  reward=+0.0000 log2  ep_best=4.3043 log2 ('KTLKIIRLLF')  global_best=4.3043 log2  τ=0.69  β=0.034
Ep 1459/2000  reward=+0.0000 log2  ep_best=4.3043 log2 ('KTLKIIRLLF')  global_best=4.3043 log2  τ=0.69  β=0.034
Ep 1460/2000  reward=+0.0000 log2  ep_best=4.3043 log2 ('KTLKIIRLLF')  global_best=4.3043 log2  τ=0.69  β=0.034
Ep 1461/2000  reward=+0.0000 log2  ep_best=4.3043 log2 ('KTLKIIRLLF')  global_best=4.3043 log2  τ=0.69  β=0.034
Ep 1462/2000  reward=+0.0000 log2  ep_best=4.3043 log2 ('KTLKIIRLLF')  global_best=4.3043 log2  τ=0.68  β=0.034
Ep 1463/2000  reward=+0.0000 log2  ep_best=4.3043 log2 ('KTLKIIRLLF')  global_best=4.3043 log2  τ=0.68  β=0.034
Ep 1464/2000  reward=+0.0000 log2  ep_best=4.3043 log2 ('KTLKIIRLLF')  global_best=4.3043 log2  τ=0.68  β=0.034
Ep 1465/2000  reward=+0.0000 log2  ep_best=4.3043 log2 ('KTLKIIRLLF')  global_best=4.3043 log2  τ=0.68  β=0.034
Ep 1466/2000  reward=+0.0000 log2  ep_best=4.3043 log2 ('KTLKIIRLLF')  global_best=4.3043 log2  τ=0.68  β=0.034
Ep 1467/2000  reward=+0.0000 log2  ep_best=4.3043 log2 ('KTLKIIRLLF')  global_best=4.3043 log2  τ=0.68  β=0.034
Ep 1468/2000  reward=+0.0000 log2  ep_best=4.3043 log2 ('KTLKIIRLLF')  global_best=4.3043 log2  τ=0.68  β=0.034
Ep 1469/2000  reward=+0.0000 log2  ep_best=4.3043 log2 ('KTLKIIRLLF')  global_best=4.3043 log2  τ=0.68  β=0.034
Ep 1470/2000  reward=+0.0000 log2  ep_best=4.3043 log2 ('KTLKIIRLLF')  global_best=4.3043 log2  τ=0.68  β=0.034
Ep 1471/2000  reward=+0.0000 log2  ep_best=4.3043 log2 ('KTLKIIRLLF')  global_best=4.3043 log2  τ=0.68  β=0.034
Ep 1472/2000  reward=+0.0000 log2  ep_best=4.3043 log2 ('KTLKIIRLLF')  global_best=4.3043 log2  τ=0.68  β=0.034
Ep 1473/2000  reward=+0.0000 log2  ep_best=4.3043 log2 ('KTLKIIRLLF')  global_best=4.3043 log2  τ=0.67  β=0.034
Ep 1474/2000  reward=+0.0000 log2  ep_best=4.3043 log2 ('KTLKIIRLLF')  global_best=4.3043 log2  τ=0.67  β=0.034
Ep 1475/2000  reward=+0.0000 log2  ep_best=4.3043 log2 ('KTLKIIRLLF')  global_best=4.3043 log2  τ=0.67  β=0.034
Ep 1476/2000  reward=+0.0000 log2  ep_best=4.3043 log2 ('KTLKIIRLLF')  global_best=4.3043 log2  τ=0.67  β=0.034
Ep 1477/2000  reward=+0.0000 log2  ep_best=4.3043 log2 ('KTLKIIRLLF')  global_best=4.3043 log2  τ=0.67  β=0.034
Ep 1478/2000  reward=+0.0000 log2  ep_best=4.3043 log2 ('KTLKIIRLLF')  global_best=4.3043 log2  τ=0.67  β=0.034
Ep 1479/2000  reward=+0.0000 log2  ep_best=4.3043 log2 ('KTLKIIRLLF')  global_best=4.3043 log2  τ=0.67  β=0.033
Ep 1480/2000  reward=+0.0000 log2  ep_best=4.3043 log2 ('KTLKIIRLLF')  global_best=4.3043 log2  τ=0.67  β=0.033
Ep 1481/2000  reward=+0.0000 log2  ep_best=4.3043 log2 ('KTLKIIRLLF')  global_best=4.3043 log2  τ=0.67  β=0.033
Ep 1482/2000  reward=+0.0000 log2  ep_best=4.3043 log2 ('KTLKIIRLLF')  global_best=4.3043 log2  τ=0.67  β=0.033
Ep 1483/2000  reward=+0.0000 log2  ep_best=4.3043 log2 ('KTLKIIRLLF')  global_best=4.3043 log2  τ=0.67  β=0.033
Ep 1484/2000  reward=+0.0000 log2  ep_best=4.3043 log2 ('KTLKIIRLLF')  global_best=4.3043 log2  τ=0.66  β=0.033
Ep 1485/2000  reward=+0.0000 log2  ep_best=4.3043 log2 ('KTLKIIRLLF')  global_best=4.3043 log2  τ=0.66  β=0.033
Ep 1486/2000  reward=+0.0000 log2  ep_best=4.3043 log2 ('KTLKIIRLLF')  global_best=4.3043 log2  τ=0.66  β=0.033
Ep 1487/2000  reward=+0.0000 log2  ep_best=4.3043 log2 ('KTLKIIRLLF')  global_best=4.3043 log2  τ=0.66  β=0.033
Ep 1488/2000  reward=+0.0000 log2  ep_best=4.3043 log2 ('KTLKIIRLLF')  global_best=4.3043 log2  τ=0.66  β=0.033
Ep 1489/2000  reward=+0.0000 log2  ep_best=4.3043 log2 ('KTLKIIRLLF')  global_best=4.3043 log2  τ=0.66  β=0.033
Ep 1490/2000  reward=+0.0000 log2  ep_best=4.3043 log2 ('KTLKIIRLLF')  global_best=4.3043 log2  τ=0.66  β=0.033
Ep 1491/2000  reward=+0.0000 log2  ep_best=4.3043 log2 ('KTLKIIRLLF')  global_best=4.3043 log2  τ=0.66  β=0.033
Ep 1492/2000  reward=+0.0000 log2  ep_best=4.3043 log2 ('KTLKIIRLLF')  global_best=4.3043 log2  τ=0.66  β=0.033
Ep 1493/2000  reward=+0.0000 log2  ep_best=4.3043 log2 ('KTLKIIRLLF')  global_best=4.3043 log2  τ=0.66  β=0.033
Ep 1494/2000  reward=+0.0000 log2  ep_best=4.3043 log2 ('KTLKIIRLLF')  global_best=4.3043 log2  τ=0.66  β=0.033
Ep 1495/2000  reward=+0.0000 log2  ep_best=4.3043 log2 ('KTLKIIRLLF')  global_best=4.3043 log2  τ=0.65  β=0.033
Ep 1496/2000  reward=+0.0000 log2  ep_best=4.3043 log2 ('KTLKIIRLLF')  global_best=4.3043 log2  τ=0.65  β=0.033
Ep 1497/2000  reward=+0.0000 log2  ep_best=4.3043 log2 ('KTLKIIRLLF')  global_best=4.3043 log2  τ=0.65  β=0.033
Ep 1498/2000  reward=+0.0000 log2  ep_best=4.3043 log2 ('KTLKIIRLLF')  global_best=4.3043 log2  τ=0.65  β=0.033
Ep 1499/2000  reward=+0.0000 log2  ep_best=4.3043 log2 ('KTLKIIRLLF')  global_best=4.3043 log2  τ=0.65  β=0.033
Ep 1500/2000  reward=+0.0000 log2  ep_best=4.3043 log2 ('KTLKIIRLLF')  global_best=4.3043 log2  τ=0.65  β=0.033
Ep 1501/2000  reward=+0.0000 log2  ep_best=4.3043 log2 ('KTLKIIRLLF')  global_best=4.3043 log2  τ=0.65  β=0.032
Ep 1502/2000  reward=+0.0000 log2  ep_best=4.3043 log2 ('KTLKIIRLLF')  global_best=4.3043 log2  τ=0.65  β=0.032
Ep 1503/2000  reward=+0.0000 log2  ep_best=4.3043 log2 ('KTLKIIRLLF')  global_best=4.3043 log2  τ=0.65  β=0.032
Ep 1504/2000  reward=+0.0000 log2  ep_best=4.3043 log2 ('KTLKIIRLLF')  global_best=4.3043 log2  τ=0.65  β=0.032
Ep 1505/2000  reward=+0.0000 log2  ep_best=4.3043 log2 ('KTLKIIRLLF')  global_best=4.3043 log2  τ=0.65  β=0.032
Ep 1506/2000  reward=+0.0000 log2  ep_best=4.3043 log2 ('KTLKIIRLLF')  global_best=4.3043 log2  τ=0.64  β=0.032
Ep 1507/2000  reward=+0.0000 log2  ep_best=4.3043 log2 ('KTLKIIRLLF')  global_best=4.3043 log2  τ=0.64  β=0.032
Ep 1508/2000  reward=+0.0000 log2  ep_best=4.3043 log2 ('KTLKIIRLLF')  global_best=4.3043 log2  τ=0.64  β=0.032
Ep 1509/2000  reward=+0.0000 log2  ep_best=4.3043 log2 ('KTLKIIRLLF')  global_best=4.3043 log2  τ=0.64  β=0.032
Ep 1510/2000  reward=+0.0000 log2  ep_best=4.3043 log2 ('KTLKIIRLLF')  global_best=4.3043 log2  τ=0.64  β=0.032
Ep 1511/2000  reward=+0.0000 log2  ep_best=4.3043 log2 ('KTLKIIRLLF')  global_best=4.3043 log2  τ=0.64  β=0.032
Ep 1512/2000  reward=+0.0000 log2  ep_best=4.3043 log2 ('KTLKIIRLLF')  global_best=4.3043 log2  τ=0.64  β=0.032
Ep 1513/2000  reward=+0.0000 log2  ep_best=4.3043 log2 ('KTLKIIRLLF')  global_best=4.3043 log2  τ=0.64  β=0.032
Ep 1514/2000  reward=+0.0000 log2  ep_best=4.3043 log2 ('KTLKIIRLLF')  global_best=4.3043 log2  τ=0.64  β=0.032
Ep 1515/2000  reward=+0.0000 log2  ep_best=4.3043 log2 ('KTLKIIRLLF')  global_best=4.3043 log2  τ=0.64  β=0.032
Ep 1516/2000  reward=+0.0000 log2  ep_best=4.3043 log2 ('KTLKIIRLLF')  global_best=4.3043 log2  τ=0.64  β=0.032
Ep 1517/2000  reward=+0.0000 log2  ep_best=4.3043 log2 ('KTLKIIRLLF')  global_best=4.3043 log2  τ=0.63  β=0.032
Ep 1518/2000  reward=+0.0000 log2  ep_best=4.3043 log2 ('KTLKIIRLLF')  global_best=4.3043 log2  τ=0.63  β=0.032
Ep 1519/2000  reward=+0.0000 log2  ep_best=4.3043 log2 ('KTLKIIRLLF')  global_best=4.3043 log2  τ=0.63  β=0.032
Ep 1520/2000  reward=+0.0000 log2  ep_best=4.3043 log2 ('KTLKIIRLLF')  global_best=4.3043 log2  τ=0.63  β=0.032
Ep 1521/2000  reward=+0.0000 log2  ep_best=4.3043 log2 ('KTLKIIRLLF')  global_best=4.3043 log2  τ=0.63  β=0.032
Ep 1522/2000  reward=+0.0000 log2  ep_best=4.3043 log2 ('KTLKIIRLLF')  global_best=4.3043 log2  τ=0.63  β=0.032
Ep 1523/2000  reward=+0.0000 log2  ep_best=4.3043 log2 ('KTLKIIRLLF')  global_best=4.3043 log2  τ=0.63  β=0.031
Ep 1524/2000  reward=+0.0000 log2  ep_best=4.3043 log2 ('KTLKIIRLLF')  global_best=4.3043 log2  τ=0.63  β=0.031
Ep 1525/2000  reward=+0.0000 log2  ep_best=4.3043 log2 ('KTLKIIRLLF')  global_best=4.3043 log2  τ=0.63  β=0.031
Ep 1526/2000  reward=+0.0000 log2  ep_best=4.3043 log2 ('KTLKIIRLLF')  global_best=4.3043 log2  τ=0.63  β=0.031
Ep 1527/2000  reward=+0.0000 log2  ep_best=4.3043 log2 ('KTLKIIRLLF')  global_best=4.3043 log2  τ=0.63  β=0.031
Ep 1528/2000  reward=+0.0000 log2  ep_best=4.3043 log2 ('KTLKIIRLLF')  global_best=4.3043 log2  τ=0.63  β=0.031
Ep 1529/2000  reward=+0.0000 log2  ep_best=4.3043 log2 ('KTLKIIRLLF')  global_best=4.3043 log2  τ=0.62  β=0.031
Ep 1530/2000  reward=+0.0000 log2  ep_best=4.3043 log2 ('KTLKIIRLLF')  global_best=4.3043 log2  τ=0.62  β=0.031
Ep 1531/2000  reward=+0.0000 log2  ep_best=4.3043 log2 ('KTLKIIRLLF')  global_best=4.3043 log2  τ=0.62  β=0.031
Ep 1532/2000  reward=+0.0000 log2  ep_best=4.3043 log2 ('KTLKIIRLLF')  global_best=4.3043 log2  τ=0.62  β=0.031
Ep 1533/2000  reward=+0.0000 log2  ep_best=4.3043 log2 ('KTLKIIRLLF')  global_best=4.3043 log2  τ=0.62  β=0.031
Ep 1534/2000  reward=+0.0000 log2  ep_best=4.3043 log2 ('KTLKIIRLLF')  global_best=4.3043 log2  τ=0.62  β=0.031
Ep 1535/2000  reward=+0.0000 log2  ep_best=4.3043 log2 ('KTLKIIRLLF')  global_best=4.3043 log2  τ=0.62  β=0.031
Ep 1536/2000  reward=+0.0000 log2  ep_best=4.3043 log2 ('KTLKIIRLLF')  global_best=4.3043 log2  τ=0.62  β=0.031
Ep 1537/2000  reward=+0.0000 log2  ep_best=4.3043 log2 ('KTLKIIRLLF')  global_best=4.3043 log2  τ=0.62  β=0.031
Ep 1538/2000  reward=+0.0000 log2  ep_best=4.3043 log2 ('KTLKIIRLLF')  global_best=4.3043 log2  τ=0.62  β=0.031
Ep 1539/2000  reward=+0.0000 log2  ep_best=4.3043 log2 ('KTLKIIRLLF')  global_best=4.3043 log2  τ=0.62  β=0.031
Ep 1540/2000  reward=+0.0000 log2  ep_best=4.3043 log2 ('KTLKIIRLLF')  global_best=4.3043 log2  τ=0.61  β=0.031
Ep 1541/2000  reward=+0.0000 log2  ep_best=4.3043 log2 ('KTLKIIRLLF')  global_best=4.3043 log2  τ=0.61  β=0.031
Ep 1542/2000  reward=+0.0000 log2  ep_best=4.3043 log2 ('KTLKIIRLLF')  global_best=4.3043 log2  τ=0.61  β=0.031
Ep 1543/2000  reward=+0.0000 log2  ep_best=4.3043 log2 ('KTLKIIRLLF')  global_best=4.3043 log2  τ=0.61  β=0.031
Ep 1544/2000  reward=+0.0000 log2  ep_best=4.3043 log2 ('KTLKIIRLLF')  global_best=4.3043 log2  τ=0.61  β=0.031
Ep 1545/2000  reward=+0.0000 log2  ep_best=4.3043 log2 ('KTLKIIRLLF')  global_best=4.3043 log2  τ=0.61  β=0.030
Ep 1546/2000  reward=+0.0000 log2  ep_best=4.3043 log2 ('KTLKIIRLLF')  global_best=4.3043 log2  τ=0.61  β=0.030
Ep 1547/2000  reward=+0.0000 log2  ep_best=4.3043 log2 ('KTLKIIRLLF')  global_best=4.3043 log2  τ=0.61  β=0.030
Ep 1548/2000  reward=+0.0000 log2  ep_best=4.3043 log2 ('KTLKIIRLLF')  global_best=4.3043 log2  τ=0.61  β=0.030
Ep 1549/2000  reward=+0.0000 log2  ep_best=4.3043 log2 ('KTLKIIRLLF')  global_best=4.3043 log2  τ=0.61  β=0.030
Ep 1550/2000  reward=+0.0000 log2  ep_best=4.3043 log2 ('KTLKIIRLLF')  global_best=4.3043 log2  τ=0.61  β=0.030
Ep 1551/2000  reward=+0.0000 log2  ep_best=4.3043 log2 ('KTLKIIRLLF')  global_best=4.3043 log2  τ=0.60  β=0.030
Ep 1552/2000  reward=+0.0000 log2  ep_best=4.3043 log2 ('KTLKIIRLLF')  global_best=4.3043 log2  τ=0.60  β=0.030
Ep 1553/2000  reward=+0.0000 log2  ep_best=4.3043 log2 ('KTLKIIRLLF')  global_best=4.3043 log2  τ=0.60  β=0.030
Ep 1554/2000  reward=+0.0000 log2  ep_best=4.3043 log2 ('KTLKIIRLLF')  global_best=4.3043 log2  τ=0.60  β=0.030
Ep 1555/2000  reward=+0.0000 log2  ep_best=4.3043 log2 ('KTLKIIRLLF')  global_best=4.3043 log2  τ=0.60  β=0.030
Ep 1556/2000  reward=+0.0000 log2  ep_best=4.3043 log2 ('KTLKIIRLLF')  global_best=4.3043 log2  τ=0.60  β=0.030
Ep 1557/2000  reward=+0.0000 log2  ep_best=4.3043 log2 ('KTLKIIRLLF')  global_best=4.3043 log2  τ=0.60  β=0.030
Ep 1558/2000  reward=+0.0000 log2  ep_best=4.3043 log2 ('KTLKIIRLLF')  global_best=4.3043 log2  τ=0.60  β=0.030
Ep 1559/2000  reward=+0.0000 log2  ep_best=4.3043 log2 ('KTLKIIRLLF')  global_best=4.3043 log2  τ=0.60  β=0.030
Ep 1560/2000  reward=+0.0000 log2  ep_best=4.3043 log2 ('KTLKIIRLLF')  global_best=4.3043 log2  τ=0.60  β=0.030
Ep 1561/2000  reward=+0.0000 log2  ep_best=4.3043 log2 ('KTLKIIRLLF')  global_best=4.3043 log2  τ=0.60  β=0.030
Ep 1562/2000  reward=+0.0000 log2  ep_best=4.3043 log2 ('KTLKIIRLLF')  global_best=4.3043 log2  τ=0.59  β=0.030
Ep 1563/2000  reward=+0.0000 log2  ep_best=4.3043 log2 ('KTLKIIRLLF')  global_best=4.3043 log2  τ=0.59  β=0.030
Ep 1564/2000  reward=+0.0000 log2  ep_best=4.3043 log2 ('KTLKIIRLLF')  global_best=4.3043 log2  τ=0.59  β=0.030
Ep 1565/2000  reward=+0.0000 log2  ep_best=4.3043 log2 ('KTLKIIRLLF')  global_best=4.3043 log2  τ=0.59  β=0.030
Ep 1566/2000  reward=+0.0000 log2  ep_best=4.3043 log2 ('KTLKIIRLLF')  global_best=4.3043 log2  τ=0.59  β=0.030
Ep 1567/2000  reward=+0.0000 log2  ep_best=4.3043 log2 ('KTLKIIRLLF')  global_best=4.3043 log2  τ=0.59  β=0.029
Ep 1568/2000  reward=+0.0000 log2  ep_best=4.3043 log2 ('KTLKIIRLLF')  global_best=4.3043 log2  τ=0.59  β=0.029
Ep 1569/2000  reward=+0.0000 log2  ep_best=4.3043 log2 ('KTLKIIRLLF')  global_best=4.3043 log2  τ=0.59  β=0.029
Ep 1570/2000  reward=+0.0000 log2  ep_best=4.3043 log2 ('KTLKIIRLLF')  global_best=4.3043 log2  τ=0.59  β=0.029
Ep 1571/2000  reward=+0.0000 log2  ep_best=4.3043 log2 ('KTLKIIRLLF')  global_best=4.3043 log2  τ=0.59  β=0.029
Ep 1572/2000  reward=+0.0000 log2  ep_best=4.3043 log2 ('KTLKIIRLLF')  global_best=4.3043 log2  τ=0.59  β=0.029
Ep 1573/2000  reward=+0.0000 log2  ep_best=4.3043 log2 ('KTLKIIRLLF')  global_best=4.3043 log2  τ=0.58  β=0.029
Ep 1574/2000  reward=+0.0000 log2  ep_best=4.3043 log2 ('KTLKIIRLLF')  global_best=4.3043 log2  τ=0.58  β=0.029
Ep 1575/2000  reward=+0.0000 log2  ep_best=4.3043 log2 ('KTLKIIRLLF')  global_best=4.3043 log2  τ=0.58  β=0.029
Ep 1576/2000  reward=+0.0000 log2  ep_best=4.3043 log2 ('KTLKIIRLLF')  global_best=4.3043 log2  τ=0.58  β=0.029
Ep 1577/2000  reward=+0.0000 log2  ep_best=4.3043 log2 ('KTLKIIRLLF')  global_best=4.3043 log2  τ=0.58  β=0.029
Ep 1578/2000  reward=+0.0000 log2  ep_best=4.3043 log2 ('KTLKIIRLLF')  global_best=4.3043 log2  τ=0.58  β=0.029
Ep 1579/2000  reward=+0.0000 log2  ep_best=4.3043 log2 ('KTLKIIRLLF')  global_best=4.3043 log2  τ=0.58  β=0.029
Ep 1580/2000  reward=+0.0000 log2  ep_best=4.3043 log2 ('KTLKIIRLLF')  global_best=4.3043 log2  τ=0.58  β=0.029
Ep 1581/2000  reward=+0.0000 log2  ep_best=4.3043 log2 ('KTLKIIRLLF')  global_best=4.3043 log2  τ=0.58  β=0.029
Ep 1582/2000  reward=+0.0000 log2  ep_best=4.3043 log2 ('KTLKIIRLLF')  global_best=4.3043 log2  τ=0.58  β=0.029
Ep 1583/2000  reward=+0.0000 log2  ep_best=4.3043 log2 ('KTLKIIRLLF')  global_best=4.3043 log2  τ=0.58  β=0.029
Ep 1584/2000  reward=+0.0000 log2  ep_best=4.3043 log2 ('KTLKIIRLLF')  global_best=4.3043 log2  τ=0.57  β=0.029
Ep 1585/2000  reward=+0.0000 log2  ep_best=4.3043 log2 ('KTLKIIRLLF')  global_best=4.3043 log2  τ=0.57  β=0.029
Ep 1586/2000  reward=+0.0000 log2  ep_best=4.3043 log2 ('KTLKIIRLLF')  global_best=4.3043 log2  τ=0.57  β=0.029
Ep 1587/2000  reward=+0.0000 log2  ep_best=4.3043 log2 ('KTLKIIRLLF')  global_best=4.3043 log2  τ=0.57  β=0.029
Ep 1588/2000  reward=+0.0000 log2  ep_best=4.3043 log2 ('KTLKIIRLLF')  global_best=4.3043 log2  τ=0.57  β=0.029
Ep 1589/2000  reward=+0.0000 log2  ep_best=4.3043 log2 ('KTLKIIRLLF')  global_best=4.3043 log2  τ=0.57  β=0.029
Ep 1590/2000  reward=+0.0000 log2  ep_best=4.3043 log2 ('KTLKIIRLLF')  global_best=4.3043 log2  τ=0.57  β=0.028
Ep 1591/2000  reward=+0.0000 log2  ep_best=4.3043 log2 ('KTLKIIRLLF')  global_best=4.3043 log2  τ=0.57  β=0.028
Ep 1592/2000  reward=+0.0000 log2  ep_best=4.3043 log2 ('KTLKIIRLLF')  global_best=4.3043 log2  τ=0.57  β=0.028
Ep 1593/2000  reward=+0.0000 log2  ep_best=4.3043 log2 ('KTLKIIRLLF')  global_best=4.3043 log2  τ=0.57  β=0.028
Ep 1594/2000  reward=+0.0000 log2  ep_best=4.3043 log2 ('KTLKIIRLLF')  global_best=4.3043 log2  τ=0.57  β=0.028
Ep 1595/2000  reward=+0.0000 log2  ep_best=4.3043 log2 ('KTLKIIRLLF')  global_best=4.3043 log2  τ=0.56  β=0.028
Ep 1596/2000  reward=+0.0000 log2  ep_best=4.3043 log2 ('KTLKIIRLLF')  global_best=4.3043 log2  τ=0.56  β=0.028
Ep 1597/2000  reward=+0.0000 log2  ep_best=4.3043 log2 ('KTLKIIRLLF')  global_best=4.3043 log2  τ=0.56  β=0.028
Ep 1598/2000  reward=+0.0000 log2  ep_best=4.3043 log2 ('KTLKIIRLLF')  global_best=4.3043 log2  τ=0.56  β=0.028
Ep 1599/2000  reward=+0.0000 log2  ep_best=4.3043 log2 ('KTLKIIRLLF')  global_best=4.3043 log2  τ=0.56  β=0.028
Ep 1600/2000  reward=+0.0000 log2  ep_best=4.3043 log2 ('KTLKIIRLLF')  global_best=4.3043 log2  τ=0.56  β=0.028
Ep 1601/2000  reward=+0.0000 log2  ep_best=4.3043 log2 ('KTLKIIRLLF')  global_best=4.3043 log2  τ=0.56  β=0.028
Ep 1602/2000  reward=+0.0000 log2  ep_best=4.3043 log2 ('KTLKIIRLLF')  global_best=4.3043 log2  τ=0.56  β=0.028
Ep 1603/2000  reward=+0.0000 log2  ep_best=4.3043 log2 ('KTLKIIRLLF')  global_best=4.3043 log2  τ=0.56  β=0.028
Ep 1604/2000  reward=+0.0000 log2  ep_best=4.3043 log2 ('KTLKIIRLLF')  global_best=4.3043 log2  τ=0.56  β=0.028
Ep 1605/2000  reward=+0.0000 log2  ep_best=4.3043 log2 ('KTLKIIRLLF')  global_best=4.3043 log2  τ=0.56  β=0.028
Ep 1606/2000  reward=+0.0000 log2  ep_best=4.3043 log2 ('KTLKIIRLLF')  global_best=4.3043 log2  τ=0.55  β=0.028
Ep 1607/2000  reward=+0.0000 log2  ep_best=4.3043 log2 ('KTLKIIRLLF')  global_best=4.3043 log2  τ=0.55  β=0.028
Ep 1608/2000  reward=+0.0000 log2  ep_best=4.3043 log2 ('KTLKIIRLLF')  global_best=4.3043 log2  τ=0.55  β=0.028
Ep 1609/2000  reward=+0.0000 log2  ep_best=4.3043 log2 ('KTLKIIRLLF')  global_best=4.3043 log2  τ=0.55  β=0.028
Ep 1610/2000  reward=+0.0000 log2  ep_best=4.3043 log2 ('KTLKIIRLLF')  global_best=4.3043 log2  τ=0.55  β=0.028
Ep 1611/2000  reward=+0.0000 log2  ep_best=4.3043 log2 ('KTLKIIRLLF')  global_best=4.3043 log2  τ=0.55  β=0.028
Ep 1612/2000  reward=+0.0000 log2  ep_best=4.3043 log2 ('KTLKIIRLLF')  global_best=4.3043 log2  τ=0.55  β=0.027
Ep 1613/2000  reward=+0.0000 log2  ep_best=4.3043 log2 ('KTLKIIRLLF')  global_best=4.3043 log2  τ=0.55  β=0.027
Ep 1614/2000  reward=+0.0000 log2  ep_best=4.3043 log2 ('KTLKIIRLLF')  global_best=4.3043 log2  τ=0.55  β=0.027
Ep 1615/2000  reward=+0.0000 log2  ep_best=4.3043 log2 ('KTLKIIRLLF')  global_best=4.3043 log2  τ=0.55  β=0.027
Ep 1616/2000  reward=+0.0000 log2  ep_best=4.3043 log2 ('KTLKIIRLLF')  global_best=4.3043 log2  τ=0.55  β=0.027
Ep 1617/2000  reward=+0.0000 log2  ep_best=4.3043 log2 ('KTLKIIRLLF')  global_best=4.3043 log2  τ=0.54  β=0.027
Ep 1618/2000  reward=+0.0000 log2  ep_best=4.3043 log2 ('KTLKIIRLLF')  global_best=4.3043 log2  τ=0.54  β=0.027
Ep 1619/2000  reward=+0.0000 log2  ep_best=4.3043 log2 ('KTLKIIRLLF')  global_best=4.3043 log2  τ=0.54  β=0.027
Ep 1620/2000  reward=+0.0000 log2  ep_best=4.3043 log2 ('KTLKIIRLLF')  global_best=4.3043 log2  τ=0.54  β=0.027
Ep 1621/2000  reward=+0.0000 log2  ep_best=4.3043 log2 ('KTLKIIRLLF')  global_best=4.3043 log2  τ=0.54  β=0.027
Ep 1622/2000  reward=+0.0000 log2  ep_best=4.3043 log2 ('KTLKIIRLLF')  global_best=4.3043 log2  τ=0.54  β=0.027
Ep 1623/2000  reward=+0.0000 log2  ep_best=4.3043 log2 ('KTLKIIRLLF')  global_best=4.3043 log2  τ=0.54  β=0.027
Ep 1624/2000  reward=+0.0000 log2  ep_best=4.3043 log2 ('KTLKIIRLLF')  global_best=4.3043 log2  τ=0.54  β=0.027
Ep 1625/2000  reward=+0.0000 log2  ep_best=4.3043 log2 ('KTLKIIRLLF')  global_best=4.3043 log2  τ=0.54  β=0.027
Ep 1626/2000  reward=+0.0000 log2  ep_best=4.3043 log2 ('KTLKIIRLLF')  global_best=4.3043 log2  τ=0.54  β=0.027
Ep 1627/2000  reward=+0.0000 log2  ep_best=4.3043 log2 ('KTLKIIRLLF')  global_best=4.3043 log2  τ=0.54  β=0.027
Ep 1628/2000  reward=+0.0000 log2  ep_best=4.3043 log2 ('KTLKIIRLLF')  global_best=4.3043 log2  τ=0.53  β=0.027
Ep 1629/2000  reward=+0.0000 log2  ep_best=4.3043 log2 ('KTLKIIRLLF')  global_best=4.3043 log2  τ=0.53  β=0.027
Ep 1630/2000  reward=+0.0000 log2  ep_best=4.3043 log2 ('KTLKIIRLLF')  global_best=4.3043 log2  τ=0.53  β=0.027
Ep 1631/2000  reward=+0.0000 log2  ep_best=4.3043 log2 ('KTLKIIRLLF')  global_best=4.3043 log2  τ=0.53  β=0.027
Ep 1632/2000  reward=+0.0000 log2  ep_best=4.3043 log2 ('KTLKIIRLLF')  global_best=4.3043 log2  τ=0.53  β=0.027
Ep 1633/2000  reward=+0.0000 log2  ep_best=4.3043 log2 ('KTLKIIRLLF')  global_best=4.3043 log2  τ=0.53  β=0.027
Ep 1634/2000  reward=+0.0000 log2  ep_best=4.3043 log2 ('KTLKIIRLLF')  global_best=4.3043 log2  τ=0.53  β=0.026
Ep 1635/2000  reward=+0.0000 log2  ep_best=4.3043 log2 ('KTLKIIRLLF')  global_best=4.3043 log2  τ=0.53  β=0.026
Ep 1636/2000  reward=+0.0000 log2  ep_best=4.3043 log2 ('KTLKIIRLLF')  global_best=4.3043 log2  τ=0.53  β=0.026
Ep 1637/2000  reward=+0.0000 log2  ep_best=4.3043 log2 ('KTLKIIRLLF')  global_best=4.3043 log2  τ=0.53  β=0.026
Ep 1638/2000  reward=+0.0000 log2  ep_best=4.3043 log2 ('KTLKIIRLLF')  global_best=4.3043 log2  τ=0.53  β=0.026
Ep 1639/2000  reward=+0.0000 log2  ep_best=4.3043 log2 ('KTLKIIRLLF')  global_best=4.3043 log2  τ=0.53  β=0.026
Ep 1640/2000  reward=+0.0000 log2  ep_best=4.3043 log2 ('KTLKIIRLLF')  global_best=4.3043 log2  τ=0.52  β=0.026
Ep 1641/2000  reward=+0.0000 log2  ep_best=4.3043 log2 ('KTLKIIRLLF')  global_best=4.3043 log2  τ=0.52  β=0.026
Ep 1642/2000  reward=+0.0000 log2  ep_best=4.3043 log2 ('KTLKIIRLLF')  global_best=4.3043 log2  τ=0.52  β=0.026
Ep 1643/2000  reward=+0.0000 log2  ep_best=4.3043 log2 ('KTLKIIRLLF')  global_best=4.3043 log2  τ=0.52  β=0.026
Ep 1644/2000  reward=+0.0000 log2  ep_best=4.3043 log2 ('KTLKIIRLLF')  global_best=4.3043 log2  τ=0.52  β=0.026
Ep 1645/2000  reward=+0.0000 log2  ep_best=4.3043 log2 ('KTLKIIRLLF')  global_best=4.3043 log2  τ=0.52  β=0.026
Ep 1646/2000  reward=+0.0000 log2  ep_best=4.3043 log2 ('KTLKIIRLLF')  global_best=4.3043 log2  τ=0.52  β=0.026
Ep 1647/2000  reward=+0.0000 log2  ep_best=4.3043 log2 ('KTLKIIRLLF')  global_best=4.3043 log2  τ=0.52  β=0.026
Ep 1648/2000  reward=+0.0000 log2  ep_best=4.3043 log2 ('KTLKIIRLLF')  global_best=4.3043 log2  τ=0.52  β=0.026
Ep 1649/2000  reward=+0.0000 log2  ep_best=4.3043 log2 ('KTLKIIRLLF')  global_best=4.3043 log2  τ=0.52  β=0.026
Ep 1650/2000  reward=+0.0000 log2  ep_best=4.3043 log2 ('KTLKIIRLLF')  global_best=4.3043 log2  τ=0.52  β=0.026
Ep 1651/2000  reward=+0.0000 log2  ep_best=4.3043 log2 ('KTLKIIRLLF')  global_best=4.3043 log2  τ=0.51  β=0.026
Ep 1652/2000  reward=+0.0000 log2  ep_best=4.3043 log2 ('KTLKIIRLLF')  global_best=4.3043 log2  τ=0.51  β=0.026
Ep 1653/2000  reward=+0.0000 log2  ep_best=4.3043 log2 ('KTLKIIRLLF')  global_best=4.3043 log2  τ=0.51  β=0.026
Ep 1654/2000  reward=+0.0000 log2  ep_best=4.3043 log2 ('KTLKIIRLLF')  global_best=4.3043 log2  τ=0.51  β=0.026
Ep 1655/2000  reward=+0.0000 log2  ep_best=4.3043 log2 ('KTLKIIRLLF')  global_best=4.3043 log2  τ=0.51  β=0.026
Ep 1656/2000  reward=+0.0000 log2  ep_best=4.3043 log2 ('KTLKIIRLLF')  global_best=4.3043 log2  τ=0.51  β=0.025
Ep 1657/2000  reward=+0.0000 log2  ep_best=4.3043 log2 ('KTLKIIRLLF')  global_best=4.3043 log2  τ=0.51  β=0.025
Ep 1658/2000  reward=+0.0000 log2  ep_best=4.3043 log2 ('KTLKIIRLLF')  global_best=4.3043 log2  τ=0.51  β=0.025
Ep 1659/2000  reward=+0.0000 log2  ep_best=4.3043 log2 ('KTLKIIRLLF')  global_best=4.3043 log2  τ=0.51  β=0.025
Ep 1660/2000  reward=+0.0000 log2  ep_best=4.3043 log2 ('KTLKIIRLLF')  global_best=4.3043 log2  τ=0.51  β=0.025
Ep 1661/2000  reward=+0.0000 log2  ep_best=4.3043 log2 ('KTLKIIRLLF')  global_best=4.3043 log2  τ=0.51  β=0.025
Ep 1662/2000  reward=+0.0000 log2  ep_best=4.3043 log2 ('KTLKIIRLLF')  global_best=4.3043 log2  τ=0.50  β=0.025
Ep 1663/2000  reward=+0.0000 log2  ep_best=4.3043 log2 ('KTLKIIRLLF')  global_best=4.3043 log2  τ=0.50  β=0.025
Ep 1664/2000  reward=+0.0000 log2  ep_best=4.3043 log2 ('KTLKIIRLLF')  global_best=4.3043 log2  τ=0.50  β=0.025
Ep 1665/2000  reward=+0.0000 log2  ep_best=4.3043 log2 ('KTLKIIRLLF')  global_best=4.3043 log2  τ=0.50  β=0.025
Ep 1666/2000  reward=+0.0000 log2  ep_best=4.3043 log2 ('KTLKIIRLLF')  global_best=4.3043 log2  τ=0.50  β=0.025
Ep 1667/2000  reward=+0.0000 log2  ep_best=4.3043 log2 ('KTLKIIRLLF')  global_best=4.3043 log2  τ=0.50  β=0.025
Ep 1668/2000  reward=+0.0000 log2  ep_best=4.3043 log2 ('KTLKIIRLLF')  global_best=4.3043 log2  τ=0.50  β=0.025
Ep 1669/2000  reward=+0.0000 log2  ep_best=4.3043 log2 ('KTLKIIRLLF')  global_best=4.3043 log2  τ=0.50  β=0.025
Ep 1670/2000  reward=+0.0000 log2  ep_best=4.3043 log2 ('KTLKIIRLLF')  global_best=4.3043 log2  τ=0.50  β=0.025
Ep 1671/2000  reward=+0.0000 log2  ep_best=4.3043 log2 ('KTLKIIRLLF')  global_best=4.3043 log2  τ=0.50  β=0.025
Ep 1672/2000  reward=+0.0000 log2  ep_best=4.3043 log2 ('KTLKIIRLLF')  global_best=4.3043 log2  τ=0.50  β=0.025
Ep 1673/2000  reward=+0.0000 log2  ep_best=4.3043 log2 ('KTLKIIRLLF')  global_best=4.3043 log2  τ=0.49  β=0.025
Ep 1674/2000  reward=+0.0000 log2  ep_best=4.3043 log2 ('KTLKIIRLLF')  global_best=4.3043 log2  τ=0.49  β=0.025
Ep 1675/2000  reward=+0.0000 log2  ep_best=4.3043 log2 ('KTLKIIRLLF')  global_best=4.3043 log2  τ=0.49  β=0.025
Ep 1676/2000  reward=+0.0000 log2  ep_best=4.3043 log2 ('KTLKIIRLLF')  global_best=4.3043 log2  τ=0.49  β=0.025
Ep 1677/2000  reward=+0.0000 log2  ep_best=4.3043 log2 ('KTLKIIRLLF')  global_best=4.3043 log2  τ=0.49  β=0.025
Ep 1678/2000  reward=+0.0000 log2  ep_best=4.3043 log2 ('KTLKIIRLLF')  global_best=4.3043 log2  τ=0.49  β=0.024
Ep 1679/2000  reward=+0.0000 log2  ep_best=4.3043 log2 ('KTLKIIRLLF')  global_best=4.3043 log2  τ=0.49  β=0.024
Ep 1680/2000  reward=+0.0000 log2  ep_best=4.3043 log2 ('KTLKIIRLLF')  global_best=4.3043 log2  τ=0.49  β=0.024
Ep 1681/2000  reward=+0.0000 log2  ep_best=4.3043 log2 ('KTLKIIRLLF')  global_best=4.3043 log2  τ=0.49  β=0.024
Ep 1682/2000  reward=+0.0000 log2  ep_best=4.3043 log2 ('KTLKIIRLLF')  global_best=4.3043 log2  τ=0.49  β=0.024
Ep 1683/2000  reward=+0.0000 log2  ep_best=4.3043 log2 ('KTLKIIRLLF')  global_best=4.3043 log2  τ=0.49  β=0.024
Ep 1684/2000  reward=+0.0000 log2  ep_best=4.3043 log2 ('KTLKIIRLLF')  global_best=4.3043 log2  τ=0.48  β=0.024
Ep 1685/2000  reward=+0.0000 log2  ep_best=4.3043 log2 ('KTLKIIRLLF')  global_best=4.3043 log2  τ=0.48  β=0.024
Ep 1686/2000  reward=+0.0000 log2  ep_best=4.3043 log2 ('KTLKIIRLLF')  global_best=4.3043 log2  τ=0.48  β=0.024
Ep 1687/2000  reward=+0.0000 log2  ep_best=4.3043 log2 ('KTLKIIRLLF')  global_best=4.3043 log2  τ=0.48  β=0.024
Ep 1688/2000  reward=+0.0000 log2  ep_best=4.3043 log2 ('KTLKIIRLLF')  global_best=4.3043 log2  τ=0.48  β=0.024
Ep 1689/2000  reward=+0.0000 log2  ep_best=4.3043 log2 ('KTLKIIRLLF')  global_best=4.3043 log2  τ=0.48  β=0.024
Ep 1690/2000  reward=+0.0000 log2  ep_best=4.3043 log2 ('KTLKIIRLLF')  global_best=4.3043 log2  τ=0.48  β=0.024
Ep 1691/2000  reward=+0.0000 log2  ep_best=4.3043 log2 ('KTLKIIRLLF')  global_best=4.3043 log2  τ=0.48  β=0.024
Ep 1692/2000  reward=+0.0000 log2  ep_best=4.3043 log2 ('KTLKIIRLLF')  global_best=4.3043 log2  τ=0.48  β=0.024
Ep 1693/2000  reward=+0.0000 log2  ep_best=4.3043 log2 ('KTLKIIRLLF')  global_best=4.3043 log2  τ=0.48  β=0.024
Ep 1694/2000  reward=+0.0000 log2  ep_best=4.3043 log2 ('KTLKIIRLLF')  global_best=4.3043 log2  τ=0.48  β=0.024
Ep 1695/2000  reward=+0.0000 log2  ep_best=4.3043 log2 ('KTLKIIRLLF')  global_best=4.3043 log2  τ=0.47  β=0.024
Ep 1696/2000  reward=+0.0000 log2  ep_best=4.3043 log2 ('KTLKIIRLLF')  global_best=4.3043 log2  τ=0.47  β=0.024
Ep 1697/2000  reward=+0.0000 log2  ep_best=4.3043 log2 ('KTLKIIRLLF')  global_best=4.3043 log2  τ=0.47  β=0.024
Ep 1698/2000  reward=+0.0000 log2  ep_best=4.3043 log2 ('KTLKIIRLLF')  global_best=4.3043 log2  τ=0.47  β=0.024
Ep 1699/2000  reward=+0.0000 log2  ep_best=4.3043 log2 ('KTLKIIRLLF')  global_best=4.3043 log2  τ=0.47  β=0.024
Ep 1700/2000  reward=+0.0000 log2  ep_best=4.3043 log2 ('KTLKIIRLLF')  global_best=4.3043 log2  τ=0.47  β=0.024
Ep 1701/2000  reward=+0.0000 log2  ep_best=4.3043 log2 ('KTLKIIRLLF')  global_best=4.3043 log2  τ=0.47  β=0.023
Ep 1702/2000  reward=+0.0000 log2  ep_best=4.3043 log2 ('KTLKIIRLLF')  global_best=4.3043 log2  τ=0.47  β=0.023
Ep 1703/2000  reward=+0.0000 log2  ep_best=4.3043 log2 ('KTLKIIRLLF')  global_best=4.3043 log2  τ=0.47  β=0.023
Ep 1704/2000  reward=+0.0000 log2  ep_best=4.3043 log2 ('KTLKIIRLLF')  global_best=4.3043 log2  τ=0.47  β=0.023
Ep 1705/2000  reward=+0.0000 log2  ep_best=4.3043 log2 ('KTLKIIRLLF')  global_best=4.3043 log2  τ=0.47  β=0.023
Ep 1706/2000  reward=+0.0000 log2  ep_best=4.3043 log2 ('KTLKIIRLLF')  global_best=4.3043 log2  τ=0.46  β=0.023
Ep 1707/2000  reward=+0.0000 log2  ep_best=4.3043 log2 ('KTLKIIRLLF')  global_best=4.3043 log2  τ=0.46  β=0.023
Ep 1708/2000  reward=+0.0000 log2  ep_best=4.3043 log2 ('KTLKIIRLLF')  global_best=4.3043 log2  τ=0.46  β=0.023
Ep 1709/2000  reward=+0.0000 log2  ep_best=4.3043 log2 ('KTLKIIRLLF')  global_best=4.3043 log2  τ=0.46  β=0.023
Ep 1710/2000  reward=+0.0000 log2  ep_best=4.3043 log2 ('KTLKIIRLLF')  global_best=4.3043 log2  τ=0.46  β=0.023
Ep 1711/2000  reward=+0.0000 log2  ep_best=4.3043 log2 ('KTLKIIRLLF')  global_best=4.3043 log2  τ=0.46  β=0.023
Ep 1712/2000  reward=+0.0000 log2  ep_best=4.3043 log2 ('KTLKIIRLLF')  global_best=4.3043 log2  τ=0.46  β=0.023
Ep 1713/2000  reward=+0.0000 log2  ep_best=4.3043 log2 ('KTLKIIRLLF')  global_best=4.3043 log2  τ=0.46  β=0.023
Ep 1714/2000  reward=+0.0000 log2  ep_best=4.3043 log2 ('KTLKIIRLLF')  global_best=4.3043 log2  τ=0.46  β=0.023
Ep 1715/2000  reward=+0.0000 log2  ep_best=4.3043 log2 ('KTLKIIRLLF')  global_best=4.3043 log2  τ=0.46  β=0.023
Ep 1716/2000  reward=+0.0000 log2  ep_best=4.3043 log2 ('KTLKIIRLLF')  global_best=4.3043 log2  τ=0.46  β=0.023
Ep 1717/2000  reward=+0.0000 log2  ep_best=4.3043 log2 ('KTLKIIRLLF')  global_best=4.3043 log2  τ=0.45  β=0.023
Ep 1718/2000  reward=+0.0000 log2  ep_best=4.3043 log2 ('KTLKIIRLLF')  global_best=4.3043 log2  τ=0.45  β=0.023
Ep 1719/2000  reward=+0.0000 log2  ep_best=4.3043 log2 ('KTLKIIRLLF')  global_best=4.3043 log2  τ=0.45  β=0.023
Ep 1720/2000  reward=+0.0000 log2  ep_best=4.3043 log2 ('KTLKIIRLLF')  global_best=4.3043 log2  τ=0.45  β=0.023
Ep 1721/2000  reward=+0.0000 log2  ep_best=4.3043 log2 ('KTLKIIRLLF')  global_best=4.3043 log2  τ=0.45  β=0.023
Ep 1722/2000  reward=+0.0000 log2  ep_best=4.3043 log2 ('KTLKIIRLLF')  global_best=4.3043 log2  τ=0.45  β=0.023
Ep 1723/2000  reward=+0.0000 log2  ep_best=4.3043 log2 ('KTLKIIRLLF')  global_best=4.3043 log2  τ=0.45  β=0.022
Ep 1724/2000  reward=+0.0000 log2  ep_best=4.3043 log2 ('KTLKIIRLLF')  global_best=4.3043 log2  τ=0.45  β=0.022
Ep 1725/2000  reward=+0.0000 log2  ep_best=4.3043 log2 ('KTLKIIRLLF')  global_best=4.3043 log2  τ=0.45  β=0.022
Ep 1726/2000  reward=+0.0000 log2  ep_best=4.3043 log2 ('KTLKIIRLLF')  global_best=4.3043 log2  τ=0.45  β=0.022
Ep 1727/2000  reward=+0.0000 log2  ep_best=4.3043 log2 ('KTLKIIRLLF')  global_best=4.3043 log2  τ=0.45  β=0.022
Ep 1728/2000  reward=+0.0000 log2  ep_best=4.3043 log2 ('KTLKIIRLLF')  global_best=4.3043 log2  τ=0.44  β=0.022
Ep 1729/2000  reward=+0.0000 log2  ep_best=4.3043 log2 ('KTLKIIRLLF')  global_best=4.3043 log2  τ=0.44  β=0.022
Ep 1730/2000  reward=+0.0000 log2  ep_best=4.3043 log2 ('KTLKIIRLLF')  global_best=4.3043 log2  τ=0.44  β=0.022
Ep 1731/2000  reward=+0.0000 log2  ep_best=4.3043 log2 ('KTLKIIRLLF')  global_best=4.3043 log2  τ=0.44  β=0.022
Ep 1732/2000  reward=+0.0000 log2  ep_best=4.3043 log2 ('KTLKIIRLLF')  global_best=4.3043 log2  τ=0.44  β=0.022
Ep 1733/2000  reward=+0.0000 log2  ep_best=4.3043 log2 ('KTLKIIRLLF')  global_best=4.3043 log2  τ=0.44  β=0.022
Ep 1734/2000  reward=+0.0000 log2  ep_best=4.3043 log2 ('KTLKIIRLLF')  global_best=4.3043 log2  τ=0.44  β=0.022
Ep 1735/2000  reward=+0.0000 log2  ep_best=4.3043 log2 ('KTLKIIRLLF')  global_best=4.3043 log2  τ=0.44  β=0.022
Ep 1736/2000  reward=+0.0000 log2  ep_best=4.3043 log2 ('KTLKIIRLLF')  global_best=4.3043 log2  τ=0.44  β=0.022
Ep 1737/2000  reward=+0.0000 log2  ep_best=4.3043 log2 ('KTLKIIRLLF')  global_best=4.3043 log2  τ=0.44  β=0.022
Ep 1738/2000  reward=+0.0000 log2  ep_best=4.3043 log2 ('KTLKIIRLLF')  global_best=4.3043 log2  τ=0.44  β=0.022
Ep 1739/2000  reward=+0.0000 log2  ep_best=4.3043 log2 ('KTLKIIRLLF')  global_best=4.3043 log2  τ=0.44  β=0.022
Ep 1740/2000  reward=+0.0000 log2  ep_best=4.3043 log2 ('KTLKIIRLLF')  global_best=4.3043 log2  τ=0.43  β=0.022
Ep 1741/2000  reward=+0.0000 log2  ep_best=4.3043 log2 ('KTLKIIRLLF')  global_best=4.3043 log2  τ=0.43  β=0.022
Ep 1742/2000  reward=+0.0000 log2  ep_best=4.3043 log2 ('KTLKIIRLLF')  global_best=4.3043 log2  τ=0.43  β=0.022
Ep 1743/2000  reward=+0.0000 log2  ep_best=4.3043 log2 ('KTLKIIRLLF')  global_best=4.3043 log2  τ=0.43  β=0.022
Ep 1744/2000  reward=+0.0000 log2  ep_best=4.3043 log2 ('KTLKIIRLLF')  global_best=4.3043 log2  τ=0.43  β=0.022
Ep 1745/2000  reward=+0.0000 log2  ep_best=4.3043 log2 ('KTLKIIRLLF')  global_best=4.3043 log2  τ=0.43  β=0.021
Ep 1746/2000  reward=+0.0000 log2  ep_best=4.3043 log2 ('KTLKIIRLLF')  global_best=4.3043 log2  τ=0.43  β=0.021
Ep 1747/2000  reward=+0.0000 log2  ep_best=4.3043 log2 ('KTLKIIRLLF')  global_best=4.3043 log2  τ=0.43  β=0.021
Ep 1748/2000  reward=+0.0000 log2  ep_best=4.3043 log2 ('KTLKIIRLLF')  global_best=4.3043 log2  τ=0.43  β=0.021
Ep 1749/2000  reward=+0.0000 log2  ep_best=4.3043 log2 ('KTLKIIRLLF')  global_best=4.3043 log2  τ=0.43  β=0.021
Ep 1750/2000  reward=+0.0000 log2  ep_best=4.3043 log2 ('KTLKIIRLLF')  global_best=4.3043 log2  τ=0.43  β=0.021
Ep 1751/2000  reward=+0.0000 log2  ep_best=4.3043 log2 ('KTLKIIRLLF')  global_best=4.3043 log2  τ=0.42  β=0.021
Ep 1752/2000  reward=+0.0000 log2  ep_best=4.3043 log2 ('KTLKIIRLLF')  global_best=4.3043 log2  τ=0.42  β=0.021
Ep 1753/2000  reward=+0.0000 log2  ep_best=4.3043 log2 ('KTLKIIRLLF')  global_best=4.3043 log2  τ=0.42  β=0.021
Ep 1754/2000  reward=+0.0000 log2  ep_best=4.3043 log2 ('KTLKIIRLLF')  global_best=4.3043 log2  τ=0.42  β=0.021
Ep 1755/2000  reward=+0.0000 log2  ep_best=4.3043 log2 ('KTLKIIRLLF')  global_best=4.3043 log2  τ=0.42  β=0.021
Ep 1756/2000  reward=+0.0000 log2  ep_best=4.3043 log2 ('KTLKIIRLLF')  global_best=4.3043 log2  τ=0.42  β=0.021
Ep 1757/2000  reward=+0.0000 log2  ep_best=4.3043 log2 ('KTLKIIRLLF')  global_best=4.3043 log2  τ=0.42  β=0.021
Ep 1758/2000  reward=+0.0000 log2  ep_best=4.3043 log2 ('KTLKIIRLLF')  global_best=4.3043 log2  τ=0.42  β=0.021
Ep 1759/2000  reward=+0.0000 log2  ep_best=4.3043 log2 ('KTLKIIRLLF')  global_best=4.3043 log2  τ=0.42  β=0.021
Ep 1760/2000  reward=+0.0000 log2  ep_best=4.3043 log2 ('KTLKIIRLLF')  global_best=4.3043 log2  τ=0.42  β=0.021
Ep 1761/2000  reward=+0.0000 log2  ep_best=4.3043 log2 ('KTLKIIRLLF')  global_best=4.3043 log2  τ=0.42  β=0.021
Ep 1762/2000  reward=+0.0000 log2  ep_best=4.3043 log2 ('KTLKIIRLLF')  global_best=4.3043 log2  τ=0.41  β=0.021
Ep 1763/2000  reward=+0.0000 log2  ep_best=4.3043 log2 ('KTLKIIRLLF')  global_best=4.3043 log2  τ=0.41  β=0.021
Ep 1764/2000  reward=+0.0000 log2  ep_best=4.3043 log2 ('KTLKIIRLLF')  global_best=4.3043 log2  τ=0.41  β=0.021
Ep 1765/2000  reward=+0.0000 log2  ep_best=4.3043 log2 ('KTLKIIRLLF')  global_best=4.3043 log2  τ=0.41  β=0.021
Ep 1766/2000  reward=+0.0000 log2  ep_best=4.3043 log2 ('KTLKIIRLLF')  global_best=4.3043 log2  τ=0.41  β=0.021
Ep 1767/2000  reward=+0.0000 log2  ep_best=4.3043 log2 ('KTLKIIRLLF')  global_best=4.3043 log2  τ=0.41  β=0.020
Ep 1768/2000  reward=+0.0000 log2  ep_best=4.3043 log2 ('KTLKIIRLLF')  global_best=4.3043 log2  τ=0.41  β=0.020
Ep 1769/2000  reward=+0.0000 log2  ep_best=4.3043 log2 ('KTLKIIRLLF')  global_best=4.3043 log2  τ=0.41  β=0.020
Ep 1770/2000  reward=+0.0000 log2  ep_best=4.3043 log2 ('KTLKIIRLLF')  global_best=4.3043 log2  τ=0.41  β=0.020
Ep 1771/2000  reward=+0.0000 log2  ep_best=4.3043 log2 ('KTLKIIRLLF')  global_best=4.3043 log2  τ=0.41  β=0.020
Ep 1772/2000  reward=+0.0000 log2  ep_best=4.3043 log2 ('KTLKIIRLLF')  global_best=4.3043 log2  τ=0.41  β=0.020
Ep 1773/2000  reward=+0.0000 log2  ep_best=4.3043 log2 ('KTLKIIRLLF')  global_best=4.3043 log2  τ=0.40  β=0.020
Ep 1774/2000  reward=+0.0000 log2  ep_best=4.3043 log2 ('KTLKIIRLLF')  global_best=4.3043 log2  τ=0.40  β=0.020
Ep 1775/2000  reward=+0.0000 log2  ep_best=4.3043 log2 ('KTLKIIRLLF')  global_best=4.3043 log2  τ=0.40  β=0.020
Ep 1776/2000  reward=+0.0000 log2  ep_best=4.3043 log2 ('KTLKIIRLLF')  global_best=4.3043 log2  τ=0.40  β=0.020
Ep 1777/2000  reward=+0.0000 log2  ep_best=4.3043 log2 ('KTLKIIRLLF')  global_best=4.3043 log2  τ=0.40  β=0.020
Ep 1778/2000  reward=+0.0000 log2  ep_best=4.3043 log2 ('KTLKIIRLLF')  global_best=4.3043 log2  τ=0.40  β=0.020
Ep 1779/2000  reward=+0.0000 log2  ep_best=4.3043 log2 ('KTLKIIRLLF')  global_best=4.3043 log2  τ=0.40  β=0.020
Ep 1780/2000  reward=+0.0000 log2  ep_best=4.3043 log2 ('KTLKIIRLLF')  global_best=4.3043 log2  τ=0.40  β=0.020
Ep 1781/2000  reward=+0.0000 log2  ep_best=4.3043 log2 ('KTLKIIRLLF')  global_best=4.3043 log2  τ=0.40  β=0.020
Ep 1782/2000  reward=+0.0000 log2  ep_best=4.3043 log2 ('KTLKIIRLLF')  global_best=4.3043 log2  τ=0.40  β=0.020
Ep 1783/2000  reward=+0.0000 log2  ep_best=4.3043 log2 ('KTLKIIRLLF')  global_best=4.3043 log2  τ=0.40  β=0.020
Ep 1784/2000  reward=+0.0000 log2  ep_best=4.3043 log2 ('KTLKIIRLLF')  global_best=4.3043 log2  τ=0.39  β=0.020
Ep 1785/2000  reward=+0.0000 log2  ep_best=4.3043 log2 ('KTLKIIRLLF')  global_best=4.3043 log2  τ=0.39  β=0.020
Ep 1786/2000  reward=+0.0000 log2  ep_best=4.3043 log2 ('KTLKIIRLLF')  global_best=4.3043 log2  τ=0.39  β=0.020
Ep 1787/2000  reward=+0.0000 log2  ep_best=4.3043 log2 ('KTLKIIRLLF')  global_best=4.3043 log2  τ=0.39  β=0.020
Ep 1788/2000  reward=+0.0000 log2  ep_best=4.3043 log2 ('KTLKIIRLLF')  global_best=4.3043 log2  τ=0.39  β=0.020
Ep 1789/2000  reward=+0.0000 log2  ep_best=4.3043 log2 ('KTLKIIRLLF')  global_best=4.3043 log2  τ=0.39  β=0.019
Ep 1790/2000  reward=+0.0000 log2  ep_best=4.3043 log2 ('KTLKIIRLLF')  global_best=4.3043 log2  τ=0.39  β=0.019
Ep 1791/2000  reward=+0.0000 log2  ep_best=4.3043 log2 ('KTLKIIRLLF')  global_best=4.3043 log2  τ=0.39  β=0.019
Ep 1792/2000  reward=+0.0000 log2  ep_best=4.3043 log2 ('KTLKIIRLLF')  global_best=4.3043 log2  τ=0.39  β=0.019
Ep 1793/2000  reward=+0.0000 log2  ep_best=4.3043 log2 ('KTLKIIRLLF')  global_best=4.3043 log2  τ=0.39  β=0.019
Ep 1794/2000  reward=+0.0000 log2  ep_best=4.3043 log2 ('KTLKIIRLLF')  global_best=4.3043 log2  τ=0.39  β=0.019
Ep 1795/2000  reward=+0.0000 log2  ep_best=4.3043 log2 ('KTLKIIRLLF')  global_best=4.3043 log2  τ=0.38  β=0.019
Ep 1796/2000  reward=+0.0000 log2  ep_best=4.3043 log2 ('KTLKIIRLLF')  global_best=4.3043 log2  τ=0.38  β=0.019
Ep 1797/2000  reward=+0.0000 log2  ep_best=4.3043 log2 ('KTLKIIRLLF')  global_best=4.3043 log2  τ=0.38  β=0.019
Ep 1798/2000  reward=+0.0000 log2  ep_best=4.3043 log2 ('KTLKIIRLLF')  global_best=4.3043 log2  τ=0.38  β=0.019
Ep 1799/2000  reward=+0.0000 log2  ep_best=4.3043 log2 ('KTLKIIRLLF')  global_best=4.3043 log2  τ=0.38  β=0.019
Ep 1800/2000  reward=+0.0000 log2  ep_best=4.3043 log2 ('KTLKIIRLLF')  global_best=4.3043 log2  τ=0.38  β=0.019
Ep 1801/2000  reward=+0.0000 log2  ep_best=4.3043 log2 ('KTLKIIRLLF')  global_best=4.3043 log2  τ=0.38  β=0.019
Ep 1802/2000  reward=+0.0000 log2  ep_best=4.3043 log2 ('KTLKIIRLLF')  global_best=4.3043 log2  τ=0.38  β=0.019
Ep 1803/2000  reward=+0.0000 log2  ep_best=4.3043 log2 ('KTLKIIRLLF')  global_best=4.3043 log2  τ=0.38  β=0.019
Ep 1804/2000  reward=+0.0000 log2  ep_best=4.3043 log2 ('KTLKIIRLLF')  global_best=4.3043 log2  τ=0.38  β=0.019
Ep 1805/2000  reward=+0.0000 log2  ep_best=4.3043 log2 ('KTLKIIRLLF')  global_best=4.3043 log2  τ=0.38  β=0.019
Ep 1806/2000  reward=+0.0000 log2  ep_best=4.3043 log2 ('KTLKIIRLLF')  global_best=4.3043 log2  τ=0.37  β=0.019
Ep 1807/2000  reward=+0.0000 log2  ep_best=4.3043 log2 ('KTLKIIRLLF')  global_best=4.3043 log2  τ=0.37  β=0.019
Ep 1808/2000  reward=+0.0000 log2  ep_best=4.3043 log2 ('KTLKIIRLLF')  global_best=4.3043 log2  τ=0.37  β=0.019
Ep 1809/2000  reward=+0.0000 log2  ep_best=4.3043 log2 ('KTLKIIRLLF')  global_best=4.3043 log2  τ=0.37  β=0.019
Ep 1810/2000  reward=+0.0000 log2  ep_best=4.3043 log2 ('KTLKIIRLLF')  global_best=4.3043 log2  τ=0.37  β=0.019
Ep 1811/2000  reward=+0.0000 log2  ep_best=4.3043 log2 ('KTLKIIRLLF')  global_best=4.3043 log2  τ=0.37  β=0.019
Ep 1812/2000  reward=+0.0000 log2  ep_best=4.3043 log2 ('KTLKIIRLLF')  global_best=4.3043 log2  τ=0.37  β=0.018
Ep 1813/2000  reward=+0.0000 log2  ep_best=4.3043 log2 ('KTLKIIRLLF')  global_best=4.3043 log2  τ=0.37  β=0.018
Ep 1814/2000  reward=+0.0000 log2  ep_best=4.3043 log2 ('KTLKIIRLLF')  global_best=4.3043 log2  τ=0.37  β=0.018
Ep 1815/2000  reward=+0.0000 log2  ep_best=4.3043 log2 ('KTLKIIRLLF')  global_best=4.3043 log2  τ=0.37  β=0.018
Ep 1816/2000  reward=+0.0000 log2  ep_best=4.3043 log2 ('KTLKIIRLLF')  global_best=4.3043 log2  τ=0.37  β=0.018
Ep 1817/2000  reward=+0.0000 log2  ep_best=4.3043 log2 ('KTLKIIRLLF')  global_best=4.3043 log2  τ=0.36  β=0.018
Ep 1818/2000  reward=+0.0000 log2  ep_best=4.3043 log2 ('KTLKIIRLLF')  global_best=4.3043 log2  τ=0.36  β=0.018
Ep 1819/2000  reward=+0.0000 log2  ep_best=4.3043 log2 ('KTLKIIRLLF')  global_best=4.3043 log2  τ=0.36  β=0.018
Ep 1820/2000  reward=+0.0000 log2  ep_best=4.3043 log2 ('KTLKIIRLLF')  global_best=4.3043 log2  τ=0.36  β=0.018
Ep 1821/2000  reward=+0.0000 log2  ep_best=4.3043 log2 ('KTLKIIRLLF')  global_best=4.3043 log2  τ=0.36  β=0.018
Ep 1822/2000  reward=+0.0000 log2  ep_best=4.3043 log2 ('KTLKIIRLLF')  global_best=4.3043 log2  τ=0.36  β=0.018
Ep 1823/2000  reward=+0.0000 log2  ep_best=4.3043 log2 ('KTLKIIRLLF')  global_best=4.3043 log2  τ=0.36  β=0.018
Ep 1824/2000  reward=+0.0000 log2  ep_best=4.3043 log2 ('KTLKIIRLLF')  global_best=4.3043 log2  τ=0.36  β=0.018
Ep 1825/2000  reward=+0.0000 log2  ep_best=4.3043 log2 ('KTLKIIRLLF')  global_best=4.3043 log2  τ=0.36  β=0.018
Ep 1826/2000  reward=+0.0000 log2  ep_best=4.3043 log2 ('KTLKIIRLLF')  global_best=4.3043 log2  τ=0.36  β=0.018
Ep 1827/2000  reward=+0.0000 log2  ep_best=4.3043 log2 ('KTLKIIRLLF')  global_best=4.3043 log2  τ=0.36  β=0.018
Ep 1828/2000  reward=+0.0000 log2  ep_best=4.3043 log2 ('KTLKIIRLLF')  global_best=4.3043 log2  τ=0.35  β=0.018
Ep 1829/2000  reward=+0.0000 log2  ep_best=4.3043 log2 ('KTLKIIRLLF')  global_best=4.3043 log2  τ=0.35  β=0.018
Ep 1830/2000  reward=+0.0000 log2  ep_best=4.3043 log2 ('KTLKIIRLLF')  global_best=4.3043 log2  τ=0.35  β=0.018
Ep 1831/2000  reward=+0.0000 log2  ep_best=4.3043 log2 ('KTLKIIRLLF')  global_best=4.3043 log2  τ=0.35  β=0.018
Ep 1832/2000  reward=+0.0000 log2  ep_best=4.3043 log2 ('KTLKIIRLLF')  global_best=4.3043 log2  τ=0.35  β=0.018
Ep 1833/2000  reward=+0.0000 log2  ep_best=4.3043 log2 ('KTLKIIRLLF')  global_best=4.3043 log2  τ=0.35  β=0.018
Ep 1834/2000  reward=+0.0000 log2  ep_best=4.3043 log2 ('KTLKIIRLLF')  global_best=4.3043 log2  τ=0.35  β=0.017
Ep 1835/2000  reward=+0.0000 log2  ep_best=4.3043 log2 ('KTLKIIRLLF')  global_best=4.3043 log2  τ=0.35  β=0.017
Ep 1836/2000  reward=+0.0000 log2  ep_best=4.3043 log2 ('KTLKIIRLLF')  global_best=4.3043 log2  τ=0.35  β=0.017
Ep 1837/2000  reward=+0.0000 log2  ep_best=4.3043 log2 ('KTLKIIRLLF')  global_best=4.3043 log2  τ=0.35  β=0.017
Ep 1838/2000  reward=+0.0000 log2  ep_best=4.3043 log2 ('KTLKIIRLLF')  global_best=4.3043 log2  τ=0.35  β=0.017
Ep 1839/2000  reward=+0.0000 log2  ep_best=4.3043 log2 ('KTLKIIRLLF')  global_best=4.3043 log2  τ=0.34  β=0.017
Ep 1840/2000  reward=+0.0000 log2  ep_best=4.3043 log2 ('KTLKIIRLLF')  global_best=4.3043 log2  τ=0.34  β=0.017
Ep 1841/2000  reward=+0.0000 log2  ep_best=4.3043 log2 ('KTLKIIRLLF')  global_best=4.3043 log2  τ=0.34  β=0.017
Ep 1842/2000  reward=+0.0000 log2  ep_best=4.3043 log2 ('KTLKIIRLLF')  global_best=4.3043 log2  τ=0.34  β=0.017
Ep 1843/2000  reward=+0.0000 log2  ep_best=4.3043 log2 ('KTLKIIRLLF')  global_best=4.3043 log2  τ=0.34  β=0.017
Ep 1844/2000  reward=+0.0000 log2  ep_best=4.3043 log2 ('KTLKIIRLLF')  global_best=4.3043 log2  τ=0.34  β=0.017
Ep 1845/2000  reward=+0.0000 log2  ep_best=4.3043 log2 ('KTLKIIRLLF')  global_best=4.3043 log2  τ=0.34  β=0.017
Ep 1846/2000  reward=+0.0000 log2  ep_best=4.3043 log2 ('KTLKIIRLLF')  global_best=4.3043 log2  τ=0.34  β=0.017
Ep 1847/2000  reward=+0.0000 log2  ep_best=4.3043 log2 ('KTLKIIRLLF')  global_best=4.3043 log2  τ=0.34  β=0.017
Ep 1848/2000  reward=+0.0000 log2  ep_best=4.3043 log2 ('KTLKIIRLLF')  global_best=4.3043 log2  τ=0.34  β=0.017
Ep 1849/2000  reward=+0.0000 log2  ep_best=4.3043 log2 ('KTLKIIRLLF')  global_best=4.3043 log2  τ=0.34  β=0.017
Ep 1850/2000  reward=+0.0000 log2  ep_best=4.3043 log2 ('KTLKIIRLLF')  global_best=4.3043 log2  τ=0.34  β=0.017
Ep 1851/2000  reward=+0.0000 log2  ep_best=4.3043 log2 ('KTLKIIRLLF')  global_best=4.3043 log2  τ=0.33  β=0.017
Ep 1852/2000  reward=+0.0000 log2  ep_best=4.3043 log2 ('KTLKIIRLLF')  global_best=4.3043 log2  τ=0.33  β=0.017
Ep 1853/2000  reward=+0.0000 log2  ep_best=4.3043 log2 ('KTLKIIRLLF')  global_best=4.3043 log2  τ=0.33  β=0.017
Ep 1854/2000  reward=+0.0000 log2  ep_best=4.3043 log2 ('KTLKIIRLLF')  global_best=4.3043 log2  τ=0.33  β=0.017
Ep 1855/2000  reward=+0.0000 log2  ep_best=4.3043 log2 ('KTLKIIRLLF')  global_best=4.3043 log2  τ=0.33  β=0.017
Ep 1856/2000  reward=+0.0000 log2  ep_best=4.3043 log2 ('KTLKIIRLLF')  global_best=4.3043 log2  τ=0.33  β=0.016
Ep 1857/2000  reward=+0.0000 log2  ep_best=4.3043 log2 ('KTLKIIRLLF')  global_best=4.3043 log2  τ=0.33  β=0.016
Ep 1858/2000  reward=+0.0000 log2  ep_best=4.3043 log2 ('KTLKIIRLLF')  global_best=4.3043 log2  τ=0.33  β=0.016
Ep 1859/2000  reward=+0.0000 log2  ep_best=4.3043 log2 ('KTLKIIRLLF')  global_best=4.3043 log2  τ=0.33  β=0.016
Ep 1860/2000  reward=+0.0000 log2  ep_best=4.3043 log2 ('KTLKIIRLLF')  global_best=4.3043 log2  τ=0.33  β=0.016
Ep 1861/2000  reward=+0.0000 log2  ep_best=4.3043 log2 ('KTLKIIRLLF')  global_best=4.3043 log2  τ=0.33  β=0.016
Ep 1862/2000  reward=+0.0000 log2  ep_best=4.3043 log2 ('KTLKIIRLLF')  global_best=4.3043 log2  τ=0.32  β=0.016
Ep 1863/2000  reward=+0.0000 log2  ep_best=4.3043 log2 ('KTLKIIRLLF')  global_best=4.3043 log2  τ=0.32  β=0.016
Ep 1864/2000  reward=+0.0000 log2  ep_best=4.3043 log2 ('KTLKIIRLLF')  global_best=4.3043 log2  τ=0.32  β=0.016
Ep 1865/2000  reward=+0.0000 log2  ep_best=4.3043 log2 ('KTLKIIRLLF')  global_best=4.3043 log2  τ=0.32  β=0.016
Ep 1866/2000  reward=+0.0000 log2  ep_best=4.3043 log2 ('KTLKIIRLLF')  global_best=4.3043 log2  τ=0.32  β=0.016
Ep 1867/2000  reward=+0.0000 log2  ep_best=4.3043 log2 ('KTLKIIRLLF')  global_best=4.3043 log2  τ=0.32  β=0.016
Ep 1868/2000  reward=+0.0000 log2  ep_best=4.3043 log2 ('KTLKIIRLLF')  global_best=4.3043 log2  τ=0.32  β=0.016
Ep 1869/2000  reward=+0.0000 log2  ep_best=4.3043 log2 ('KTLKIIRLLF')  global_best=4.3043 log2  τ=0.32  β=0.016
Ep 1870/2000  reward=+0.0000 log2  ep_best=4.3043 log2 ('KTLKIIRLLF')  global_best=4.3043 log2  τ=0.32  β=0.016
Ep 1871/2000  reward=+0.0000 log2  ep_best=4.3043 log2 ('KTLKIIRLLF')  global_best=4.3043 log2  τ=0.32  β=0.016
Ep 1872/2000  reward=+0.0000 log2  ep_best=4.3043 log2 ('KTLKIIRLLF')  global_best=4.3043 log2  τ=0.32  β=0.016
Ep 1873/2000  reward=+0.0000 log2  ep_best=4.3043 log2 ('KTLKIIRLLF')  global_best=4.3043 log2  τ=0.31  β=0.016
Ep 1874/2000  reward=+0.0000 log2  ep_best=4.3043 log2 ('KTLKIIRLLF')  global_best=4.3043 log2  τ=0.31  β=0.016
Ep 1875/2000  reward=+0.0000 log2  ep_best=4.3043 log2 ('KTLKIIRLLF')  global_best=4.3043 log2  τ=0.31  β=0.016
Ep 1876/2000  reward=+0.0000 log2  ep_best=4.3043 log2 ('KTLKIIRLLF')  global_best=4.3043 log2  τ=0.31  β=0.016
Ep 1877/2000  reward=+0.0000 log2  ep_best=4.3043 log2 ('KTLKIIRLLF')  global_best=4.3043 log2  τ=0.31  β=0.016
Ep 1878/2000  reward=+0.0000 log2  ep_best=4.3043 log2 ('KTLKIIRLLF')  global_best=4.3043 log2  τ=0.31  β=0.015
Ep 1879/2000  reward=+0.0000 log2  ep_best=4.3043 log2 ('KTLKIIRLLF')  global_best=4.3043 log2  τ=0.31  β=0.015
Ep 1880/2000  reward=+0.0000 log2  ep_best=4.3043 log2 ('KTLKIIRLLF')  global_best=4.3043 log2  τ=0.31  β=0.015
Ep 1881/2000  reward=+0.0000 log2  ep_best=4.3043 log2 ('KTLKIIRLLF')  global_best=4.3043 log2  τ=0.31  β=0.015
Ep 1882/2000  reward=+0.0000 log2  ep_best=4.3043 log2 ('KTLKIIRLLF')  global_best=4.3043 log2  τ=0.31  β=0.015
Ep 1883/2000  reward=+0.0000 log2  ep_best=4.3043 log2 ('KTLKIIRLLF')  global_best=4.3043 log2  τ=0.31  β=0.015
Ep 1884/2000  reward=+0.0000 log2  ep_best=4.3043 log2 ('KTLKIIRLLF')  global_best=4.3043 log2  τ=0.30  β=0.015
Ep 1885/2000  reward=+0.0000 log2  ep_best=4.3043 log2 ('KTLKIIRLLF')  global_best=4.3043 log2  τ=0.30  β=0.015
Ep 1886/2000  reward=+0.0000 log2  ep_best=4.3043 log2 ('KTLKIIRLLF')  global_best=4.3043 log2  τ=0.30  β=0.015
Ep 1887/2000  reward=+0.0000 log2  ep_best=4.3043 log2 ('KTLKIIRLLF')  global_best=4.3043 log2  τ=0.30  β=0.015
Ep 1888/2000  reward=+0.0000 log2  ep_best=4.3043 log2 ('KTLKIIRLLF')  global_best=4.3043 log2  τ=0.30  β=0.015
Ep 1889/2000  reward=+0.0000 log2  ep_best=4.3043 log2 ('KTLKIIRLLF')  global_best=4.3043 log2  τ=0.30  β=0.015
Ep 1890/2000  reward=+0.0000 log2  ep_best=4.3043 log2 ('KTLKIIRLLF')  global_best=4.3043 log2  τ=0.30  β=0.015
Ep 1891/2000  reward=+0.0000 log2  ep_best=4.3043 log2 ('KTLKIIRLLF')  global_best=4.3043 log2  τ=0.30  β=0.015
Ep 1892/2000  reward=+0.0000 log2  ep_best=4.3043 log2 ('KTLKIIRLLF')  global_best=4.3043 log2  τ=0.30  β=0.015
Ep 1893/2000  reward=+0.0000 log2  ep_best=4.3043 log2 ('KTLKIIRLLF')  global_best=4.3043 log2  τ=0.30  β=0.015
Ep 1894/2000  reward=+0.0000 log2  ep_best=4.3043 log2 ('KTLKIIRLLF')  global_best=4.3043 log2  τ=0.30  β=0.015
Ep 1895/2000  reward=+0.0000 log2  ep_best=4.3043 log2 ('KTLKIIRLLF')  global_best=4.3043 log2  τ=0.29  β=0.015
Ep 1896/2000  reward=+0.0000 log2  ep_best=4.3043 log2 ('KTLKIIRLLF')  global_best=4.3043 log2  τ=0.29  β=0.015
Ep 1897/2000  reward=+0.0000 log2  ep_best=4.3043 log2 ('KTLKIIRLLF')  global_best=4.3043 log2  τ=0.29  β=0.015
Ep 1898/2000  reward=+0.0000 log2  ep_best=4.3043 log2 ('KTLKIIRLLF')  global_best=4.3043 log2  τ=0.29  β=0.015
Ep 1899/2000  reward=+0.0000 log2  ep_best=4.3043 log2 ('KTLKIIRLLF')  global_best=4.3043 log2  τ=0.29  β=0.015
Ep 1900/2000  reward=+0.0000 log2  ep_best=4.3043 log2 ('KTLKIIRLLF')  global_best=4.3043 log2  τ=0.29  β=0.015
Ep 1901/2000  reward=+0.0000 log2  ep_best=4.3043 log2 ('KTLKIIRLLF')  global_best=4.3043 log2  τ=0.29  β=0.014
Ep 1902/2000  reward=+0.0000 log2  ep_best=4.3043 log2 ('KTLKIIRLLF')  global_best=4.3043 log2  τ=0.29  β=0.014
Ep 1903/2000  reward=+0.0000 log2  ep_best=4.3043 log2 ('KTLKIIRLLF')  global_best=4.3043 log2  τ=0.29  β=0.014
Ep 1904/2000  reward=+0.0000 log2  ep_best=4.3043 log2 ('KTLKIIRLLF')  global_best=4.3043 log2  τ=0.29  β=0.014
Ep 1905/2000  reward=+0.0000 log2  ep_best=4.3043 log2 ('KTLKIIRLLF')  global_best=4.3043 log2  τ=0.29  β=0.014
Ep 1906/2000  reward=+0.0000 log2  ep_best=4.3043 log2 ('KTLKIIRLLF')  global_best=4.3043 log2  τ=0.28  β=0.014
Ep 1907/2000  reward=+0.0000 log2  ep_best=4.3043 log2 ('KTLKIIRLLF')  global_best=4.3043 log2  τ=0.28  β=0.014
Ep 1908/2000  reward=+0.0000 log2  ep_best=4.3043 log2 ('KTLKIIRLLF')  global_best=4.3043 log2  τ=0.28  β=0.014
Ep 1909/2000  reward=+0.0000 log2  ep_best=4.3043 log2 ('KTLKIIRLLF')  global_best=4.3043 log2  τ=0.28  β=0.014
Ep 1910/2000  reward=+0.0000 log2  ep_best=4.3043 log2 ('KTLKIIRLLF')  global_best=4.3043 log2  τ=0.28  β=0.014
Ep 1911/2000  reward=+0.0000 log2  ep_best=4.3043 log2 ('KTLKIIRLLF')  global_best=4.3043 log2  τ=0.28  β=0.014
Ep 1912/2000  reward=+0.0000 log2  ep_best=4.3043 log2 ('KTLKIIRLLF')  global_best=4.3043 log2  τ=0.28  β=0.014
Ep 1913/2000  reward=+0.0000 log2  ep_best=4.3043 log2 ('KTLKIIRLLF')  global_best=4.3043 log2  τ=0.28  β=0.014
Ep 1914/2000  reward=+0.0000 log2  ep_best=4.3043 log2 ('KTLKIIRLLF')  global_best=4.3043 log2  τ=0.28  β=0.014
Ep 1915/2000  reward=+0.0000 log2  ep_best=4.3043 log2 ('KTLKIIRLLF')  global_best=4.3043 log2  τ=0.28  β=0.014
Ep 1916/2000  reward=+0.0000 log2  ep_best=4.3043 log2 ('KTLKIIRLLF')  global_best=4.3043 log2  τ=0.28  β=0.014
Ep 1917/2000  reward=+0.0000 log2  ep_best=4.3043 log2 ('KTLKIIRLLF')  global_best=4.3043 log2  τ=0.27  β=0.014
Ep 1918/2000  reward=+0.0000 log2  ep_best=4.3043 log2 ('KTLKIIRLLF')  global_best=4.3043 log2  τ=0.27  β=0.014
Ep 1919/2000  reward=+0.0000 log2  ep_best=4.3043 log2 ('KTLKIIRLLF')  global_best=4.3043 log2  τ=0.27  β=0.014
Ep 1920/2000  reward=+0.0000 log2  ep_best=4.3043 log2 ('KTLKIIRLLF')  global_best=4.3043 log2  τ=0.27  β=0.014
Ep 1921/2000  reward=+0.0000 log2  ep_best=4.3043 log2 ('KTLKIIRLLF')  global_best=4.3043 log2  τ=0.27  β=0.014
Ep 1922/2000  reward=+0.0000 log2  ep_best=4.3043 log2 ('KTLKIIRLLF')  global_best=4.3043 log2  τ=0.27  β=0.014
Ep 1923/2000  reward=+0.0000 log2  ep_best=4.3043 log2 ('KTLKIIRLLF')  global_best=4.3043 log2  τ=0.27  β=0.013
Ep 1924/2000  reward=+0.0000 log2  ep_best=4.3043 log2 ('KTLKIIRLLF')  global_best=4.3043 log2  τ=0.27  β=0.013
Ep 1925/2000  reward=+0.0000 log2  ep_best=4.3043 log2 ('KTLKIIRLLF')  global_best=4.3043 log2  τ=0.27  β=0.013
Ep 1926/2000  reward=+0.0000 log2  ep_best=4.3043 log2 ('KTLKIIRLLF')  global_best=4.3043 log2  τ=0.27  β=0.013
Ep 1927/2000  reward=+0.0000 log2  ep_best=4.3043 log2 ('KTLKIIRLLF')  global_best=4.3043 log2  τ=0.27  β=0.013
Ep 1928/2000  reward=+0.0000 log2  ep_best=4.3043 log2 ('KTLKIIRLLF')  global_best=4.3043 log2  τ=0.26  β=0.013
Ep 1929/2000  reward=+0.0000 log2  ep_best=4.3043 log2 ('KTLKIIRLLF')  global_best=4.3043 log2  τ=0.26  β=0.013
Ep 1930/2000  reward=+0.0000 log2  ep_best=4.3043 log2 ('KTLKIIRLLF')  global_best=4.3043 log2  τ=0.26  β=0.013
Ep 1931/2000  reward=+0.0000 log2  ep_best=4.3043 log2 ('KTLKIIRLLF')  global_best=4.3043 log2  τ=0.26  β=0.013
Ep 1932/2000  reward=+0.0000 log2  ep_best=4.3043 log2 ('KTLKIIRLLF')  global_best=4.3043 log2  τ=0.26  β=0.013
Ep 1933/2000  reward=+0.0000 log2  ep_best=4.3043 log2 ('KTLKIIRLLF')  global_best=4.3043 log2  τ=0.26  β=0.013
Ep 1934/2000  reward=+0.0000 log2  ep_best=4.3043 log2 ('KTLKIIRLLF')  global_best=4.3043 log2  τ=0.26  β=0.013
Ep 1935/2000  reward=+0.0000 log2  ep_best=4.3043 log2 ('KTLKIIRLLF')  global_best=4.3043 log2  τ=0.26  β=0.013
Ep 1936/2000  reward=+0.0000 log2  ep_best=4.3043 log2 ('KTLKIIRLLF')  global_best=4.3043 log2  τ=0.26  β=0.013
Ep 1937/2000  reward=+0.0000 log2  ep_best=4.3043 log2 ('KTLKIIRLLF')  global_best=4.3043 log2  τ=0.26  β=0.013
Ep 1938/2000  reward=+0.0000 log2  ep_best=4.3043 log2 ('KTLKIIRLLF')  global_best=4.3043 log2  τ=0.26  β=0.013
Ep 1939/2000  reward=+0.0000 log2  ep_best=4.3043 log2 ('KTLKIIRLLF')  global_best=4.3043 log2  τ=0.25  β=0.013
Ep 1940/2000  reward=+0.0000 log2  ep_best=4.3043 log2 ('KTLKIIRLLF')  global_best=4.3043 log2  τ=0.25  β=0.013
Ep 1941/2000  reward=+0.0000 log2  ep_best=4.3043 log2 ('KTLKIIRLLF')  global_best=4.3043 log2  τ=0.25  β=0.013
Ep 1942/2000  reward=+0.0000 log2  ep_best=4.3043 log2 ('KTLKIIRLLF')  global_best=4.3043 log2  τ=0.25  β=0.013
Ep 1943/2000  reward=+0.0000 log2  ep_best=4.3043 log2 ('KTLKIIRLLF')  global_best=4.3043 log2  τ=0.25  β=0.013
Ep 1944/2000  reward=+0.0000 log2  ep_best=4.3043 log2 ('KTLKIIRLLF')  global_best=4.3043 log2  τ=0.25  β=0.013
Ep 1945/2000  reward=+0.0000 log2  ep_best=4.3043 log2 ('KTLKIIRLLF')  global_best=4.3043 log2  τ=0.25  β=0.012
Ep 1946/2000  reward=+0.0000 log2  ep_best=4.3043 log2 ('KTLKIIRLLF')  global_best=4.3043 log2  τ=0.25  β=0.012
Ep 1947/2000  reward=+0.0000 log2  ep_best=4.3043 log2 ('KTLKIIRLLF')  global_best=4.3043 log2  τ=0.25  β=0.012
Ep 1948/2000  reward=+0.0000 log2  ep_best=4.3043 log2 ('KTLKIIRLLF')  global_best=4.3043 log2  τ=0.25  β=0.012
Ep 1949/2000  reward=+0.0000 log2  ep_best=4.3043 log2 ('KTLKIIRLLF')  global_best=4.3043 log2  τ=0.25  β=0.012
Ep 1950/2000  reward=+0.0000 log2  ep_best=4.3043 log2 ('KTLKIIRLLF')  global_best=4.3043 log2  τ=0.25  β=0.012
Ep 1951/2000  reward=+0.0000 log2  ep_best=4.3043 log2 ('KTLKIIRLLF')  global_best=4.3043 log2  τ=0.24  β=0.012
Ep 1952/2000  reward=+0.0000 log2  ep_best=4.3043 log2 ('KTLKIIRLLF')  global_best=4.3043 log2  τ=0.24  β=0.012
Ep 1953/2000  reward=+0.0000 log2  ep_best=4.3043 log2 ('KTLKIIRLLF')  global_best=4.3043 log2  τ=0.24  β=0.012
Ep 1954/2000  reward=+0.0000 log2  ep_best=4.3043 log2 ('KTLKIIRLLF')  global_best=4.3043 log2  τ=0.24  β=0.012
Ep 1955/2000  reward=+0.0000 log2  ep_best=4.3043 log2 ('KTLKIIRLLF')  global_best=4.3043 log2  τ=0.24  β=0.012
Ep 1956/2000  reward=+0.0000 log2  ep_best=4.3043 log2 ('KTLKIIRLLF')  global_best=4.3043 log2  τ=0.24  β=0.012
Ep 1957/2000  reward=+0.0000 log2  ep_best=4.3043 log2 ('KTLKIIRLLF')  global_best=4.3043 log2  τ=0.24  β=0.012
Ep 1958/2000  reward=+0.0000 log2  ep_best=4.3043 log2 ('KTLKIIRLLF')  global_best=4.3043 log2  τ=0.24  β=0.012
Ep 1959/2000  reward=+0.0000 log2  ep_best=4.3043 log2 ('KTLKIIRLLF')  global_best=4.3043 log2  τ=0.24  β=0.012
Ep 1960/2000  reward=+0.0000 log2  ep_best=4.3043 log2 ('KTLKIIRLLF')  global_best=4.3043 log2  τ=0.24  β=0.012
Ep 1961/2000  reward=+0.0000 log2  ep_best=4.3043 log2 ('KTLKIIRLLF')  global_best=4.3043 log2  τ=0.24  β=0.012
Ep 1962/2000  reward=+0.0000 log2  ep_best=4.3043 log2 ('KTLKIIRLLF')  global_best=4.3043 log2  τ=0.23  β=0.012
Ep 1963/2000  reward=+0.0000 log2  ep_best=4.3043 log2 ('KTLKIIRLLF')  global_best=4.3043 log2  τ=0.23  β=0.012
Ep 1964/2000  reward=+0.0000 log2  ep_best=4.3043 log2 ('KTLKIIRLLF')  global_best=4.3043 log2  τ=0.23  β=0.012
Ep 1965/2000  reward=+0.0000 log2  ep_best=4.3043 log2 ('KTLKIIRLLF')  global_best=4.3043 log2  τ=0.23  β=0.012
Ep 1966/2000  reward=+0.0000 log2  ep_best=4.3043 log2 ('KTLKIIRLLF')  global_best=4.3043 log2  τ=0.23  β=0.012
Ep 1967/2000  reward=+0.0000 log2  ep_best=4.3043 log2 ('KTLKIIRLLF')  global_best=4.3043 log2  τ=0.23  β=0.011
Ep 1968/2000  reward=+0.0000 log2  ep_best=4.3043 log2 ('KTLKIIRLLF')  global_best=4.3043 log2  τ=0.23  β=0.011
Ep 1969/2000  reward=+0.0000 log2  ep_best=4.3043 log2 ('KTLKIIRLLF')  global_best=4.3043 log2  τ=0.23  β=0.011
Ep 1970/2000  reward=+0.0000 log2  ep_best=4.3043 log2 ('KTLKIIRLLF')  global_best=4.3043 log2  τ=0.23  β=0.011
Ep 1971/2000  reward=+0.0000 log2  ep_best=4.3043 log2 ('KTLKIIRLLF')  global_best=4.3043 log2  τ=0.23  β=0.011
Ep 1972/2000  reward=+0.0000 log2  ep_best=4.3043 log2 ('KTLKIIRLLF')  global_best=4.3043 log2  τ=0.23  β=0.011
Ep 1973/2000  reward=+0.0000 log2  ep_best=4.3043 log2 ('KTLKIIRLLF')  global_best=4.3043 log2  τ=0.22  β=0.011
Ep 1974/2000  reward=+0.0000 log2  ep_best=4.3043 log2 ('KTLKIIRLLF')  global_best=4.3043 log2  τ=0.22  β=0.011
Ep 1975/2000  reward=+0.0000 log2  ep_best=4.3043 log2 ('KTLKIIRLLF')  global_best=4.3043 log2  τ=0.22  β=0.011
Ep 1976/2000  reward=+0.0000 log2  ep_best=4.3043 log2 ('KTLKIIRLLF')  global_best=4.3043 log2  τ=0.22  β=0.011
Ep 1977/2000  reward=+0.0000 log2  ep_best=4.3043 log2 ('KTLKIIRLLF')  global_best=4.3043 log2  τ=0.22  β=0.011
Ep 1978/2000  reward=+0.0000 log2  ep_best=4.3043 log2 ('KTLKIIRLLF')  global_best=4.3043 log2  τ=0.22  β=0.011
Ep 1979/2000  reward=+0.0000 log2  ep_best=4.3043 log2 ('KTLKIIRLLF')  global_best=4.3043 log2  τ=0.22  β=0.011
Ep 1980/2000  reward=+0.0000 log2  ep_best=4.3043 log2 ('KTLKIIRLLF')  global_best=4.3043 log2  τ=0.22  β=0.011
Ep 1981/2000  reward=+0.0000 log2  ep_best=4.3043 log2 ('KTLKIIRLLF')  global_best=4.3043 log2  τ=0.22  β=0.011
Ep 1982/2000  reward=+0.0000 log2  ep_best=4.3043 log2 ('KTLKIIRLLF')  global_best=4.3043 log2  τ=0.22  β=0.011
Ep 1983/2000  reward=+0.0000 log2  ep_best=4.3043 log2 ('KTLKIIRLLF')  global_best=4.3043 log2  τ=0.22  β=0.011
Ep 1984/2000  reward=+0.0000 log2  ep_best=4.3043 log2 ('KTLKIIRLLF')  global_best=4.3043 log2  τ=0.21  β=0.011
Ep 1985/2000  reward=+0.0000 log2  ep_best=4.3043 log2 ('KTLKIIRLLF')  global_best=4.3043 log2  τ=0.21  β=0.011
Ep 1986/2000  reward=+0.0000 log2  ep_best=4.3043 log2 ('KTLKIIRLLF')  global_best=4.3043 log2  τ=0.21  β=0.011
Ep 1987/2000  reward=+0.0000 log2  ep_best=4.3043 log2 ('KTLKIIRLLF')  global_best=4.3043 log2  τ=0.21  β=0.011
Ep 1988/2000  reward=+0.0000 log2  ep_best=4.3043 log2 ('KTLKIIRLLF')  global_best=4.3043 log2  τ=0.21  β=0.011
Ep 1989/2000  reward=+0.0000 log2  ep_best=4.3043 log2 ('KTLKIIRLLF')  global_best=4.3043 log2  τ=0.21  β=0.010
Ep 1990/2000  reward=+0.0000 log2  ep_best=4.3043 log2 ('KTLKIIRLLF')  global_best=4.3043 log2  τ=0.21  β=0.010
Ep 1991/2000  reward=+0.0000 log2  ep_best=4.3043 log2 ('KTLKIIRLLF')  global_best=4.3043 log2  τ=0.21  β=0.010
Ep 1992/2000  reward=+0.0000 log2  ep_best=4.3043 log2 ('KTLKIIRLLF')  global_best=4.3043 log2  τ=0.21  β=0.010
Ep 1993/2000  reward=+0.0000 log2  ep_best=4.3043 log2 ('KTLKIIRLLF')  global_best=4.3043 log2  τ=0.21  β=0.010
Ep 1994/2000  reward=+0.0000 log2  ep_best=4.3043 log2 ('KTLKIIRLLF')  global_best=4.3043 log2  τ=0.21  β=0.010
Ep 1995/2000  reward=+0.0000 log2  ep_best=4.3043 log2 ('KTLKIIRLLF')  global_best=4.3043 log2  τ=0.20  β=0.010
Ep 1996/2000  reward=+0.0000 log2  ep_best=4.3043 log2 ('KTLKIIRLLF')  global_best=4.3043 log2  τ=0.20  β=0.010
Ep 1997/2000  reward=+0.0000 log2  ep_best=4.3043 log2 ('KTLKIIRLLF')  global_best=4.3043 log2  τ=0.20  β=0.010
Ep 1998/2000  reward=+0.0000 log2  ep_best=4.3043 log2 ('KTLKIIRLLF')  global_best=4.3043 log2  τ=0.20  β=0.010
Ep 1999/2000  reward=+0.0000 log2  ep_best=4.3043 log2 ('KTLKIIRLLF')  global_best=4.3043 log2  τ=0.20  β=0.010
Ep 2000/2000  reward=+0.0000 log2  ep_best=4.3043 log2 ('KTLKIIRLLF')  global_best=4.3043 log2  τ=0.20  β=0.010

Optimisation complete.
  Start : 'KTLKIIRLLF'  4.3043 log2 MIC  (19.8 µM)
  Best  : 'KTLKIIRLLF'  4.3043 log2 MIC  (19.8 µM)
  Improvement: +0.0000 log2 MIC  (1.0x fold)
  Log saved  : results/mammuthusin-3_a2c_1773335372_log.csv
  JSON saved : results/mammuthusin-3_a2c_1773335372_results.json
  Done: 'mammuthusin-3'
--- Finished peptide: mammuthusin-3 at Thu Mar 12 06:10:42 PM CET 2026 ---
==========================================
ALL DONE: Thu Mar 12 06:10:42 PM CET 2026
==========================================
